project_code,project_name,snapshot_date,original_cost_cr,cumulative_expenditure_cr,physical_progress_pct,planned_duration_months,elapsed_months,months_to_original_target,expenditure_pct_of_original_cost,project_category,progress_velocity,expenditure_velocity,expenditure_progress_gap,schedule_slippage_months,schedule_pressure_ratio,budget_consumption_ratio,target_cost_overrun_pct,target_schedule_overrun_months
606781,Transmission System for Strengthening of Srinagar-Leh Tr. System,2025-07-01,288.71,202.1,59.0,33,40,-7,70.00103910498424,Transmission_System,0.0,0.0,11.001039104984244,7,1.2121212121212122,0.7000103910498424,0.0,9.0
606781,Transmission System for Strengthening of Srinagar-Leh Tr. System,2025-08-01,288.71,207.8,75.0,33,41,-8,71.97533857504071,Transmission_System,16.0,1.9742994700564651,-3.024661424959291,8,1.2424242424242424,0.719753385750407,0.0,10.0
606781,Transmission System for Strengthening of Srinagar-Leh Tr. System,2025-09-01,288.71,242.52,91.0,33,42,-9,84.00124692598109,Transmission_System,16.0,12.025908350940384,-6.998753074018907,9,1.2727272727272727,0.8400124692598109,0.0,10.0
606781,Transmission System for Strengthening of Srinagar-Leh Tr. System,2025-10-01,288.71,280.02,99.0,33,43,-10,96.99005922898412,Transmission_System,8.0,12.98881230300303,-2.009940771015877,10,1.303030303030303,0.9699005922898412,0.0,11.0
607709,NORTH EASTERN REGION POWER SYSTEM IMPROVEMENT PROJECT [NERPSIP],2025-07-01,5111.33,5253.47,96.0,33,112,-79,102.78088090575253,Other_Power_Transmission,0.0,0.0,6.780880905752525,79,3.393939393939394,1.0278088090575253,31.08134282075311,81.0
607709,NORTH EASTERN REGION POWER SYSTEM IMPROVEMENT PROJECT [NERPSIP],2025-08-01,5111.33,5277.24,96.0,33,113,-80,103.24592620707332,Other_Power_Transmission,0.0,0.4650453013207993,7.245926207073325,80,3.4242424242424243,1.0324592620707334,31.08134282075311,84.0
607709,NORTH EASTERN REGION POWER SYSTEM IMPROVEMENT PROJECT [NERPSIP],2025-09-01,5111.33,5295.68,96.0,33,114,-81,103.60669336552326,Other_Power_Transmission,0.0,0.3607671584499314,7.606693365523256,81,3.4545454545454546,1.0360669336552326,31.08134282075311,84.0
607709,NORTH EASTERN REGION POWER SYSTEM IMPROVEMENT PROJECT [NERPSIP],2025-10-01,5111.33,5317.79,96.0,33,115,-82,104.03926179683174,Other_Power_Transmission,0.0,0.4325684313084821,8.039261796831738,82,3.484848484848485,1.0403926179683174,31.08134282075311,87.0
607709,NORTH EASTERN REGION POWER SYSTEM IMPROVEMENT PROJECT [NERPSIP],2025-11-01,5111.33,5410.25,96.0,33,116,-83,105.84818432775812,Other_Power_Transmission,0.0,1.808922530926381,9.84818432775812,83,3.515151515151515,1.058481843277581,31.08134282075311,87.0
607709,NORTH EASTERN REGION POWER SYSTEM IMPROVEMENT PROJECT [NERPSIP],2025-12-01,5111.33,5442.41,96.0,33,117,-84,106.47737477329775,Other_Power_Transmission,0.0,0.6291904455396349,10.477374773297754,84,3.5454545454545454,1.0647737477329775,31.08134282075311,87.0
607709,NORTH EASTERN REGION POWER SYSTEM IMPROVEMENT PROJECT [NERPSIP],2026-01-01,5111.33,5474.57,96.0,33,118,-85,107.10656521883736,Other_Power_Transmission,0.0,0.6291904455396065,11.10656521883736,85,3.5757575757575757,1.0710656521883737,31.08134282075311,87.0
607709,NORTH EASTERN REGION POWER SYSTEM IMPROVEMENT PROJECT [NERPSIP],2026-02-01,5111.33,5506.73,96.0,33,119,-86,107.73575566437697,Other_Power_Transmission,0.0,0.6291904455396065,11.735755664376969,86,3.606060606060606,1.0773575566437696,31.08134282075311,87.0
608302,Transmission system for evacuation of Power from Pakaldul HEP in Chenab Valley HEPs - LTA System,2025-07-01,318.12,286.31,99.0,38,41,-3,90.00062869357475,Transmission_System,0.0,0.0,-8.999371306425246,3,1.0789473684210529,0.9000062869357476,0.0,4.0
608302,Transmission system for evacuation of Power from Pakaldul HEP in Chenab Valley HEPs - LTA System,2025-08-01,318.12,287.31,99.0,38,42,-4,90.3149754809506,Transmission_System,0.0,0.3143467873758396,-8.685024519049406,4,1.105263157894737,0.903149754809506,0.0,5.0
608302,Transmission system for evacuation of Power from Pakaldul HEP in Chenab Valley HEPs - LTA System,2025-09-01,318.12,308.58,99.0,38,43,-5,97.00113164843457,Transmission_System,0.0,6.686156167483972,-1.9988683515654344,5,1.131578947368421,0.9700113164843456,0.0,5.0
608302,Transmission system for evacuation of Power from Pakaldul HEP in Chenab Valley HEPs - LTA System,2025-10-01,318.12,317.12,100.0,38,44,-6,99.68565321262416,Transmission_System,1.0,2.6845215641895948,-0.3143467873758396,6,1.1578947368421053,0.9968565321262416,0.0,7.0
611656,Transmission scheme for evacuation of 4.5GW RE injection at Khavda PS under Phase II- Part B,2025-07-01,1167.55,1013.39,91.0,24,28,-4,86.7962828144405,Transmission_System,0.0,0.0,-4.203717185559498,4,1.1666666666666667,0.8679628281444051,-0.04710719027022,7.0
611656,Transmission scheme for evacuation of 4.5GW RE injection at Khavda PS under Phase II- Part B,2025-08-01,1167.55,1050.41,93.0,24,29,-5,89.96702496681085,Transmission_System,2.0,3.1707421523703516,-3.032975033189146,5,1.2083333333333333,0.8996702496681085,-0.04710719027022,7.0
611656,Transmission scheme for evacuation of 4.5GW RE injection at Khavda PS under Phase II- Part B,2025-09-01,1167.55,1105.5,94.0,24,30,-6,94.68545244315018,Transmission_System,1.0,4.718427476339329,0.6854524431501829,6,1.25,0.946854524431502,-0.04710719027022,7.0
611656,Transmission scheme for evacuation of 4.5GW RE injection at Khavda PS under Phase II- Part B,2025-10-01,1167.55,1147.74,97.0,24,31,-7,98.30328465590338,Transmission_System,3.0,3.6178322127532,1.3032846559033828,7,1.2916666666666667,0.9830328465590338,-0.04710719027022,8.0
611657,Transmission scheme for evacuation of 4.5GW RE injection at Khavda PS under Phase II- Part C,2025-07-01,2820.99,2454.26,84.0,24,28,-4,86.99995391688735,Transmission_System,0.0,0.0,2.9999539168873497,4,1.1666666666666667,0.8699995391688735,0.0,8.0
611657,Transmission scheme for evacuation of 4.5GW RE injection at Khavda PS under Phase II- Part C,2025-08-01,2820.99,2570.25,84.0,24,29,-5,91.11163102315145,Transmission_System,0.0,4.111677106264096,7.111631023151446,5,1.2083333333333333,0.9111163102315144,0.0,8.0
611657,Transmission scheme for evacuation of 4.5GW RE injection at Khavda PS under Phase II- Part C,2025-09-01,2820.99,2639.03,90.0,24,30,-6,93.54978216867129,Transmission_System,6.0,2.4381511455198392,3.549782168671286,6,1.25,0.9354978216867128,0.0,8.0
611657,Transmission scheme for evacuation of 4.5GW RE injection at Khavda PS under Phase II- Part C,2025-10-01,2820.99,2736.36,93.0,24,31,-7,96.99998936543554,Transmission_System,3.0,3.4502071967642536,3.999989365435539,7,1.2916666666666667,0.9699998936543552,0.0,9.0
611657,Transmission scheme for evacuation of 4.5GW RE injection at Khavda PS under Phase II- Part C,2025-11-01,2820.99,2783.19,95.0,24,32,-8,98.66004487786203,Transmission_System,2.0,1.6600555124264955,3.6600448778620343,8,1.3333333333333333,0.9866004487786204,0.0,9.0
611657,Transmission scheme for evacuation of 4.5GW RE injection at Khavda PS under Phase II- Part C,2025-12-01,2820.99,2783.19,98.0,24,33,-9,98.66004487786203,Transmission_System,3.0,0.0,0.6600448778620347,9,1.375,0.9866004487786204,0.0,10.0
611659,Transmission system strengthening scheme for evacuation of power from solar energy zones in Rajasthan[8.1 GW] under phase-II- Part E,2025-07-01,1433.28,1341.7,93.0,18,28,-10,93.6104599240902,Transmission_System,0.0,0.0,0.6104599240901933,10,1.5555555555555556,0.936104599240902,-0.0195356106273702,13.0
611659,Transmission system strengthening scheme for evacuation of power from solar energy zones in Rajasthan[8.1 GW] under phase-II- Part E,2025-08-01,1433.28,1359.63,95.0,18,29,-11,94.86143670462158,Transmission_System,2.0,1.2509767805313885,-0.1385632953784181,11,1.6111111111111112,0.9486143670462158,-0.0195356106273702,13.0
611659,Transmission system strengthening scheme for evacuation of power from solar energy zones in Rajasthan[8.1 GW] under phase-II- Part E,2025-09-01,1433.28,1390.01,97.0,18,30,-12,96.98105045769144,Transmission_System,2.0,2.1196137530698564,-0.0189495423085617,12,1.6666666666666667,0.9698105045769144,-0.0195356106273702,13.0
611659,Transmission system strengthening scheme for evacuation of power from solar energy zones in Rajasthan[8.1 GW] under phase-II- Part E,2025-10-01,1433.28,1418.67,98.0,18,31,-13,98.9806597454789,Transmission_System,1.0,1.9996092877874645,0.9806597454789028,13,1.7222222222222223,0.989806597454789,-0.0195356106273702,14.0
611659,Transmission system strengthening scheme for evacuation of power from solar energy zones in Rajasthan[8.1 GW] under phase-II- Part E,2025-11-01,1433.28,1418.67,98.0,18,32,-14,98.9806597454789,Transmission_System,0.0,0.0,0.9806597454789028,14,1.7777777777777777,0.989806597454789,-0.0195356106273702,15.0
611660,Establishment of Khavda Pooling Station-2 KPS2 in Khavda RE Park KPS2 TRANSMISSION SYSTEM LIMITED,2025-07-01,966.79,894.76,95.0,21,28,-7,92.54957126159766,Substation_Grid_Equipment,0.0,0.0,-2.450428738402337,7,1.3333333333333333,0.9254957126159766,0.0,8.0
611660,Establishment of Khavda Pooling Station-2 KPS2 in Khavda RE Park KPS2 TRANSMISSION SYSTEM LIMITED,2025-08-01,966.79,904.52,95.0,21,29,-8,93.55909763237104,Substation_Grid_Equipment,0.0,1.0095263707733722,-1.440902367628965,8,1.380952380952381,0.9355909763237104,0.0,10.0
611660,Establishment of Khavda Pooling Station-2 KPS2 in Khavda RE Park KPS2 TRANSMISSION SYSTEM LIMITED,2025-09-01,966.79,911.97,96.0,21,30,-9,94.32968897071754,Substation_Grid_Equipment,1.0,0.770591338346506,-1.670311029282459,9,1.4285714285714286,0.9432968897071754,0.0,10.0
611660,Establishment of Khavda Pooling Station-2 KPS2 in Khavda RE Park KPS2 TRANSMISSION SYSTEM LIMITED,2025-10-01,966.79,936.24,97.0,21,31,-10,96.84005833738456,Substation_Grid_Equipment,1.0,2.510369366667021,-0.1599416626154379,10,1.4761904761904765,0.9684005833738456,0.0,11.0
611947,Transmission System for Evacuation of Power from REZ in Rajasthan 20GW under Phase III- Part E2,2025-07-01,428.3,107.07,46.0,19,20,-1,24.998832593976186,Transmission_System,0.0,0.0,-21.001167406023814,1,1.0526315789473684,0.2499883259397618,0.0,3.0
611947,Transmission System for Evacuation of Power from REZ in Rajasthan 20GW under Phase III- Part E2,2025-08-01,428.3,179.89,51.0,19,21,-2,42.00093392481905,Transmission_System,5.0,17.002101330842866,-8.999066075180949,2,1.105263157894737,0.4200093392481905,0.0,6.0
611947,Transmission System for Evacuation of Power from REZ in Rajasthan 20GW under Phase III- Part E2,2025-09-01,428.3,205.58,54.0,19,22,-3,47.99906607518095,Transmission_System,3.0,5.998132150361897,-6.000933924819051,3,1.1578947368421053,0.4799906607518094,0.0,6.0
611947,Transmission System for Evacuation of Power from REZ in Rajasthan 20GW under Phase III- Part E2,2025-10-01,428.3,291.24,73.0,19,23,-4,67.99906607518095,Transmission_System,19.0,20.0,-5.000933924819051,4,1.2105263157894737,0.6799906607518095,0.0,9.0
611947,Transmission System for Evacuation of Power from REZ in Rajasthan 20GW under Phase III- Part E2,2025-11-01,428.3,308.38,80.0,19,24,-5,72.00093392481904,Transmission_System,7.0,4.001867849638089,-7.999066075180963,5,1.263157894736842,0.7200093392481903,0.0,9.0
611947,Transmission System for Evacuation of Power from REZ in Rajasthan 20GW under Phase III- Part E2,2025-12-01,428.3,334.08,82.0,19,25,-6,78.00140088722857,Transmission_System,2.0,6.000466962409533,-3.99859911277143,6,1.3157894736842106,0.7800140088722857,0.0,9.0
611947,Transmission System for Evacuation of Power from REZ in Rajasthan 20GW under Phase III- Part E2,2026-01-01,428.3,351.21,84.0,19,26,-7,82.00093392481904,Transmission_System,2.0,3.999533037590467,-1.9990660751809628,7,1.368421052631579,0.8200093392481904,0.0,9.0
611947,Transmission System for Evacuation of Power from REZ in Rajasthan 20GW under Phase III- Part E2,2026-02-01,428.3,372.62,89.0,19,27,-8,86.99976651879524,Transmission_System,5.0,4.9988325939762035,-2.0002334812047593,8,1.4210526315789471,0.8699976651879524,0.0,9.0
611947,Transmission System for Evacuation of Power from REZ in Rajasthan 20GW under Phase III- Part E2,2026-03-01,428.3,406.88,97.4,19,28,-9,94.99883259397618,Transmission_System,8.400000000000006,7.999066075180934,-2.4011674060238306,9,1.4736842105263157,0.9499883259397618,0.0,12.0
611947,Transmission System for Evacuation of Power from REZ in Rajasthan 20GW under Phase III- Part E2,2026-04-01,428.3,415.45,98.4,19,29,-10,96.99976651879524,Transmission_System,1.0,2.0009339248190656,-1.400233481204765,10,1.5263157894736843,0.9699976651879524,0.0,12.0
611949,Transmission system for evacuation of power from REZ in Rajasthan 20 GW under Phase-III part C1,2025-07-01,1796.02,1201.17,79.0,18,21,-3,66.87954477121636,Transmission_System,0.0,0.0,-12.12045522878364,3,1.1666666666666667,0.6687954477121636,0.0,6.0
611949,Transmission system for evacuation of power from REZ in Rajasthan 20 GW under Phase-III part C1,2025-08-01,1796.02,1247.87,83.0,18,22,-4,69.47973853297847,Transmission_System,4.0,2.600193761762114,-13.520261467021529,4,1.2222222222222223,0.6947973853297847,0.0,6.0
611949,Transmission system for evacuation of power from REZ in Rajasthan 20 GW under Phase-III part C1,2025-09-01,1796.02,1347.01,85.0,18,23,-5,74.99972160666363,Transmission_System,2.0,5.519983073685154,-10.000278393336371,5,1.2777777777777777,0.7499972160666363,0.0,11.0
611949,Transmission system for evacuation of power from REZ in Rajasthan 20 GW under Phase-III part C1,2025-10-01,1796.02,1436.81,89.0,18,24,-6,79.99966592799635,Transmission_System,4.0,4.99994432133272,-9.000334072003653,6,1.3333333333333333,0.7999966592799634,0.0,11.0
611949,Transmission system for evacuation of power from REZ in Rajasthan 20 GW under Phase-III part C1,2025-11-01,1796.02,1580.49,92.0,18,25,-7,87.99957684212872,Transmission_System,3.0,7.999910914132371,-4.000423157871282,7,1.3888888888888888,0.8799957684212871,0.0,11.0
611949,Transmission system for evacuation of power from REZ in Rajasthan 20 GW under Phase-III part C1,2025-12-01,1796.02,1621.79,94.0,18,26,-8,90.29910580060356,Transmission_System,2.0,2.2995289584748377,-3.700894199396444,8,1.4444444444444444,0.9029910580060356,0.0,11.0
611949,Transmission system for evacuation of power from REZ in Rajasthan 20 GW under Phase-III part C1,2026-02-01,1796.02,1688.25,96.0,18,28,-10,93.99951002772798,Transmission_System,1.0,1.8502021135622115,-2.000489972272021,10,1.5555555555555556,0.9399951002772798,0.0,13.0
611949,Transmission system for evacuation of power from REZ in Rajasthan 20 GW under Phase-III part C1,2026-03-01,1796.02,1724.17,98.47,18,29,-11,95.99948775626108,Transmission_System,2.469999999999999,1.9999777285330964,-2.4705122437389235,11,1.6111111111111112,0.9599948775626108,0.0,13.0
611950,Transmission system for evacuation of power from REZ in Rajasthan 20 GW under Phase-III part B1,2025-07-01,2190.54,1740.6,77.0,19,22,-3,79.45985921279684,Transmission_System,0.0,0.0,2.459859212796843,3,1.1578947368421053,0.7945985921279685,0.0,8.0
611950,Transmission system for evacuation of power from REZ in Rajasthan 20 GW under Phase-III part B1,2025-08-01,2190.54,1870.72,83.0,19,23,-4,85.39994704502087,Transmission_System,6.0,5.940087832224023,2.399947045020866,4,1.2105263157894737,0.8539994704502086,0.0,8.0
611950,Transmission system for evacuation of power from REZ in Rajasthan 20 GW under Phase-III part B1,2025-09-01,2190.54,1905.77,89.0,19,24,-5,87.00000913016882,Transmission_System,6.0,1.600062085147954,-1.99999086983118,5,1.263157894736842,0.8700000913016882,0.0,8.0
611950,Transmission system for evacuation of power from REZ in Rajasthan 20 GW under Phase-III part B1,2025-10-01,2190.54,1949.58,91.0,19,25,-6,88.99997260949355,Transmission_System,2.0,1.9999634793247336,-2.000027390506446,6,1.3157894736842106,0.8899997260949355,0.0,8.0
611950,Transmission system for evacuation of power from REZ in Rajasthan 20 GW under Phase-III part B1,2025-11-01,2190.54,2000.84,96.0,19,26,-7,91.34003487724488,Transmission_System,5.0,2.340062267751321,-4.659965122755125,7,1.368421052631579,0.9134003487724488,0.0,8.0
611950,Transmission system for evacuation of power from REZ in Rajasthan 20 GW under Phase-III part B1,2025-12-01,2190.54,2079.44,98.0,19,27,-8,94.9281912222557,Transmission_System,2.0,3.5881563450108303,-3.0718087777442946,8,1.4210526315789471,0.9492819122225572,0.0,9.0
611950,Transmission system for evacuation of power from REZ in Rajasthan 20 GW under Phase-III part B1,2026-01-01,2190.54,2139.44,99.0,19,28,-9,97.66724186730214,Transmission_System,1.0,2.739050645046433,-1.3327581326978617,9,1.4736842105263157,0.9766724186730212,0.0,10.0
611966,Transmission System for Evacuation of power from Potential RE Zone in Khavda Area of Gujarat under phase IV 7GW-Part E4,2025-07-01,224.41,22.44,9.0,20,20,0,9.9995543870594,Transmission_System,0.0,0.0,0.9995543870593996,0,1.0,0.0999955438705939,0.0,4.0
611966,Transmission System for Evacuation of power from Potential RE Zone in Khavda Area of Gujarat under phase IV 7GW-Part E4,2025-08-01,224.41,24.64,10.0,20,21,-1,10.97990285637895,Transmission_System,1.0,0.9803484693195496,0.9799028563789492,1,1.05,0.1097990285637895,0.0,5.0
611966,Transmission System for Evacuation of power from Potential RE Zone in Khavda Area of Gujarat under phase IV 7GW-Part E4,2025-09-01,224.41,25.8,12.0,20,22,-2,11.496813867474712,Transmission_System,2.0,0.5169110110957629,-0.503186132525288,2,1.1,0.1149681386747471,0.0,5.0
611966,Transmission System for Evacuation of power from Potential RE Zone in Khavda Area of Gujarat under phase IV 7GW-Part E4,2025-10-01,224.41,33.66,18.0,20,23,-3,14.999331580589098,Transmission_System,6.0,3.5025177131143863,-3.0006684194109017,3,1.15,0.1499933158058909,0.0,8.0
611966,Transmission System for Evacuation of power from Potential RE Zone in Khavda Area of Gujarat under phase IV 7GW-Part E4,2025-11-01,224.41,89.66,44.0,20,24,-4,39.95365625417762,Transmission_System,26.0,24.954324673588523,-4.0463437458223765,4,1.2,0.3995365625417762,0.0,8.0
611966,Transmission System for Evacuation of power from Potential RE Zone in Khavda Area of Gujarat under phase IV 7GW-Part E4,2025-12-01,224.41,109.96,49.0,20,25,-5,48.99959894835346,Transmission_System,5.0,9.045942694175835,-0.0004010516465413,5,1.25,0.4899959894835345,0.0,8.0
611966,Transmission System for Evacuation of power from Potential RE Zone in Khavda Area of Gujarat under phase IV 7GW-Part E4,2026-01-01,224.41,121.18,63.0,20,26,-6,53.99937614188316,Transmission_System,14.0,4.999777193529702,-9.000623858116839,6,1.3,0.5399937614188316,0.0,8.0
611966,Transmission System for Evacuation of power from Potential RE Zone in Khavda Area of Gujarat under phase IV 7GW-Part E4,2026-02-01,224.41,161.57,74.0,20,27,-7,71.99768281270887,Transmission_System,11.0,17.998306670825713,-2.0023171872911263,7,1.35,0.7199768281270887,0.0,8.0
611966,Transmission System for Evacuation of power from Potential RE Zone in Khavda Area of Gujarat under phase IV 7GW-Part E4,2026-03-01,224.41,197.47,90.8,20,28,-8,87.99518738024152,Transmission_System,16.799999999999997,15.997504567532644,-2.8048126197584793,8,1.4,0.8799518738024151,0.0,9.0
611966,Transmission System for Evacuation of power from Potential RE Zone in Khavda Area of Gujarat under phase IV 7GW-Part E4,2026-04-01,224.41,206.45,94.8,20,29,-9,91.99679158682768,Transmission_System,4.0,4.0016042065861654,-2.803208413172314,9,1.45,0.9199679158682768,0.0,9.0
611966,Transmission System for Evacuation of power from Potential RE Zone in Khavda Area of Gujarat under phase IV 7GW-Part E4,2026-05-01,224.41,215.43,99.6,20,30,-10,95.99839579341383,Transmission_System,4.799999999999997,4.001604206586151,-3.60160420658616,10,1.5,0.9599839579341384,0.0,10.0
611966,Transmission System for Evacuation of power from Potential RE Zone in Khavda Area of Gujarat under phase IV 7GW-Part E4,2026-06-01,224.41,224.41,100.0,20,31,-11,100.0,Transmission_System,0.4000000000000057,4.0016042065861654,0.0,11,1.55,1.0,0.0,10.0
611967,Transmission Scheme for Solar Energy Zone in Ananthpuram 2500MW and Kurnool 1000MW,2025-07-01,1248.69,820.26,78.0,24,22,2,65.68964274559738,Transmission_System,0.0,0.0,-12.310357254402618,0,0.9166666666666666,0.6568964274559739,0.0,7.0
611967,Transmission Scheme for Solar Energy Zone in Ananthpuram 2500MW and Kurnool 1000MW,2025-08-01,1248.69,860.97,82.0,24,23,1,68.94985945270643,Transmission_System,4.0,3.260216707109052,-13.050140547293566,0,0.9583333333333334,0.6894985945270643,0.0,7.0
611967,Transmission Scheme for Solar Energy Zone in Ananthpuram 2500MW and Kurnool 1000MW,2025-09-01,1248.69,924.03,84.0,24,24,0,73.99995194964322,Transmission_System,2.0,5.050092496936784,-10.00004805035678,0,1.0,0.7399995194964322,0.0,6.0
611967,Transmission Scheme for Solar Energy Zone in Ananthpuram 2500MW and Kurnool 1000MW,2025-10-01,1248.69,998.95,87.0,24,25,-1,79.99983983214408,Transmission_System,3.0,5.9998878825008575,-7.000160167855924,1,1.0416666666666667,0.7999983983214407,0.0,6.0
611967,Transmission Scheme for Solar Energy Zone in Ananthpuram 2500MW and Kurnool 1000MW,2025-11-01,1248.69,1023.92,90.0,24,26,-2,81.99953551321785,Transmission_System,3.0,1.9996956810737745,-8.00046448678215,2,1.0833333333333333,0.8199953551321785,0.0,6.0
611967,Transmission Scheme for Solar Energy Zone in Ananthpuram 2500MW and Kurnool 1000MW,2025-12-01,1248.69,1077.61,91.0,24,27,-3,86.29924160520224,Transmission_System,1.0,4.29970609198439,-4.700758394797759,3,1.125,0.8629924160520224,0.0,6.0
611967,Transmission Scheme for Solar Energy Zone in Ananthpuram 2500MW and Kurnool 1000MW,2026-01-01,1248.69,1102.46,93.0,24,28,-4,88.28932721492123,Transmission_System,2.0,1.9900856097189887,-4.710672785078771,4,1.1666666666666667,0.8828932721492123,0.0,6.0
611967,Transmission Scheme for Solar Energy Zone in Ananthpuram 2500MW and Kurnool 1000MW,2026-02-01,1248.69,1173.76,96.0,24,29,-5,93.99931127821957,Transmission_System,3.0,5.709984063298336,-2.0006887217804348,5,1.2083333333333333,0.9399931127821956,0.0,6.0
611967,Transmission Scheme for Solar Energy Zone in Ananthpuram 2500MW and Kurnool 1000MW,2026-03-01,1248.69,1198.74,97.52,24,30,-6,95.9998077985729,Transmission_System,1.519999999999996,2.000496520353338,-1.5201922014270934,6,1.25,0.959998077985729,0.0,7.0
612138,"Transmission Scheme for Solar Energy Zone in Bidar [2500 MW], Karnataka [Bidar Transmission Ltd]",2025-09-01,2147.62,1310.04,64.0,24,19,5,60.9996181819875,Transmission_System,0.0,0.0,-3.0003818180124995,0,0.7916666666666666,0.609996181819875,0.0,4.0
612138,"Transmission Scheme for Solar Energy Zone in Bidar [2500 MW], Karnataka [Bidar Transmission Ltd]",2025-10-01,2147.62,1438.9,67.0,24,20,4,66.99974855886983,Transmission_System,3.0,6.000130376882325,-0.0002514411301746,0,0.8333333333333334,0.6699974855886982,0.0,4.0
612138,"Transmission Scheme for Solar Energy Zone in Bidar [2500 MW], Karnataka [Bidar Transmission Ltd]",2025-11-01,2147.62,1505.69,71.0,24,21,3,70.10970283383467,Transmission_System,4.0,3.109954274964849,-0.8902971661653254,0,0.875,0.7010970283383468,0.0,4.0
612138,"Transmission Scheme for Solar Energy Zone in Bidar [2500 MW], Karnataka [Bidar Transmission Ltd]",2025-12-01,2147.62,1685.45,79.0,24,22,2,78.47989867853717,Transmission_System,8.0,8.370195844702494,-0.5201013214628318,0,0.9166666666666666,0.7847989867853716,0.0,4.0
612138,"Transmission Scheme for Solar Energy Zone in Bidar [2500 MW], Karnataka [Bidar Transmission Ltd]",2026-01-01,2147.62,1769.42,82.0,24,23,1,82.38980825285665,Transmission_System,3.0,3.909909574319485,0.3898082528566533,0,0.9583333333333334,0.8238980825285666,0.0,4.0
612138,"Transmission Scheme for Solar Energy Zone in Bidar [2500 MW], Karnataka [Bidar Transmission Ltd]",2026-03-01,2147.62,1825.47,87.32,24,25,-1,84.99967405779422,Transmission_System,2.6599999999999966,1.304932902468785,-2.32032594220577,1,1.0416666666666667,0.8499967405779423,0.0,4.0
612139,Transmission system for Evacuation of Additional 7 GW RE power from Khavda RE park under Phase-III Part B [Vataman Transmission Limited],2025-07-01,3751.82,1500.72,21.0,24,19,5,39.999786770154216,Transmission_System,0.0,0.0,18.999786770154216,0,0.7916666666666666,0.3999978677015421,0.0,6.0
612139,Transmission system for Evacuation of Additional 7 GW RE power from Khavda RE park under Phase-III Part B [Vataman Transmission Limited],2025-08-01,3751.82,1575.72,22.0,24,20,4,41.998816574355914,Transmission_System,1.0,1.9990298042016976,19.998816574355914,0,0.8333333333333334,0.4199881657435591,0.0,6.0
612139,Transmission system for Evacuation of Additional 7 GW RE power from Khavda RE park under Phase-III Part B [Vataman Transmission Limited],2025-09-01,3751.82,1688.32,25.0,24,21,3,45.00002665373072,Transmission_System,3.0,3.0012100793748075,20.00002665373072,0,0.875,0.4500002665373072,0.0,12.0
612139,Transmission system for Evacuation of Additional 7 GW RE power from Khavda RE park under Phase-III Part B [Vataman Transmission Limited],2025-10-01,3751.82,1688.32,28.0,24,22,2,45.00002665373072,Transmission_System,3.0,0.0,17.00002665373072,0,0.9166666666666666,0.4500002665373072,0.0,12.0
612139,Transmission system for Evacuation of Additional 7 GW RE power from Khavda RE park under Phase-III Part B [Vataman Transmission Limited],2025-11-01,3751.82,2025.98,32.0,24,23,1,53.99992536955397,Transmission_System,4.0,8.99989871582325,21.99992536955397,0,0.9583333333333334,0.5399992536955397,0.0,12.0
612139,Transmission system for Evacuation of Additional 7 GW RE power from Khavda RE park under Phase-III Part B [Vataman Transmission Limited],2025-12-01,3751.82,2101.02,38.0,24,24,0,56.00002132298457,Transmission_System,6.0,2.000095953430602,18.000021322984573,0,1.0,0.5600002132298457,0.0,12.0
612139,Transmission system for Evacuation of Additional 7 GW RE power from Khavda RE park under Phase-III Part B [Vataman Transmission Limited],2026-01-01,3751.82,2138.53,42.0,24,25,-1,56.99980276239266,Transmission_System,4.0,0.9997814394080892,14.999802762392662,1,1.0416666666666667,0.5699980276239266,0.0,12.0
612139,Transmission system for Evacuation of Additional 7 GW RE power from Khavda RE park under Phase-III Part B [Vataman Transmission Limited],2026-02-01,3751.82,2176.05,50.0,24,26,-2,57.99985073910795,Transmission_System,8.0,1.0000479767152868,7.9998507391079485,2,1.0833333333333333,0.5799985073910795,0.0,12.0
612139,Transmission system for Evacuation of Additional 7 GW RE power from Khavda RE park under Phase-III Part B [Vataman Transmission Limited],2026-03-01,3751.82,2194.81,55.23,24,27,-3,58.499874727465595,Transmission_System,5.229999999999997,0.5000239883576469,3.2698747274655986,3,1.125,0.584998747274656,0.0,12.0
612140,Transmission Scheme for Integration of Renewable Energy Zone [Phase II] in Koppal II [Phase A&B] and gadag II[Phase A] in Karnataka [POWERGRID KOPPAL GADAG TRANSMISSION LIMITED],2025-08-01,2889.39,1332.21,46.0,24,20,4,46.10696375359505,Transmission_System,0.0,0.0,0.1069637535950533,0,0.8333333333333334,0.4610696375359505,0.0,3.0
612140,Transmission Scheme for Integration of Renewable Energy Zone [Phase II] in Koppal II [Phase A&B] and gadag II[Phase A] in Karnataka [POWERGRID KOPPAL GADAG TRANSMISSION LIMITED],2025-09-01,2889.39,1462.89,50.0,24,21,3,50.6297176912774,Transmission_System,4.0,4.522753937682346,0.6297176912773992,0,0.875,0.506297176912774,0.0,3.0
612140,Transmission Scheme for Integration of Renewable Energy Zone [Phase II] in Koppal II [Phase A&B] and gadag II[Phase A] in Karnataka [POWERGRID KOPPAL GADAG TRANSMISSION LIMITED],2025-10-01,2889.39,1533.89,54.0,24,22,2,53.08698375781739,Transmission_System,4.0,2.4572660665399937,-0.9130162421826072,0,0.9166666666666666,0.530869837578174,0.0,6.0
612140,Transmission Scheme for Integration of Renewable Energy Zone [Phase II] in Koppal II [Phase A&B] and gadag II[Phase A] in Karnataka [POWERGRID KOPPAL GADAG TRANSMISSION LIMITED],2025-11-01,2889.39,1733.63,61.0,24,23,1,59.99986156247513,Transmission_System,7.0,6.9128778046577395,-1.0001384375248676,0,0.9583333333333334,0.5999986156247513,0.0,6.0
612140,Transmission Scheme for Integration of Renewable Energy Zone [Phase II] in Koppal II [Phase A&B] and gadag II[Phase A] in Karnataka [POWERGRID KOPPAL GADAG TRANSMISSION LIMITED],2025-12-01,2889.39,1841.69,68.0,24,24,0,63.73975129698657,Transmission_System,7.0,3.739889734511437,-4.260248703013431,0,1.0,0.6373975129698657,0.0,6.0
612140,Transmission Scheme for Integration of Renewable Energy Zone [Phase II] in Koppal II [Phase A&B] and gadag II[Phase A] in Karnataka [POWERGRID KOPPAL GADAG TRANSMISSION LIMITED],2026-01-01,2889.39,2033.26,72.0,24,25,-1,70.36987045708611,Transmission_System,4.0,6.6301191600995395,-1.6301295429138918,1,1.0416666666666667,0.703698704570861,0.0,6.0
612140,Transmission Scheme for Integration of Renewable Energy Zone [Phase II] in Koppal II [Phase A&B] and gadag II[Phase A] in Karnataka [POWERGRID KOPPAL GADAG TRANSMISSION LIMITED],2026-02-01,2889.39,2080.36,76.0,24,26,-2,71.99997231249503,Transmission_System,4.0,1.630101855408924,-4.000027687504968,2,1.0833333333333333,0.7199997231249503,0.0,6.0
612140,Transmission Scheme for Integration of Renewable Energy Zone [Phase II] in Koppal II [Phase A&B] and gadag II[Phase A] in Karnataka [POWERGRID KOPPAL GADAG TRANSMISSION LIMITED],2026-03-01,2889.39,2224.83,80.41,24,27,-3,76.99998961718563,Transmission_System,4.409999999999997,5.000017304690601,-3.410010382814363,3,1.125,0.7699998961718564,0.0,9.0
617179,Transmission Scheme for evacuation of Power from Ratle HEP [850 MW] & kiru [624 MW] Part B,2025-09-01,218.6,1.01,0.0,24,14,10,0.4620311070448308,Transmission_System,0.0,0.0,0.4620311070448308,0,0.5833333333333334,0.0046203110704483,0.0,8.0
617179,Transmission Scheme for evacuation of Power from Ratle HEP [850 MW] & kiru [624 MW] Part B,2025-10-01,218.6,2.11,0.0,24,15,9,0.9652333028362304,Transmission_System,0.0,0.5032021957913997,0.9652333028362304,0,0.625,0.0096523330283623,0.0,8.0
617179,Transmission Scheme for evacuation of Power from Ratle HEP [850 MW] & kiru [624 MW] Part B,2026-01-01,218.6,2.71,1.0,24,18,6,1.2397072278133576,Transmission_System,0.3333333333333333,0.091491308325709,0.2397072278133576,0,0.75,0.0123970722781335,0.0,8.0
617179,Transmission Scheme for evacuation of Power from Ratle HEP [850 MW] & kiru [624 MW] Part B,2026-02-01,218.6,3.28,1.0,24,19,5,1.5004574565416284,Transmission_System,0.0,0.2607502287282708,0.5004574565416284,0,0.7916666666666666,0.0150045745654162,0.0,8.0
617179,Transmission Scheme for evacuation of Power from Ratle HEP [850 MW] & kiru [624 MW] Part B,2026-03-01,218.6,3.28,1.5,24,20,4,1.5004574565416284,Transmission_System,0.5,0.0,0.0004574565416284,0,0.8333333333333334,0.0150045745654162,0.0,11.0
617179,Transmission Scheme for evacuation of Power from Ratle HEP [850 MW] & kiru [624 MW] Part B,2026-04-01,218.6,3.72,1.7,24,21,3,1.7017383348581887,Transmission_System,0.1999999999999999,0.2012808783165602,0.0017383348581887,0,0.875,0.0170173833485818,0.0,11.0
617179,Transmission Scheme for evacuation of Power from Ratle HEP [850 MW] & kiru [624 MW] Part B,2026-05-01,218.6,3.72,1.7,24,22,2,1.7017383348581887,Transmission_System,0.0,0.0,0.0017383348581887,0,0.9166666666666666,0.0170173833485818,0.0,11.0
617179,Transmission Scheme for evacuation of Power from Ratle HEP [850 MW] & kiru [624 MW] Part B,2026-06-01,218.6,3.72,1.7,24,23,1,1.7017383348581887,Transmission_System,0.0,0.0,0.0017383348581887,0,0.9583333333333334,0.0170173833485818,0.0,11.0
617269,Transmission System for Strengthening to facilitate evacuation of power from Bhadla/Bikaner Complex,2026-06-01,212.81,9.98,11.17,18,18,0,4.689629246745923,Transmission_System,0.0,0.0,-6.480370753254077,0,1.0,0.0468962924674592,0.0,6.0
617270,Eastern Region  Expansion Scheme-44 [ERES-44],2025-10-01,408.94,0.32,0.0,18,11,7,0.0782510881791949,Transmission_System,0.0,0.0,0.0782510881791949,0,0.6111111111111112,0.0007825108817919,0.0,10.0
617270,Eastern Region  Expansion Scheme-44 [ERES-44],2025-11-01,408.94,0.32,0.0,18,12,6,0.0782510881791949,Transmission_System,0.0,0.0,0.0782510881791949,0,0.6666666666666666,0.0007825108817919,0.0,1.0
617270,Eastern Region  Expansion Scheme-44 [ERES-44],2025-12-01,408.94,0.4,0.0,18,13,5,0.0978138602239937,Transmission_System,0.0,0.0195627720447987,0.0978138602239937,0,0.7222222222222222,0.0009781386022399,0.0,10.0
617270,Eastern Region  Expansion Scheme-44 [ERES-44],2026-01-01,408.94,2.04,0.0,18,14,4,0.4988506871423681,Transmission_System,0.0,0.4010368269183744,0.4988506871423681,0,0.7777777777777778,0.0049885068714236,0.0,10.0
617270,Eastern Region  Expansion Scheme-44 [ERES-44],2026-02-01,408.94,4.09,1.0,18,15,3,1.0001467207903358,Transmission_System,1.0,0.5012960336479677,0.0001467207903358,0,0.8333333333333334,0.0100014672079033,0.0,10.0
617270,Eastern Region  Expansion Scheme-44 [ERES-44],2026-03-01,408.94,4.09,1.1,18,16,2,1.0001467207903358,Transmission_System,0.1,0.0,-0.0998532792096642,0,0.8888888888888888,0.0100014672079033,0.0,13.0
617270,Eastern Region  Expansion Scheme-44 [ERES-44],2026-04-01,408.94,6.13,1.5,18,17,1,1.4989974079327042,Transmission_System,0.3999999999999999,0.4988506871423683,-0.0010025920672958,0,0.9444444444444444,0.014989974079327,0.0,13.0
617270,Eastern Region  Expansion Scheme-44 [ERES-44],2026-05-01,408.94,6.13,1.5,18,18,0,1.4989974079327042,Transmission_System,0.0,0.0,-0.0010025920672958,0,1.0,0.014989974079327,0.0,13.0
617270,Eastern Region  Expansion Scheme-44 [ERES-44],2026-06-01,408.94,6.13,1.5,18,19,-1,1.4989974079327042,Transmission_System,0.0,0.0,-0.0010025920672958,1,1.0555555555555556,0.014989974079327,0.0,13.0
617326,Implementation of Transmission Systems in the State of Jharkhand consisting of 400/220/132/33 kV transmission lines and substations under Jharkhand Consultancy Project,2025-12-01,1842.25,1648.05,95.0,169,166,3,89.4585425430859,Substation_Grid_Equipment,0.0,0.0,-5.541457456914102,0,0.9822485207100592,0.894585425430859,0.0,5.0
617326,Implementation of Transmission Systems in the State of Jharkhand consisting of 400/220/132/33 kV transmission lines and substations under Jharkhand Consultancy Project,2026-01-01,1842.25,1648.05,95.0,169,167,2,89.4585425430859,Substation_Grid_Equipment,0.0,0.0,-5.541457456914102,0,0.9881656804733728,0.894585425430859,0.0,5.0
617326,Implementation of Transmission Systems in the State of Jharkhand consisting of 400/220/132/33 kV transmission lines and substations under Jharkhand Consultancy Project,2026-02-01,1842.25,1648.05,95.0,169,168,1,89.4585425430859,Substation_Grid_Equipment,0.0,0.0,-5.541457456914102,0,0.9940828402366864,0.894585425430859,0.0,5.0
617326,Implementation of Transmission Systems in the State of Jharkhand consisting of 400/220/132/33 kV transmission lines and substations under Jharkhand Consultancy Project,2026-03-01,1842.25,1648.05,95.4,169,169,0,89.4585425430859,Substation_Grid_Equipment,0.4000000000000057,0.0,-5.941457456914108,0,1.0,0.894585425430859,0.0,5.0
617326,Implementation of Transmission Systems in the State of Jharkhand consisting of 400/220/132/33 kV transmission lines and substations under Jharkhand Consultancy Project,2026-04-01,1842.25,1648.05,96.0,169,170,-1,89.4585425430859,Substation_Grid_Equipment,0.5999999999999943,0.0,-6.541457456914102,1,1.0059171597633136,0.894585425430859,0.0,5.0
617326,Implementation of Transmission Systems in the State of Jharkhand consisting of 400/220/132/33 kV transmission lines and substations under Jharkhand Consultancy Project,2026-05-01,1842.25,1648.05,96.2,169,171,-2,89.4585425430859,Substation_Grid_Equipment,0.2000000000000028,0.0,-6.741457456914105,2,1.0118343195266273,0.894585425430859,0.0,5.0
617326,Implementation of Transmission Systems in the State of Jharkhand consisting of 400/220/132/33 kV transmission lines and substations under Jharkhand Consultancy Project,2026-06-01,1842.25,1648.05,96.3,169,172,-3,89.4585425430859,Substation_Grid_Equipment,0.0999999999999943,0.0,-6.8414574569141,3,1.017751479289941,0.894585425430859,0.0,5.0
617801,Provision of ICT Augmentation & Bus Reactor at Bhuj-II PS,2025-10-01,581.74,0.2,0.0,21,7,14,0.0343796197614054,Substation_Grid_Equipment,0.0,0.0,0.0343796197614054,0,0.3333333333333333,0.000343796197614,0.0,3.0
617801,Provision of ICT Augmentation & Bus Reactor at Bhuj-II PS,2025-11-01,581.74,0.2,0.0,21,8,13,0.0343796197614054,Substation_Grid_Equipment,0.0,0.0,0.0343796197614054,0,0.3809523809523809,0.000343796197614,0.0,3.0
617801,Provision of ICT Augmentation & Bus Reactor at Bhuj-II PS,2025-12-01,581.74,1.16,0.0,21,9,12,0.1994017946161515,Substation_Grid_Equipment,0.0,0.1650221748547461,0.1994017946161515,0,0.4285714285714285,0.0019940179461615,0.0,3.0
617801,Provision of ICT Augmentation & Bus Reactor at Bhuj-II PS,2026-01-01,581.74,2.91,0.0,21,10,11,0.5002234675284492,Substation_Grid_Equipment,0.0,0.3008216729122976,0.5002234675284492,0,0.4761904761904761,0.0050022346752844,0.0,3.0
617801,Provision of ICT Augmentation & Bus Reactor at Bhuj-II PS,2026-02-01,581.74,5.81,1.0,21,11,10,0.998727954068828,Substation_Grid_Equipment,1.0,0.4985044865403788,-0.001272045931172,0,0.5238095238095238,0.0099872795406882,0.0,3.0
617801,Provision of ICT Augmentation & Bus Reactor at Bhuj-II PS,2026-03-01,581.74,6.98,1.2,21,12,9,1.1998487296730498,Substation_Grid_Equipment,0.1999999999999999,0.2011207756042218,-0.0001512703269501,0,0.5714285714285714,0.0119984872967304,0.0,6.0
617801,Provision of ICT Augmentation & Bus Reactor at Bhuj-II PS,2026-04-01,581.74,7.08,1.5,21,13,8,1.2170385395537524,Substation_Grid_Equipment,0.3,0.0171898098807026,-0.2829614604462476,0,0.6190476190476191,0.0121703853955375,0.0,6.0
617801,Provision of ICT Augmentation & Bus Reactor at Bhuj-II PS,2026-05-01,581.74,11.63,2.0,21,14,7,1.9991748891257264,Substation_Grid_Equipment,0.5,0.782136349571974,-0.0008251108742736,0,0.6666666666666666,0.0199917488912572,0.0,6.0
617801,Provision of ICT Augmentation & Bus Reactor at Bhuj-II PS,2026-06-01,581.74,17.45,6.0,21,15,6,2.9996218241826247,Substation_Grid_Equipment,4.0,1.0004469350568983,-3.0003781758173753,0,0.7142857142857143,0.0299962182418262,0.0,6.0
619029,Transmission System for Reliable Power Supply to Dholera,2026-02-01,319.42,19.16,9.0,18,17,1,5.9983720493394275,Transmission_System,0.0,0.0,-3.0016279506605725,0,0.9444444444444444,0.0599837204933942,0.0,6.0
619029,Transmission System for Reliable Power Supply to Dholera,2026-03-01,319.42,46.31,15.0,18,18,0,14.49815290213512,Transmission_System,6.0,8.499780852795691,-0.5018470978648804,0,1.0,0.1449815290213512,0.0,9.0
619029,Transmission System for Reliable Power Supply to Dholera,2026-04-01,319.42,51.1,18.0,18,19,-1,15.997745914469975,Transmission_System,3.0,1.4995930123348558,-2.0022540855300246,1,1.0555555555555556,0.1599774591446997,0.0,9.0
619029,Transmission System for Reliable Power Supply to Dholera,2026-05-01,319.42,51.1,21.0,18,20,-2,15.997745914469975,Transmission_System,3.0,0.0,-5.002254085530025,2,1.1111111111111112,0.1599774591446997,0.0,9.0
619029,Transmission System for Reliable Power Supply to Dholera,2026-06-01,319.42,63.88,31.0,18,21,-3,19.998747730261098,Transmission_System,10.0,4.001001815791122,-11.001252269738902,3,1.1666666666666667,0.199987477302611,0.0,9.0
900808,Transmission System for Kurnool Wind Energy Zone/ Solar Energy Zone  Part-A and Part-B,2025-07-01,3546.94,3121.3,94.0,20,28,-8,87.99979700812531,Transmission_System,0.0,0.0,-6.000202991874687,8,1.4,0.8799979700812531,0.0,13.0
900808,Transmission System for Kurnool Wind Energy Zone/ Solar Energy Zone  Part-A and Part-B,2025-08-01,3546.94,3192.25,95.0,20,29,-9,90.00011277326372,Transmission_System,1.0,2.00031576513841,-4.999887226736277,9,1.45,0.9000011277326372,0.0,13.0
900808,Transmission System for Kurnool Wind Energy Zone/ Solar Energy Zone  Part-A and Part-B,2025-09-01,3546.94,3263.18,96.0,20,30,-10,91.99986467208352,Transmission_System,1.0,1.999751898819795,-4.000135327916482,10,1.5,0.9199986467208352,0.0,13.0
900808,Transmission System for Kurnool Wind Energy Zone/ Solar Energy Zone  Part-A and Part-B,2025-10-01,3546.94,3369.59,97.0,20,31,-11,94.99991542005222,Transmission_System,1.0,3.0000507479687,-2.0000845799477815,11,1.55,0.9499991542005222,0.0,14.0
900808,Transmission System for Kurnool Wind Energy Zone/ Solar Energy Zone  Part-A and Part-B,2025-11-01,3546.94,3404.59,98.0,20,32,-12,95.98668147755532,Transmission_System,1.0,0.986766057503104,-2.0133185224446777,12,1.6,0.9598668147755532,0.0,14.0
900808,Transmission System for Kurnool Wind Energy Zone/ Solar Energy Zone  Part-A and Part-B,2025-12-01,3546.94,3440.49,98.0,20,33,-13,96.99882151939416,Transmission_System,0.0,1.012140041838833,-1.0011784806058444,13,1.65,0.9699882151939416,0.0,16.0
900808,Transmission System for Kurnool Wind Energy Zone/ Solar Energy Zone  Part-A and Part-B,2026-01-01,3546.94,3476.0,99.0,20,34,-14,97.99996616802088,Transmission_System,1.0,1.0011446486267204,-1.000033831979124,14,1.7,0.9799996616802088,0.0,16.0
900808,Transmission System for Kurnool Wind Energy Zone/ Solar Energy Zone  Part-A and Part-B,2026-02-01,3546.94,3511.47,99.0,20,35,-15,98.99998308401044,Transmission_System,0.0,1.000016915989562,-1.6915989561994138e-05,15,1.75,0.9899998308401043,0.0,16.0
900808,Transmission System for Kurnool Wind Energy Zone/ Solar Energy Zone  Part-A and Part-B,2026-03-01,3546.94,3529.2,99.68,20,36,-16,99.49985057542555,Transmission_System,0.6800000000000068,0.4998674914151166,-0.1801494245744521,16,1.8,0.9949985057542556,0.0,18.0
900808,Transmission System for Kurnool Wind Energy Zone/ Solar Energy Zone  Part-A and Part-B,2026-04-01,3546.94,3532.75,99.69,20,37,-17,99.59993684697233,Transmission_System,0.0099999999999909,0.1000862715467718,-0.0900631530276712,17,1.85,0.9959993684697231,0.0,18.0
900808,Transmission System for Kurnool Wind Energy Zone/ Solar Energy Zone  Part-A and Part-B,2026-05-01,3546.94,3532.75,99.69,20,38,-18,99.59993684697233,Transmission_System,0.0,0.0,-0.0900631530276712,18,1.9,0.9959993684697231,0.0,18.0
N18000184,ESTABLISHMENT OF FIBER OPTIC COMMUNICATION SYSTEM IN NR UNDER FIBER OPTIC EXPANSION PROJECT (ADDITIO,2024-08-01,197.4,161.89,96.0,36,113,-77,82.0111448834853,Other_Power_Transmission,0.0,0.0,-13.9888551165147,77,3.138888888888889,0.820111448834853,0.0,81.0
N18000184,ESTABLISHMENT OF FIBER OPTIC COMMUNICATION SYSTEM IN NR UNDER FIBER OPTIC EXPANSION PROJECT (ADDITIO,2024-11-01,197.4,162.89,98.0,36,116,-80,82.5177304964539,Other_Power_Transmission,0.6666666666666666,0.1688618709895308,-15.482269503546108,80,3.2222222222222223,0.8251773049645389,0.0,81.0
N18000249,COMPREHENSIVE SCHEME FOR THE STRENGHTENING OF THE TRANSMISSION AND DISTRIBUTION SYSTEM IN A P,2024-08-01,4754.42,6684.4,77.1,48,116,-68,140.59338468204322,Other_Power_Transmission,0.0,0.0,63.49338468204323,68,2.4166666666666665,1.4059338468204323,92.0175331586187,75.0
N18000249,1123 COMPREHENSIVE SCHEME FOR THE STRENGHTENING OF THE TRANSMISSION AND DISTRIBUTION SYSTEM IN A P,2024-09-01,4754.42,6724.24,77.14,48,117,-69,141.43134178301452,Other_Power_Transmission,0.0400000000000062,0.8379571009712947,64.29134178301452,69,2.4375,1.414313417830145,92.0175331586187,75.0
N18000249,COMPREHENSIVE SCHEME FOR THE STRENGHTENING OF THE TRANSMISSION AND DISTRIBUTION SYSTEM IN A P,2024-11-01,4754.42,6869.5,77.6,48,119,-71,144.4866040442367,Other_Power_Transmission,0.2299999999999968,1.5276311306110983,66.88660404423672,71,2.4791666666666665,1.4448660404423672,92.0175331586187,75.0
N18000249,COMPREHENSIVE SCHEME FOR THE STRENGHTENING OF THE TRANSMISSION AND DISTRIBUTION SYSTEM IN A P,2024-12-01,4754.42,6894.16,77.6,48,120,-72,145.0052792980006,Other_Power_Transmission,0.0,0.5186752537638881,67.40527929800061,72,2.5,1.450052792980006,92.0175331586187,75.0
N18000249,COMPREHENSIVE SCHEME FOR THE STRENGHTENING OF THE TRANSMISSION AND DISTRIBUTION SYSTEM IN A P,2025-01-01,4754.42,6938.35,77.9,48,121,-73,145.93473020894243,Other_Power_Transmission,0.3000000000000113,0.9294509109418244,68.03473020894242,73,2.5208333333333335,1.4593473020894243,92.0175331586187,75.0
N18000249,COMPREHENSIVE SCHEME FOR THE STRENGHTENING OF THE TRANSMISSION AND DISTRIBUTION SYSTEM IN A P,2025-02-01,4754.42,7009.75,79.5,48,122,-74,147.4364906760446,Other_Power_Transmission,1.5999999999999943,1.501760467102173,67.9364906760446,74,2.5416666666666665,1.474364906760446,92.0175331586187,75.0
N18000249,COMPREHENSIVE SCHEME FOR THE STRENGHTENING OF THE TRANSMISSION AND DISTRIBUTION SYSTEM IN A P,2025-04-01,4754.42,7602.44,81.0,75,76,-1,159.9025748671762,Other_Power_Transmission,-0.0212765957446808,-0.0,78.90257486717621,1,1.0133333333333334,1.599025748671762,92.0175331586187,48.0
N18000250,NORTH EASTERN REGION POWER SYSTEM IMPROVEMENT PROJECT (NERPSIP) FOR SIX (6) STATES,2024-08-01,5111.33,4925.53,95.0,48,116,-68,96.36493828416478,Other_Power_Transmission,0.0,0.0,1.3649382841647792,68,2.4166666666666665,0.9636493828416478,31.08134282075311,75.0
N18000250,NORTH EASTERN REGION POWER SYSTEM IMPROVEMENT PROJECT (NERPSIP) FOR SIX (6) STATES,2024-11-01,5111.33,4987.61,95.3,48,119,-71,97.57949496510692,Other_Power_Transmission,0.099999999999999,0.4048522269807127,2.2794949651069203,71,2.4791666666666665,0.9757949496510692,31.08134282075311,75.0
N18000250,NORTH EASTERN REGION POWER SYSTEM IMPROVEMENT PROJECT (NERPSIP) FOR SIX (6) STATES,2024-12-01,5111.33,5020.56,95.4,48,120,-72,98.22414127047168,Other_Power_Transmission,0.1000000000000085,0.6446463053647591,2.824141270471671,72,2.5,0.9822414127047168,31.08134282075311,75.0
N18000250,NORTH EASTERN REGION POWER SYSTEM IMPROVEMENT PROJECT (NERPSIP) FOR SIX (6) STATES,2025-01-01,5111.33,5026.36,95.5,48,121,-73,98.33761467171948,Other_Power_Transmission,0.0999999999999943,0.113473401247802,2.8376146717194786,73,2.5208333333333335,0.9833761467171948,31.08134282075311,75.0
N18000250,NORTH EASTERN REGION POWER SYSTEM IMPROVEMENT PROJECT (NERPSIP) FOR SIX (6) STATES,2025-02-01,5111.33,5066.06,95.6,48,122,-74,99.11432053888127,Other_Power_Transmission,0.0999999999999943,0.7767058671617946,3.514320538881279,74,2.5416666666666665,0.9911432053888128,31.08134282075311,78.0
N18000250,NORTH EASTERN REGION POWER SYSTEM IMPROVEMENT PROJECT (NERPSIP) FOR SIX (6) STATES,2025-03-01,5111.33,5276.39,95.7,48,123,-75,103.22929648447663,Other_Power_Transmission,0.1000000000000085,4.114975945595361,7.529296484476632,75,2.5625,1.0322929648447663,31.08134282075311,78.0
N18000250,NORTH EASTERN REGION POWER SYSTEM IMPROVEMENT PROJECT (NERPSIP) FOR SIX (6) STATES,2025-04-01,5111.33,5276.39,95.8,75,76,-1,103.22929648447663,Other_Power_Transmission,-0.0021276595744679,-0.0,7.429296484476637,1,1.0133333333333334,1.0322929648447663,31.08134282075311,3.0
N18000250,NORTH EASTERN REGION POWER SYSTEM IMPROVEMENT PROJECT (NERPSIP) FOR SIX (6) STATES,2025-05-01,5111.33,5276.39,95.9,48,125,-77,103.22929648447663,Other_Power_Transmission,0.0020408163265307,0.0,7.329296484476629,77,2.6041666666666665,1.0322929648447663,31.08134282075311,81.0
N18000250,NORTH EASTERN REGION POWER SYSTEM IMPROVEMENT PROJECT (NERPSIP) FOR SIX (6) STATES,2025-06-01,5111.33,5230.02,96.0,48,126,-78,102.32209620587987,Other_Power_Transmission,0.0999999999999943,-0.9072002785967612,6.322096205879873,78,2.625,1.0232209620587986,31.08134282075311,81.0
N18000300,TRANSMISSION SYSTEM STRENGTHENING SCHEME FOR EVACUATION OF POWER FROM SOLAR ENERGY ZONES IN RAJASTHA,2024-08-01,1184.88,840.52,97.0,16,39,-23,70.93714131388832,Transmission_System,0.0,0.0,-26.06285868611168,23,2.4375,0.7093714131388832,0.0,23.0
N18000306,TRANSMISSION SYSTEM STRENGTHENING SCHEME FOR EVACUATION OF POWER FROM SOLAR ENERGY ZONES IN RAJASTHA,2024-08-01,1562.0,1161.25,92.0,18,38,-20,74.3437900128041,Transmission_System,0.0,0.0,-17.656209987195894,20,2.111111111111111,0.7434379001280411,0.0,24.0
N18000306,TRANSMISSION SYSTEM STRENGTHENING SCHEME FOR EVACUATION OF POWER FROM SOLAR ENERGY ZONES IN RAJASTHA,2024-11-01,1562.0,1292.25,99.0,18,41,-23,82.73047375160051,Transmission_System,2.3333333333333335,2.795561246265469,-16.269526248399487,23,2.2777777777777777,0.8273047375160051,0.0,24.0
N18000307,TRANSMISSION SYSTEM STRENGTHENING SCHEME FOR EVACUATION OF POWER FROM SOLAR ENERGY ZONES IN RAJASTHA,2024-08-01,1006.0,879.31,95.0,18,38,-20,87.40656063618289,Transmission_System,0.0,0.0,-7.593439363817112,20,2.111111111111111,0.8740656063618288,0.0,24.0
N18000307,TRANSMISSION SYSTEM STRENGTHENING SCHEME FOR EVACUATION OF POWER FROM SOLAR ENERGY ZONES IN RAJASTHA,2024-11-01,1006.0,884.11,100.0,18,41,-23,87.88369781312127,Transmission_System,1.6666666666666667,0.1590457256461282,-12.116302186878729,23,2.2777777777777777,0.8788369781312128,0.0,22.0
N18000330,TRANSMISSION SYSTEM STRENGTHENING FOR SRINAGAR-LEH TRANSMISSION SYSTEM,2024-11-01,288.71,131.79,44.0,33,32,1,45.64788195767379,Transmission_System,0.0,0.0,1.647881957673789,0,0.9696969696969696,0.4564788195767379,0.0,9.0
N18000330,TRANSMISSION SYSTEM STRENGTHENING FOR SRINAGAR-LEH TRANSMISSION SYSTEM,2024-12-01,288.71,133.79,47.0,33,33,0,46.34061861383395,Transmission_System,3.0,0.6927366561601644,-0.6593813861660465,0,1.0,0.4634061861383395,0.0,9.0
N18000330,TRANSMISSION SYSTEM STRENGTHENING FOR SRINAGAR-LEH TRANSMISSION SYSTEM,2025-01-01,288.71,133.79,47.0,33,34,-1,46.34061861383395,Transmission_System,0.0,0.0,-0.6593813861660465,1,1.0303030303030305,0.4634061861383395,0.0,9.0
N18000330,TRANSMISSION SYSTEM STRENGTHENING FOR SRINAGAR-LEH TRANSMISSION SYSTEM,2025-02-01,288.71,143.79,48.0,33,35,-2,49.804301894634754,Transmission_System,1.0,3.463683280800801,1.8043018946347544,2,1.0606060606060606,0.4980430189463475,0.0,7.0
N18000330,TRANSMISSION SYSTEM STRENGTHENING FOR SRINAGAR-LEH TRANSMISSION SYSTEM,2025-03-01,288.71,144.79,48.0,33,36,-3,50.15067022271483,Transmission_System,0.0,0.3463683280800751,2.1506702227148295,3,1.0909090909090908,0.5015067022271483,0.0,7.0
N18000330,TRANSMISSION SYSTEM STRENGTHENING FOR SRINAGAR-LEH TRANSMISSION SYSTEM,2025-04-01,288.71,144.79,48.0,33,37,-4,50.15067022271483,Transmission_System,0.0,0.0,2.1506702227148295,4,1.121212121212121,0.5015067022271483,0.0,7.0
N18000330,TRANSMISSION SYSTEM STRENGTHENING FOR SRINAGAR-LEH TRANSMISSION SYSTEM,2025-05-01,288.71,149.79,48.0,33,38,-5,51.88251186311523,Transmission_System,0.0,1.731841640400404,3.8825118631152336,5,1.1515151515151516,0.5188251186311523,0.0,7.0
N18000330,TRANSMISSION SYSTEM STRENGTHENING FOR SRINAGAR-LEH TRANSMISSION SYSTEM,2025-06-01,288.71,199.53,48.0,33,39,-6,69.11087250181845,Transmission_System,0.0,17.228360638703215,21.11087250181845,6,1.181818181818182,0.6911087250181844,0.0,9.0
N18000331,TRANSMISSION SYSTEM STRENGTHENING SCHEME FOR EVACUATION OF POWER FROM SOLAR ENERGY ZONES IN RAJASTHA,2024-08-01,359.47,191.87,63.0,19,30,-11,53.37580326591927,Transmission_System,0.0,0.0,-9.624196734080734,11,1.5789473684210529,0.5337580326591926,0.0,15.0
N18000331,TRANSMISSION SYSTEM STRENGTHENING SCHEME FOR EVACUATION OF POWER FROM SOLAR ENERGY ZONES IN RAJASTHA,2024-11-01,359.47,234.97,73.0,19,33,-14,65.36567724705816,Transmission_System,3.3333333333333335,3.9966246603796303,-7.634322752941841,14,1.736842105263158,0.6536567724705816,0.0,18.0
N18000331,TRANSMISSION SYSTEM STRENGTHENING SCHEME FOR EVACUATION OF POWER FROM SOLAR ENERGY ZONES IN RAJASTHA,2025-01-01,359.47,271.16,79.0,19,35,-16,75.43327676857596,Transmission_System,3.0,5.033799760758903,-3.566723231424035,16,1.8421052631578947,0.7543327676857596,0.0,18.0
N18000331,TRANSMISSION SYSTEM STRENGTHENING SCHEME FOR EVACUATION OF POWER FROM SOLAR ENERGY ZONES IN RAJASTHA,2025-02-01,359.47,290.16,94.0,19,36,-17,80.71883606420563,Transmission_System,15.0,5.2855592956296675,-13.281163935794368,17,1.894736842105263,0.8071883606420563,0.0,20.0
N18000331,TRANSMISSION SYSTEM STRENGTHENING SCHEME FOR EVACUATION OF POWER FROM SOLAR ENERGY ZONES IN RAJASTHA,2025-03-01,359.47,292.16,82.0,19,37,-18,81.2752107269035,Transmission_System,-12.0,0.5563746626978627,-0.7247892730965049,18,1.9473684210526316,0.8127521072690349,0.0,20.0
N18000331,TRANSMISSION SYSTEM STRENGTHENING SCHEME FOR EVACUATION OF POWER FROM SOLAR ENERGY ZONES IN RAJASTHA,2025-04-01,359.47,314.16,84.0,19,38,-19,87.39533201657996,Transmission_System,2.0,6.120121289676462,3.3953320165799568,19,2.0,0.8739533201657995,0.0,21.0
N18000331,TRANSMISSION SYSTEM STRENGTHENING SCHEME FOR EVACUATION OF POWER FROM SOLAR ENERGY ZONES IN RAJASTHA,2025-05-01,359.47,319.16,90.0,19,39,-20,88.78626867332461,Transmission_System,6.0,1.3909366567446568,-1.2137313266753864,20,2.0526315789473686,0.8878626867332461,0.0,22.0
N18000331,TRANSMISSION SYSTEM STRENGTHENING SCHEME FOR EVACUATION OF POWER FROM SOLAR ENERGY ZONES IN RAJASTHA,2025-06-01,359.47,327.28,90.0,19,40,-21,91.0451498038779,Transmission_System,0.0,2.258881130553291,1.045149803877905,21,2.1052631578947367,0.910451498038779,0.0,23.0
N18000332,TRANSMISSION SYSTEM STRENGTHENING SCHEME FOR EVACUATION OF POWER FROM SOLAR ENERGY ZONES IN RAJASTHA,2024-08-01,1666.0,1290.22,80.0,18,27,-9,77.44417767106843,Transmission_System,0.0,0.0,-2.555822328931569,9,1.5,0.7744417767106843,0.0,13.0
N18000332,TRANSMISSION SYSTEM STRENGTHENING SCHEME FOR EVACUATION OF POWER FROM SOLAR ENERGY ZONES IN RAJASTHA,2024-12-01,1666.0,1425.62,83.0,18,31,-13,85.57142857142857,Transmission_System,0.75,2.031812725090034,2.5714285714285694,13,1.7222222222222223,0.8557142857142856,0.0,16.0
N18000332,TRANSMISSION SYSTEM STRENGTHENING SCHEME FOR EVACUATION OF POWER FROM SOLAR ENERGY ZONES IN RAJASTHA,2025-01-01,1666.0,1428.62,83.0,18,32,-14,85.75150060024009,Transmission_System,0.0,0.1800720288115229,2.7515006002400924,14,1.7777777777777777,0.8575150060024009,0.0,16.0
N18000332,TRANSMISSION SYSTEM STRENGTHENING SCHEME FOR EVACUATION OF POWER FROM SOLAR ENERGY ZONES IN RAJASTHA,2025-02-01,1666.0,1442.62,86.0,18,33,-15,86.59183673469387,Transmission_System,3.0,0.8403361344537785,0.5918367346938709,15,1.8333333333333333,0.8659183673469387,0.0,18.0
N18000332,TRANSMISSION SYSTEM STRENGTHENING SCHEME FOR EVACUATION OF POWER FROM SOLAR ENERGY ZONES IN RAJASTHA,2025-03-01,1666.0,1449.62,88.0,18,34,-16,87.01200480192077,Transmission_System,2.0,0.4201680672268963,-0.9879951980792328,16,1.8888888888888888,0.8701200480192077,0.0,18.0
N18000332,TRANSMISSION SYSTEM STRENGTHENING SCHEME FOR EVACUATION OF POWER FROM SOLAR ENERGY ZONES IN RAJASTHA,2025-04-01,1666.0,1490.62,90.3,18,35,-17,89.47298919567827,Transmission_System,2.299999999999997,2.4609843937574993,-0.8270108043217306,17,1.9444444444444444,0.8947298919567827,0.0,21.0
N18000332,TRANSMISSION SYSTEM STRENGTHENING SCHEME FOR EVACUATION OF POWER FROM SOLAR ENERGY ZONES IN RAJASTHA,2025-05-01,1666.0,1511.62,92.7,18,36,-18,90.73349339735891,Transmission_System,2.4000000000000057,1.2605042016806465,-1.9665066026410896,18,2.0,0.9073349339735892,33.13325330132052,21.0
N18000332,TRANSMISSION SYSTEM STRENGTHENING SCHEME FOR EVACUATION OF POWER FROM SOLAR ENERGY ZONES IN RAJASTHA,2025-06-01,1666.0,2029.28,94.1,18,37,-19,121.80552220888354,Transmission_System,1.3999999999999917,31.072028811524632,27.70552220888355,19,2.0555555555555554,1.2180552220888354,33.13325330132052,22.0
N18000338,TRANSMISSION NETWORK EXPANSION IN GUJARAT TO INCREASE ATC FROM ISTS: PART C,2024-08-01,186.19,58.93,64.0,32,25,7,31.6504645791933,Transmission_System,0.0,0.0,-32.3495354208067,0,0.78125,0.316504645791933,0.0,0.0
N18000338,TRANSMISSION NETWORK EXPANSION IN GUJARAT TO INCREASE ATC FROM ISTS: PART C,2024-11-01,186.19,66.53,68.0,32,28,4,35.73231645093722,Transmission_System,1.3333333333333333,1.360617290581306,-32.26768354906278,0,0.875,0.3573231645093722,0.0,0.0
N18000338,TRANSMISSION NETWORK EXPANSION IN GUJARAT TO INCREASE ATC FROM ISTS: PART C,2024-12-01,186.19,67.53,87.0,32,29,3,36.2694022235351,Transmission_System,19.0,0.5370857725978837,-50.7305977764649,0,0.90625,0.362694022235351,0.0,0.0
N18000338,TRANSMISSION NETWORK EXPANSION IN GUJARAT TO INCREASE ATC FROM ISTS: PART C,2025-01-01,186.19,69.53,90.0,32,30,2,37.34357376873087,Transmission_System,3.0,1.0741715451957674,-52.65642623126913,0,0.9375,0.3734357376873087,0.0,0.0
N18000338,TRANSMISSION NETWORK EXPANSION IN GUJARAT TO INCREASE ATC FROM ISTS: PART C,2025-02-01,186.19,70.53,91.0,32,31,1,37.880659541328754,Transmission_System,1.0,0.5370857725978837,-53.119340458671246,0,0.96875,0.3788065954132875,0.0,0.0
N18000338,TRANSMISSION NETWORK EXPANSION IN GUJARAT TO INCREASE ATC FROM ISTS: PART C,2025-03-01,186.19,71.53,100.0,32,32,0,38.41774531392664,Transmission_System,9.0,0.5370857725978837,-61.58225468607336,0,1.0,0.3841774531392664,0.0,0.0
N18000343,SYSTEM STRENGTHENING SCHEME FOR EASTERN AND NORTH EASTERN REGION,2024-08-01,307.87,72.11,51.0,36,22,14,23.42222366583298,Transmission_System,0.0,0.0,-27.57777633416702,0,0.6111111111111112,0.2342222366583298,0.0,0.0
N18000343,SYSTEM STRENGTHENING SCHEME FOR EASTERN AND NORTH EASTERN REGION,2024-11-01,307.87,101.31,59.0,36,25,11,32.90674635398057,Transmission_System,2.6666666666666665,3.161507562715864,-26.093253646019427,0,0.6944444444444444,0.3290674635398057,0.0,0.0
N18000343,SYSTEM STRENGTHENING SCHEME FOR EASTERN AND NORTH EASTERN REGION,2024-12-01,307.87,125.31,62.0,36,26,10,40.70224445382792,Transmission_System,3.0,7.79549809984735,-21.297755546172077,0,0.7222222222222222,0.4070224445382792,0.0,0.0
N18000343,SYSTEM STRENGTHENING SCHEME FOR EASTERN AND NORTH EASTERN REGION,2025-01-01,307.87,135.31,68.0,36,27,9,43.95036866209764,Transmission_System,6.0,3.248124208269715,-24.04963133790236,0,0.75,0.4395036866209764,0.0,0.0
N18000343,SYSTEM STRENGTHENING SCHEME FOR EASTERN AND NORTH EASTERN REGION,2025-02-01,307.87,163.31,80.0,36,28,8,53.04511644525287,Transmission_System,12.0,9.094747783155237,-26.954883554747127,0,0.7777777777777778,0.5304511644525287,0.0,0.0
N18000343,SYSTEM STRENGTHENING SCHEME FOR EASTERN AND NORTH EASTERN REGION,2025-03-01,307.87,184.31,89.0,36,29,7,59.86617728261928,Transmission_System,9.0,6.82106083736641,-29.133822717380717,0,0.8055555555555556,0.5986617728261928,0.0,0.0
N18000343,SYSTEM STRENGTHENING SCHEME FOR EASTERN AND NORTH EASTERN REGION,2025-04-01,307.87,184.31,89.0,36,30,6,59.86617728261928,Transmission_System,0.0,0.0,-29.133822717380717,0,0.8333333333333334,0.5986617728261928,0.0,0.0
N18000343,SYSTEM STRENGTHENING SCHEME FOR EASTERN AND NORTH EASTERN REGION,2025-05-01,307.87,234.9,99.9,36,31,5,76.29843765225583,Transmission_System,10.900000000000006,16.432260369636545,-23.601562347744174,0,0.8611111111111112,0.7629843765225582,0.0,-4.0
N18000343,SYSTEM STRENGTHENING SCHEME FOR EASTERN AND NORTH EASTERN REGION,2025-06-01,307.87,298.87,100.0,36,32,4,97.07668821255724,Transmission_System,0.0999999999999943,20.778250560301416,-2.9233117874427563,0,0.8888888888888888,0.9707668821255724,0.0,-4.0
N18000350,WESTERN REGION EXPANSION SCHEME XXV,2024-08-01,385.84,85.61,37.0,9,18,-9,22.187953555878085,Transmission_System,0.0,0.0,-14.812046444121917,9,2.0,0.2218795355587808,0.0,10.0
N18000350,WESTERN REGION EXPANSION SCHEME XXV,2024-09-01,385.84,136.71,50.0,9,19,-10,35.43178519593614,Transmission_System,13.0,13.243831640058058,-14.568214804063857,10,2.111111111111111,0.3543178519593614,0.0,14.0
N18000350,WESTERN REGION EXPANSION SCHEME XXV,2024-11-01,385.84,186.71,63.0,9,21,-12,48.39052456976986,Transmission_System,6.5,6.479369686916858,-14.60947543023014,12,2.3333333333333335,0.4839052456976986,0.0,14.0
N18000350,WESTERN REGION EXPANSION SCHEME XXV,2024-12-01,385.84,200.71,71.0,9,22,-13,52.0189715944433,Transmission_System,8.0,3.6284470246734415,-18.9810284055567,13,2.4444444444444446,0.520189715944433,0.0,15.0
N18000350,WESTERN REGION EXPANSION SCHEME XXV,2025-01-01,385.84,206.71,78.0,9,23,-14,53.57402031930334,Transmission_System,7.0,1.5550487248600362,-24.425979680696663,14,2.5555555555555554,0.5357402031930334,0.0,16.0
N18000350,WESTERN REGION EXPANSION SCHEME XXV,2025-02-01,385.84,251.71,85.0,9,24,-15,65.23688575575368,Transmission_System,7.0,11.66286543645034,-19.763114244246324,15,2.6666666666666665,0.6523688575575367,0.0,16.0
N18000350,WESTERN REGION EXPANSION SCHEME XXV,2025-03-01,385.84,252.71,89.0,9,25,-16,65.49606054323036,Transmission_System,4.0,0.259174787476681,-23.503939456769643,16,2.7777777777777777,0.6549606054323036,0.0,18.0
N18000350,WESTERN REGION EXPANSION SCHEME XXV,2025-04-01,385.84,258.71,91.0,9,26,-17,67.0511092680904,Transmission_System,2.0,1.5550487248600433,-23.9488907319096,17,2.888888888888889,0.670511092680904,0.0,19.0
N18000350,WESTERN REGION EXPANSION SCHEME XXV,2025-05-01,385.84,369.79,93.0,9,27,-18,95.8402446609994,Transmission_System,2.0,28.789135392909003,2.840244660999403,18,3.0,0.958402446609994,0.0,19.0
N18000350,WESTERN REGION EXPANSION SCHEME XXV,2025-06-01,385.84,370.41,95.0,9,28,-19,96.00093302923491,Transmission_System,2.0,0.1606883682355118,1.0009330292349148,19,3.111111111111111,0.9600093302923492,0.0,21.0
N18000351,EASTERN REGION EXPANSION SCHEME XXIX,2024-08-01,524.04,307.27,56.0,32,17,15,58.634837035340816,Transmission_System,0.0,0.0,2.6348370353408157,0,0.53125,0.5863483703534081,0.0,0.0
N18000351,EASTERN REGION EXPANSION SCHEME XXIX,2024-11-01,524.04,320.97,58.0,32,20,12,61.24914128692467,Transmission_System,0.6666666666666666,0.871434750527951,3.2491412869246687,0,0.625,0.6124914128692467,0.0,0.0
N18000351,EASTERN REGION EXPANSION SCHEME XXIX,2024-12-01,524.04,320.97,72.0,32,21,11,61.24914128692467,Transmission_System,14.0,0.0,-10.750858713075331,0,0.65625,0.6124914128692467,0.0,0.0
N18000351,EASTERN REGION EXPANSION SCHEME XXIX,2025-01-01,524.04,324.97,75.0,32,22,10,62.01244179833601,Transmission_System,3.0,0.7633005114113445,-12.987558201663989,0,0.6875,0.6201244179833602,0.0,0.0
N18000351,EASTERN REGION EXPANSION SCHEME XXIX,2025-02-01,524.04,329.97,84.0,32,23,9,62.9665674376002,Transmission_System,9.0,0.954125639264184,-21.033432562399803,0,0.71875,0.629665674376002,0.0,0.0
N18000351,EASTERN REGION EXPANSION SCHEME XXIX,2025-03-01,524.04,347.97,92.0,32,24,8,66.40141973895123,Transmission_System,8.0,3.434852301351036,-25.598580261048767,0,0.75,0.6640141973895123,0.0,0.0
N18000351,EASTERN REGION EXPANSION SCHEME XXIX,2025-04-01,524.04,359.97,99.0,32,25,7,68.69132127318527,Transmission_System,7.0,2.2899015342340334,-30.308678726814733,0,0.78125,0.6869132127318527,0.0,0.0
N18000351,EASTERN REGION EXPANSION SCHEME XXIX,2025-05-01,524.04,359.97,99.0,32,26,6,68.69132127318527,Transmission_System,0.0,0.0,-30.308678726814733,0,0.8125,0.6869132127318527,0.0,-5.0
N18000351,EASTERN REGION EXPANSION SCHEME XXIX,2025-06-01,524.04,482.12,99.8,32,27,5,92.00061064040914,Transmission_System,0.7999999999999972,23.30928936722387,-7.799389359590862,0,0.84375,0.9200061064040912,0.0,-4.0
N18000353,ER WR TRANSMISSION LIMITED,2024-08-01,281.16,27.14,26.0,24,17,7,9.652866695120215,Other_Power_Transmission,0.0,0.0,-16.347133304879783,0,0.7083333333333334,0.0965286669512021,0.0,0.0
N18000353,ER WR TRANSMISSION LIMITED,2024-11-01,281.16,54.14,50.0,24,20,4,19.25593967847489,Other_Power_Transmission,8.0,3.201024327784891,-30.74406032152511,0,0.8333333333333334,0.1925593967847488,0.0,0.0
N18000353,ER WR TRANSMISSION LIMITED,2024-12-01,281.16,62.14,57.0,24,21,3,22.1012946365059,Other_Power_Transmission,7.0,2.845354958031013,-34.8987053634941,0,0.875,0.221012946365059,0.0,0.0
N18000353,ER WR TRANSMISSION LIMITED,2025-01-01,281.16,89.14,63.0,24,22,2,31.704367619860573,Other_Power_Transmission,6.0,9.603072983354672,-31.295632380139427,0,0.9166666666666666,0.3170436761986057,0.0,0.0
N18000353,ER WR TRANSMISSION LIMITED,2025-02-01,281.16,99.14,84.0,24,23,1,35.261061317399346,Other_Power_Transmission,21.0,3.5566936975387726,-48.738938682600654,0,0.9583333333333334,0.3526106131739934,0.0,0.0
N18000353,ER WR TRANSMISSION LIMITED,2025-03-01,281.16,129.14,84.0,24,24,0,45.93114241001564,Other_Power_Transmission,0.0,10.670081092616291,-38.06885758998436,0,1.0,0.4593114241001564,0.0,1.0
N18000353,ER WR TRANSMISSION LIMITED,2025-04-01,281.16,162.14,91.0,24,25,-1,57.668231611893574,Other_Power_Transmission,7.0,11.737089201877936,-33.331768388106426,1,1.0416666666666667,0.5766823161189357,0.0,2.0
N18000353,ER WR TRANSMISSION LIMITED,2025-05-01,281.16,217.88,98.8,24,26,-2,77.49324228197467,Other_Power_Transmission,7.799999999999997,19.8250106700811,-21.306757718025324,2,1.0833333333333333,0.7749324228197467,0.0,3.0
N18000353,ER WR TRANSMISSION LIMITED,2025-06-01,281.16,281.15,100.0,24,27,-3,99.99644330630244,Other_Power_Transmission,1.2000000000000028,22.503201024327765,-0.0035566936975612,3,1.125,0.9999644330630244,0.0,3.0
N18000354,TRANSMISSION SYSTEM ASSOCIATED WITH WESTERN REGION EXPANSION SCHEME XXVII,2024-08-01,271.69,108.34,50.0,18,17,1,39.876329640398986,Transmission_System,0.0,0.0,-10.123670359601014,0,0.9444444444444444,0.3987632964039898,0.0,1.0
N18000354,TRANSMISSION SYSTEM ASSOCIATED WITH WESTERN REGION EXPANSION SCHEME XXVII,2024-09-01,271.69,117.04,54.0,18,18,0,43.078508594353856,Transmission_System,4.0,3.2021789539548706,-10.921491405646144,0,1.0,0.4307850859435385,0.0,3.0
N18000354,TRANSMISSION SYSTEM ASSOCIATED WITH WESTERN REGION EXPANSION SCHEME XXVII,2024-11-01,271.69,148.03,69.0,18,20,-2,54.484890868268984,Transmission_System,7.5,5.703191136957564,-14.515109131731016,2,1.1111111111111112,0.5448489086826899,0.0,4.0
N18000354,TRANSMISSION SYSTEM ASSOCIATED WITH WESTERN REGION EXPANSION SCHEME XXVII,2024-12-01,271.69,153.03,77.0,18,21,-3,56.32522360042695,Transmission_System,8.0,1.840332732157968,-20.674776399573048,3,1.1666666666666667,0.5632522360042695,0.0,5.0
N18000354,TRANSMISSION SYSTEM ASSOCIATED WITH WESTERN REGION EXPANSION SCHEME XXVII,2025-01-01,271.69,173.03,87.0,18,22,-4,63.68655452905886,Transmission_System,10.0,7.361330928631908,-23.31344547094114,4,1.2222222222222223,0.6368655452905886,0.0,5.0
N18000354,TRANSMISSION SYSTEM ASSOCIATED WITH WESTERN REGION EXPANSION SCHEME XXVII,2025-02-01,271.69,179.03,97.0,18,23,-5,65.89495380764842,Transmission_System,10.0,2.2083992785895603,-31.10504619235158,5,1.2777777777777777,0.6589495380764842,0.0,7.0
N18000354,TRANSMISSION SYSTEM ASSOCIATED WITH WESTERN REGION EXPANSION SCHEME XXVII,2025-03-01,271.69,186.03,100.0,18,24,-6,68.47141963266958,Transmission_System,3.0,2.5764658250211596,-31.52858036733042,6,1.3333333333333333,0.6847141963266958,0.0,6.0
N18000355,TRANSMISSION SYSTEM ASSOCIATED WITH WESTERN REGION EXPANSION SCHEME-XXVIII AND XXIX,2024-08-01,260.3,56.59,60.0,24,17,7,21.740299654245103,Transmission_System,0.0,0.0,-38.259700345754894,0,0.7083333333333334,0.217402996542451,0.0,0.0
N18000355,TRANSMISSION SYSTEM ASSOCIATED WITH WESTERN REGION EXPANSION SCHEME-XXVIII AND XXIX,2024-09-01,260.3,106.79,78.0,24,18,6,41.02573953131003,Transmission_System,18.0,19.285439877064928,-36.97426046868997,0,0.75,0.4102573953131003,0.0,0.0
N18000355,TRANSMISSION SYSTEM ASSOCIATED WITH WESTERN REGION EXPANSION SCHEME- XXVIII AND XXIX,2024-11-01,260.3,128.79,89.0,24,20,4,49.477525931617365,Transmission_System,5.5,4.225893200153667,-39.522474068382635,0,0.8333333333333334,0.4947752593161736,0.0,0.0
N18000355,TRANSMISSION SYSTEM ASSOCIATED WITH WESTERN REGION EXPANSION SCHEME- XXVIII AND XXIX,2024-12-01,260.3,145.79,94.0,24,21,3,56.0084517864003,Transmission_System,5.0,6.530925854782936,-37.9915482135997,0,0.875,0.560084517864003,0.0,0.0
N18000355,TRANSMISSION SYSTEM ASSOCIATED WITH WESTERN REGION EXPANSION SCHEME-XXVIII AND XXIX,2025-01-01,260.3,172.79,98.0,24,22,2,66.38109873223203,Transmission_System,4.0,10.372646945831733,-31.618901267767967,0,0.9166666666666666,0.6638109873223204,0.0,0.0
N18000355,TRANSMISSION SYSTEM ASSOCIATED WITH WESTERN REGION EXPANSION SCHEME- XXVIII AND XXIX,2025-02-01,260.3,180.79,98.0,24,23,1,69.45447560507107,Transmission_System,0.0,3.0733768728390345,-28.545524394928933,0,0.9583333333333334,0.6945447560507106,0.0,0.0
N18000355,TRANSMISSION SYSTEM ASSOCIATED WITH WESTERN REGION EXPANSION SCHEME- XXVIII AND XXIX,2025-03-01,260.3,187.79,100.0,24,24,0,72.14368036880522,Transmission_System,2.0,2.6892047637341534,-27.85631963119478,0,1.0,0.7214368036880522,0.0,0.0
N18000356,TRANSMISSION SYSTEM SCHEME FOR EVACUATION OF POWER FROM REZ RAJASTHAN (8.1 GW) UNDER PHASE-II PART,2024-08-01,1433.28,485.77,40.0,18,17,1,33.89219133735209,Transmission_System,0.0,0.0,-6.107808662647912,0,0.9444444444444444,0.3389219133735209,0.0,3.0
N18000356,1346  TRANSMISSION SYSTEM SCHEME FOR EVACUATION OF POWER FROM REZ RAJASTHAN (8.1 GW) UNDER PHASE-II PART,2024-09-01,1433.28,540.47,40.0,18,18,0,37.70861241348515,Transmission_System,0.0,3.816421076133061,-2.291387586514851,0,1.0,0.3770861241348515,0.0,3.0
N18000356,TRANSMISSION SYSTEM SCHEME FOR EVACUATION OF POWER FROM REZ RAJASTHAN (8.1 GW) UNDER PHASE-II PART,2024-12-01,1433.28,704.47,72.0,18,21,-3,49.15089863808886,Transmission_System,10.666666666666666,3.8140954082012377,-22.84910136191114,3,1.1666666666666667,0.4915089863808886,0.0,6.0
N18000356,TRANSMISSION SYSTEM SCHEME FOR EVACUATION OF POWER FROM REZ RAJASTHAN (8.1 GW) UNDER PHASE-II PART,2025-01-01,1433.28,801.47,80.0,18,22,-4,55.91859231971422,Transmission_System,8.0,6.76769368162536,-24.08140768028578,4,1.2222222222222223,0.5591859231971422,0.0,6.0
N18000356,TRANSMISSION SYSTEM SCHEME FOR EVACUATION OF POWER FROM REZ RAJASTHAN (8.1 GW) UNDER PHASE-II PART,2025-02-01,1433.28,811.47,87.0,18,23,-5,56.61629269926323,Transmission_System,7.0,0.6977003795490049,-30.383707300736777,5,1.2777777777777777,0.5661629269926323,0.0,8.0
N18000356,TRANSMISSION SYSTEM SCHEME FOR EVACUATION OF POWER FROM REZ RAJASTHAN (8.1 GW) UNDER PHASE-II PART,2025-03-01,1433.28,850.47,89.0,18,24,-6,59.33732417950436,Transmission_System,2.0,2.7210314802411304,-29.662675820495643,6,1.3333333333333333,0.5933732417950436,0.0,8.0
N18000356,TRANSMISSION SYSTEM SCHEME FOR EVACUATION OF POWER FROM REZ RAJASTHAN (8.1 GW) UNDER PHASE-II PART,2025-04-01,1433.28,956.47,90.7,18,25,-7,66.73294820272383,Transmission_System,1.7000000000000028,7.395624023219476,-23.96705179727617,7,1.3888888888888888,0.6673294820272383,0.0,12.0
N18000356,TRANSMISSION SYSTEM SCHEME FOR EVACUATION OF POWER FROM REZ RAJASTHAN (8.1 GW) UNDER PHASE-II PART,2025-05-01,1433.28,1281.27,91.9,18,26,-8,89.39425653047556,Transmission_System,1.2000000000000028,22.66130832775173,-2.5057434695244467,8,1.4444444444444444,0.8939425653047556,0.0,12.0
N18000356,TRANSMISSION SYSTEM SCHEME FOR EVACUATION OF POWER FROM REZ RAJASTHAN (8.1 GW) UNDER PHASE-II PART,2025-06-01,1433.28,1290.22,91.9,18,27,-9,90.01869837017192,Transmission_System,0.0,0.6244418396963596,-1.8813016298280871,9,1.5,0.9001869837017192,0.0,12.0
N18000357,ESTABLISHMENT OF KHAVDA POOLING STATION 3 (KPS3) IN KHAVDA RE PARK,2024-08-01,922.3,191.77,25.0,21,17,4,20.792583757996315,Substation_Grid_Equipment,0.0,0.0,-4.207416242003685,0,0.8095238095238095,0.2079258375799631,0.0,2.0
N18000357,ESTABLISHMENT OF KHAVDA POOLING STATION 3 (KPS3) IN KHAVDA RE PARK,2024-09-01,922.3,259.67,30.0,21,18,3,28.154613466334165,Substation_Grid_Equipment,5.0,7.36202970833785,-1.8453865336658344,0,0.8571428571428571,0.2815461346633416,0.0,2.0
N18000357,ESTABLISHMENT OF KHAVDA POOLING STATION 3 (KPS3) IN KHAVDA RE PARK,2024-12-01,922.3,350.67,70.0,21,21,0,38.02125121977664,Substation_Grid_Equipment,13.333333333333334,3.2888792511474905,-31.978748780223363,0,1.0,0.3802125121977663,0.0,2.0
N18000357,ESTABLISHMENT OF KHAVDA POOLING STATION 3 (KPS3) IN KHAVDA RE PARK,2025-01-01,922.3,465.67,74.0,21,22,-1,50.490079149951214,Substation_Grid_Equipment,4.0,12.468827930174577,-23.509920850048783,1,1.0476190476190477,0.5049007914995122,0.0,3.0
N18000357,ESTABLISHMENT OF KHAVDA POOLING STATION 3 (KPS3) IN KHAVDA RE PARK,2025-02-01,922.3,513.67,83.0,21,23,-2,55.69445950341537,Substation_Grid_Equipment,9.0,5.20438035346416,-27.305540496584623,2,1.0952380952380951,0.5569445950341537,0.0,3.0
N18000357,ESTABLISHMENT OF KHAVDA POOLING STATION 3 (KPS3) IN KHAVDA RE PARK,2025-03-01,922.3,587.67,88.0,21,24,-3,63.71787921500596,Substation_Grid_Equipment,5.0,8.023419711590584,-24.28212078499404,3,1.1428571428571428,0.6371787921500596,0.0,5.0
N18000357,ESTABLISHMENT OF KHAVDA POOLING STATION 3 (KPS3) IN KHAVDA RE PARK,2025-04-01,922.3,672.67,88.7,21,25,-4,72.93396942426543,Substation_Grid_Equipment,0.7000000000000028,9.21609020925947,-15.766030575734575,4,1.1904761904761905,0.7293396942426543,0.0,5.0
N18000357,ESTABLISHMENT OF KHAVDA POOLING STATION 3 (KPS3) IN KHAVDA RE PARK,2025-05-01,922.3,823.07,88.7,21,26,-5,89.24102786511982,Substation_Grid_Equipment,0.0,16.30705844085439,0.5410278651198155,5,1.238095238095238,0.8924102786511982,0.0,6.0
N18000357,ESTABLISHMENT OF KHAVDA POOLING STATION 3 (KPS3) IN KHAVDA RE PARK,2025-06-01,922.3,830.14,90.5,21,27,-6,90.00758972134881,Substation_Grid_Equipment,1.7999999999999972,0.7665618562289893,-0.4924102786511923,6,1.2857142857142858,0.9000758972134881,0.0,7.0
N18000359,"KHAVDA-2, GUJARAT- ESTABLISHMENT OF KHAVDA POOLING STATION-2 (KPS2) IN KHAVDA RE PARK",2024-08-01,966.79,120.72,33.0,21,17,4,12.486682733582269,Substation_Grid_Equipment,0.0,0.0,-20.51331726641773,0,0.8095238095238095,0.1248668273358226,0.0,2.0
N18000359,"KHAVDA-2, GUJARAT- ESTABLISHMENT OF KHAVDA POOLING STATION-2 (KPS2) IN KHAVDA RE PARK",2024-09-01,966.79,133.22,37.0,21,18,3,13.779621220740804,Substation_Grid_Equipment,4.0,1.2929384871585352,-23.220378779259196,0,0.8571428571428571,0.137796212207408,0.0,2.0
N18000359,"KHAVDA-2, GUJARAT- ESTABLISHMENT OF KHAVDA POOLING STATION-2 (KPS2) IN KHAVDA RE PARK",2024-11-01,966.79,176.22,63.0,21,20,1,18.227329616566163,Substation_Grid_Equipment,13.0,2.2238541979126794,-44.772670383433834,0,0.9523809523809524,0.1822732961656616,0.0,2.0
N18000359,"KHAVDA-2, GUJARAT- ESTABLISHMENT OF KHAVDA POOLING STATION-2 (KPS2) IN KHAVDA RE PARK",2024-12-01,966.79,293.22,70.0,21,21,0,30.329233856370053,Substation_Grid_Equipment,7.0,12.10190423980389,-39.67076614362995,0,1.0,0.3032923385637005,0.0,2.0
N18000359,"KHAVDA-2, GUJARAT- ESTABLISHMENT OF KHAVDA POOLING STATION-2 (KPS2) IN KHAVDA RE PARK",2025-01-01,966.79,362.22,74.0,21,22,-1,37.466254305485165,Substation_Grid_Equipment,4.0,7.137020449115113,-36.533745694514835,1,1.0476190476190477,0.3746625430548516,0.0,3.0
N18000359,"KHAVDA-2, GUJARAT- ESTABLISHMENT OF KHAVDA POOLING STATION-2 (KPS2) IN KHAVDA RE PARK",2025-02-01,966.79,433.22,82.0,21,23,-2,44.810144912545645,Substation_Grid_Equipment,8.0,7.34389060706048,-37.189855087454355,2,1.0952380952380951,0.4481014491254564,0.0,3.0
N18000359,"KHAVDA-2, GUJARAT- ESTABLISHMENT OF KHAVDA POOLING STATION-2 (KPS2) IN KHAVDA RE PARK",2025-03-01,966.79,548.22,90.0,21,24,-3,56.70517899440417,Substation_Grid_Equipment,8.0,11.895034081858526,-33.29482100559583,3,1.1428571428571428,0.5670517899440417,0.0,5.0
N18000359,"KHAVDA-2, GUJARAT- ESTABLISHMENT OF KHAVDA POOLING STATION-2 (KPS2) IN KHAVDA RE PARK",2025-04-01,966.79,646.22,93.0,21,25,-4,66.84181673372707,Substation_Grid_Equipment,3.0,10.1366377393229,-26.15818326627293,4,1.1904761904761905,0.6684181673372707,0.0,5.0
N18000359,"KHAVDA-2, GUJARAT- ESTABLISHMENT OF KHAVDA POOLING STATION-2 (KPS2) IN KHAVDA RE PARK",2025-05-01,966.79,859.0,93.6,21,26,-5,88.85073283753454,Substation_Grid_Equipment,0.5999999999999943,22.008916103807465,-4.749267162465458,5,1.238095238095238,0.8885073283753454,0.0,6.0
N18000359,"KHAVDA-2, GUJARAT- ESTABLISHMENT OF KHAVDA POOLING STATION-2 (KPS2) IN KHAVDA RE PARK",2025-06-01,966.79,870.1,93.6,21,27,-6,89.99886221413131,Substation_Grid_Equipment,0.0,1.1481293765967706,-3.601137785868687,6,1.2857142857142858,0.899988622141313,0.0,8.0
N18000360,"KHAVDA PHASE-II-PART B, GUJARAT- TRANSMISSION SCHEME FOR EVACUATION OF 4.5 GW RE INJECTION AT KHAVDA",2024-08-01,1167.55,376.14,20.0,24,17,7,32.2161791786219,Transmission_System,0.0,0.0,12.2161791786219,0,0.7083333333333334,0.322161791786219,0.0,0.0
N18000360,"KHAVDA PHASE-II-PART B, GUJARAT- TRANSMISSION SCHEME FOR EVACUATION OF 4.5 GW RE INJECTION AT KHAVDA",2024-09-01,1167.55,509.14,22.0,24,18,6,43.6075542803306,Transmission_System,2.0,11.391375101708704,21.607554280330604,0,0.75,0.436075542803306,0.0,0.0
N18000360,"KHAVDA PHASE-II-PART B, GUJARAT- TRANSMISSION SCHEME FOR EVACUATION OF 4.5 GW RE INJECTION AT KHAVDA",2024-11-01,1167.55,521.14,26.0,24,20,4,44.63534752259004,Transmission_System,2.0,0.5138966211297173,18.63534752259004,0,0.8333333333333334,0.4463534752259004,0.0,0.0
N18000360,"KHAVDA PHASE-II-PART B, GUJARAT- TRANSMISSION SCHEME FOR EVACUATION OF 4.5 GW RE INJECTION AT KHAVDA",2024-12-01,1167.55,588.14,38.0,24,21,3,50.373859791871865,Transmission_System,12.0,5.738512269281827,12.373859791871864,0,0.875,0.5037385979187187,0.0,0.0
N18000360,"KHAVDA PHASE-II-PART B, GUJARAT- TRANSMISSION SCHEME FOR EVACUATION OF 4.5 GW RE INJECTION AT KHAVDA",2025-01-01,1167.55,622.14,47.0,24,22,2,53.285940644940254,Transmission_System,9.0,2.912080853068389,6.285940644940254,0,0.9166666666666666,0.5328594064494026,0.0,1.0
N18000360,"KHAVDA PHASE-II-PART B, GUJARAT- TRANSMISSION SCHEME FOR EVACUATION OF 4.5 GW RE INJECTION AT KHAVDA",2025-02-01,1167.55,651.14,56.0,24,23,1,55.76977431373389,Transmission_System,9.0,2.483833668793636,-0.2302256862661096,0,0.9583333333333334,0.5576977431373389,0.0,3.0
N18000360,"KHAVDA PHASE-II-PART B, GUJARAT- TRANSMISSION SCHEME FOR EVACUATION OF 4.5 GW RE INJECTION AT KHAVDA",2025-03-01,1167.55,677.14,69.0,24,24,0,57.99665967196266,Transmission_System,13.0,2.2268853582287704,-11.00334032803734,0,1.0,0.5799665967196266,0.0,3.0
N18000360,"KHAVDA PHASE-II-PART B, GUJARAT- TRANSMISSION SCHEME FOR EVACUATION OF 4.5 GW RE INJECTION AT KHAVDA",2025-04-01,1167.55,712.14,83.7,24,25,-1,60.994389961886,Transmission_System,14.700000000000005,2.9977302899233393,-22.705610038114003,1,1.0416666666666667,0.60994389961886,0.0,6.0
N18000360,"KHAVDA PHASE-II-PART B, GUJARAT- TRANSMISSION SCHEME FOR EVACUATION OF 4.5 GW RE INJECTION AT KHAVDA",2025-05-01,1167.55,950.0,86.1,24,26,-2,81.36696501220506,Transmission_System,2.3999999999999915,20.372575050319057,-4.733034987794937,2,1.0833333333333333,0.8136696501220506,0.0,6.0
N18000360,"KHAVDA PHASE-II-PART B, GUJARAT- TRANSMISSION SCHEME FOR EVACUATION OF 4.5 GW RE INJECTION AT KHAVDA",2025-06-01,1167.55,957.39,90.0,24,27,-3,81.99991435056316,Transmission_System,3.9000000000000057,0.6329493383581024,-8.00008564943684,3,1.125,0.8199991435056316,0.0,6.0
N18000361,"KHAVDA PHASE-II-PART C, GUJARAT- TRANSMISSION SCHEME FOR EVACUATION OF 4.5 GW RE INJECTION AT KHAVDA",2024-08-01,2820.99,152.1,18.0,24,17,7,5.391724181936129,Transmission_System,0.0,0.0,-12.60827581806387,0,0.7083333333333334,0.0539172418193612,0.0,0.0
N18000361,"KHAVDA PHASE-II-PART C, GUJARAT- TRANSMISSION SCHEME FOR EVACUATION OF 4.5 GW RE INJECTION AT KHAVDA",2024-09-01,2820.99,336.1,19.0,24,18,6,11.914257051602451,Transmission_System,1.0,6.522532869666322,-7.085742948397549,0,0.75,0.1191425705160245,0.0,0.0
N18000361,"KHAVDA PHASE-II-PART C, GUJARAT- TRANSMISSION SCHEME FOR EVACUATION OF 4.5 GW RE INJECTION AT KHAVDA",2024-11-01,2820.99,1858.46,22.0,24,20,4,65.87970889652215,Transmission_System,1.5,26.98272592245985,43.879708896522146,0,0.8333333333333334,0.6587970889652215,0.0,0.0
N18000361,"KHAVDA PHASE-II-PART C, GUJARAT- TRANSMISSION SCHEME FOR EVACUATION OF 4.5 GW RE INJECTION AT KHAVDA",2024-12-01,2820.99,2002.46,41.0,24,21,3,70.98429983800014,Transmission_System,19.0,5.104590941477994,29.98429983800014,0,0.875,0.7098429983800014,0.0,0.0
N18000361,"KHAVDA PHASE-II-PART C, GUJARAT- TRANSMISSION SCHEME FOR EVACUATION OF 4.5 GW RE INJECTION AT KHAVDA",2025-01-01,2820.99,2063.46,52.0,24,22,2,73.14666127848734,Transmission_System,11.0,2.162361440487203,21.146661278487343,0,0.9166666666666666,0.7314666127848735,0.0,1.0
N18000361,"KHAVDA PHASE-II-PART C, GUJARAT- TRANSMISSION SCHEME FOR EVACUATION OF 4.5 GW RE INJECTION AT KHAVDA",2025-02-01,2820.99,2211.46,61.0,24,23,1,78.39304641278417,Transmission_System,9.0,5.24638513429683,17.393046412784173,0,0.9583333333333334,0.7839304641278417,0.0,3.0
N18000361,"KHAVDA PHASE-II-PART C, GUJARAT- TRANSMISSION SCHEME FOR EVACUATION OF 4.5 GW RE INJECTION AT KHAVDA",2025-03-01,2820.99,2304.46,68.0,24,24,0,81.68976139582205,Transmission_System,7.0,3.296714983037873,13.689761395822046,0,1.0,0.8168976139582205,0.0,3.0
N18000361,"KHAVDA PHASE-II-PART C, GUJARAT- TRANSMISSION SCHEME FOR EVACUATION OF 4.5 GW RE INJECTION AT KHAVDA",2025-04-01,2820.99,2304.46,68.0,24,25,-1,81.68976139582205,Transmission_System,0.0,0.0,13.689761395822046,1,1.0416666666666667,0.8168976139582205,0.0,3.0
N18000361,"KHAVDA PHASE-II-PART C, GUJARAT- TRANSMISSION SCHEME FOR EVACUATION OF 4.5 GW RE INJECTION AT KHAVDA",2025-05-01,2820.99,2418.0,76.5,24,26,-2,85.71458955898463,Transmission_System,8.5,4.0248281631625815,9.214589558984628,2,1.0833333333333333,0.8571458955898463,0.0,6.0
N18000361,"KHAVDA PHASE-II-PART C, GUJARAT- TRANSMISSION SCHEME FOR EVACUATION OF 4.5 GW RE INJECTION AT KHAVDA",2025-06-01,2820.99,2418.0,82.6,24,27,-3,85.71458955898463,Transmission_System,6.099999999999994,0.0,3.1145895589846333,3,1.125,0.8571458955898463,0.0,6.0
N18000372,TRANSMISSION SYSTEM FOR EVACUATION OF POWER FROM RAJASTHAN REZ PHASE-IV PART- I (BIKANER COMPLEX) PAR,2024-11-01,202.39,20.04,76.0,19,17,2,9.901674983941897,Transmission_System,0.0,0.0,-66.0983250160581,0,0.8947368421052632,0.0990167498394189,0.0,11.0
N18000372,TRANSMISSION SYSTEM FOR EVACUATION OF POWER FROM RAJASTHAN REZ PHASE-IV PART-I (BIKANER COMPLEX) PAR,2024-12-01,202.39,20.04,89.0,19,18,1,9.901674983941897,Transmission_System,13.0,0.0,-79.0983250160581,0,0.9473684210526316,0.0990167498394189,0.0,1.0
N18000372,TRANSMISSION SYSTEM FOR EVACUATION OF POWER FROM RAJASTHAN REZ PHASE-IV PART-I (BIKANER COMPLEX) PAR,2025-01-01,202.39,20.04,100.0,19,19,0,9.901674983941897,Transmission_System,11.0,0.0,-90.0983250160581,0,1.0,0.0990167498394189,0.0,1.0
N18000373,"TS FOR EVACUATION OF POWER FROM REZ IN RAJASTHAN (20GW) UNDER PHASE-III, PART E1",2024-08-01,688.74,121.1,18.0,18,12,6,17.582832418619507,Transmission_System,0.0,0.0,-0.4171675813804931,0,0.6666666666666666,0.175828324186195,0.0,0.0
N18000373,"TS FOR EVACUATION OF POWER FROM REZ IN RAJASTHAN (20GW) UNDER PHASE-III, PART E1",2024-11-01,688.74,121.1,65.0,18,15,3,17.582832418619507,Transmission_System,15.666666666666666,0.0,-47.4171675813805,0,0.8333333333333334,0.175828324186195,0.0,0.0
N18000373,"TS FOR EVACUATION OF POWER FROM REZ IN RAJASTHAN (20GW) UNDER PHASE-III, PART E1",2024-12-01,688.74,215.0,70.0,18,16,2,31.21642419490664,Transmission_System,5.0,13.633591776287131,-38.78357580509336,0,0.8888888888888888,0.3121642419490664,0.0,0.0
N18000373,"TS FOR EVACUATION OF POWER FROM REZ IN RAJASTHAN (20GW) UNDER PHASE-III, PART E1",2025-01-01,688.74,264.0,72.0,18,17,1,38.330865057931874,Transmission_System,2.0,7.114440863025234,-33.669134942068126,0,0.9444444444444444,0.3833086505793187,0.0,1.0
N18000373,"TS FOR EVACUATION OF POWER FROM REZ IN RAJASTHAN (20GW) UNDER PHASE-III, PART E1",2025-02-01,688.74,315.0,87.0,18,18,0,45.73569126230508,Transmission_System,15.0,7.404826204373208,-41.26430873769492,0,1.0,0.4573569126230508,0.0,2.0
N18000373,"TS FOR EVACUATION OF POWER FROM REZ IN RAJASTHAN (20GW) UNDER PHASE-III, PART E1",2025-03-01,688.74,330.0,89.0,18,19,-1,47.91358132241484,Transmission_System,2.0,2.1778900601097604,-41.08641867758516,1,1.0555555555555556,0.4791358132241484,0.0,2.0
N18000373,"TS FOR EVACUATION OF POWER FROM REZ IN RAJASTHAN (20GW) UNDER PHASE-III, PART E1",2025-04-01,688.74,411.0,91.0,18,20,-2,59.674187647007585,Transmission_System,2.0,11.760606324592745,-31.325812352992415,2,1.1111111111111112,0.5967418764700758,0.0,7.0
N18000373,"TS FOR EVACUATION OF POWER FROM REZ IN RAJASTHAN (20GW) UNDER PHASE- III, PART E1",2025-05-01,688.74,507.0,92.0,18,21,-3,73.61268403171007,Transmission_System,1.0,13.93849638470249,-18.38731596828993,3,1.1666666666666667,0.7361268403171007,0.0,7.0
N18000373,"TS FOR EVACUATION OF POWER FROM REZ IN RAJASTHAN (20GW) UNDER PHASE-III, PART E1",2025-06-01,688.74,564.77,93.0,18,22,-4,82.00046461654615,Transmission_System,1.0,8.38778058483608,-10.999535383453846,4,1.2222222222222223,0.8200046461654615,0.0,7.0
N18000374,TS FOR EVACUATION POWER FROM REZ IN RAJASTHAN (20GW) UNDER PHASE-III PART H,2024-08-01,2211.0,183.03,12.0,18,10,8,8.278154681139755,Other_Power_Transmission,0.0,0.0,-3.721845318860245,0,0.5555555555555556,0.0827815468113975,0.0,0.0
N18000374,TS FOR EVACUATION POWER FROM REZ IN RAJASTHAN (20GW) UNDER PHASE-III PART H,2024-11-01,2211.0,458.63,28.0,18,13,5,20.743102668475803,Other_Power_Transmission,5.333333333333333,4.15498266244535,-7.256897331524197,0,0.7222222222222222,0.207431026684758,0.0,0.0
N18000374,TS FOR EVACUATION POWER FROM REZ IN RAJASTHAN (20GW) UNDER PHASE-III PART H,2024-12-01,2211.0,603.63,35.0,18,14,4,27.30122116689281,Other_Power_Transmission,7.0,6.558118498417006,-7.698778833107191,0,0.7777777777777778,0.2730122116689281,0.0,0.0
N18000374,TS FOR EVACUATION POWER FROM REZ IN RAJASTHAN (20GW) UNDER PHASE-III PART H,2025-01-01,2211.0,720.63,43.0,18,15,3,32.59294436906377,Other_Power_Transmission,8.0,5.291723202170964,-10.407055630936227,0,0.8333333333333334,0.3259294436906377,0.0,0.0
N18000374,TS FOR EVACUATION POWER FROM REZ IN RAJASTHAN (20GW) UNDER PHASE-III PART H,2025-02-01,2211.0,905.63,49.0,18,16,2,40.96019900497512,Other_Power_Transmission,6.0,8.367254635911344,-8.039800995024883,0,0.8888888888888888,0.4096019900497512,0.0,1.0
N18000374,TS FOR EVACUATION POWER FROM REZ IN RAJASTHAN (20GW) UNDER PHASE-III PART H,2025-03-01,2211.0,1023.63,53.0,18,17,1,46.29715061058345,Other_Power_Transmission,4.0,5.336951605608334,-6.702849389416549,0,0.9444444444444444,0.4629715061058345,0.0,1.0
N18000374,TS FOR EVACUATION POWER FROM REZ IN RAJASTHAN (20GW) UNDER PHASE-III PART H,2025-04-01,2211.0,1227.63,57.0,18,18,0,55.52374491180462,Other_Power_Transmission,4.0,9.22659430122117,-1.47625508819538,0,1.0,0.5552374491180462,0.0,4.0
N18000374,TS FOR EVACUATION POWER FROM REZ IN RAJASTHAN (20GW) UNDER PHASE-III PART H,2025-05-01,2211.0,1551.8,60.9,18,19,-1,70.18543645409316,Other_Power_Transmission,3.8999999999999986,14.661691542288544,9.285436454093166,1,1.0555555555555556,0.7018543645409316,0.0,4.0
N18000374,TS FOR EVACUATION POWER FROM REZ IN RAJASTHAN (20GW) UNDER PHASE-III PART H,2025-06-01,2211.0,1702.27,69.4,18,20,-2,76.99095431931254,Other_Power_Transmission,8.500000000000007,6.805517865219372,7.59095431931253,2,1.1111111111111112,0.7699095431931253,0.0,4.0
N18000376,TS FOR EVACUATION POWER FROM REZ IN RAJASTHAN (20GW) UNDER PHASE-III PART B1,2024-08-01,2191.0,431.06,12.0,19,11,8,19.6741214057508,Other_Power_Transmission,0.0,0.0,7.6741214057508,0,0.5789473684210527,0.196741214057508,0.0,0.0
N18000376,TS FOR EVACUATION POWER FROM REZ IN RAJASTHAN (20GW) UNDER PHASE-III PART B1,2024-11-01,2191.0,668.26,42.0,19,14,5,30.50022820629849,Other_Power_Transmission,10.0,3.6087022668492303,-11.499771793701507,0,0.7368421052631579,0.3050022820629849,0.0,0.0
N18000376,TS FOR EVACUATION POWER FROM REZ IN RAJASTHAN (20GW) UNDER PHASE-III PART B1,2024-12-01,2191.0,738.26,47.0,19,15,4,33.69511638521223,Other_Power_Transmission,5.0,3.1948881789137396,-13.30488361478777,0,0.7894736842105263,0.3369511638521223,0.0,0.0
N18000376,TS FOR EVACUATION POWER FROM REZ IN RAJASTHAN (20GW) UNDER PHASE-III PART B1,2025-01-01,2191.0,843.26,53.0,19,16,3,38.48744865358284,Other_Power_Transmission,6.0,4.792332268370608,-14.512551346417162,0,0.8421052631578947,0.3848744865358284,0.0,0.0
N18000376,TS FOR EVACUATION POWER FROM REZ IN RAJASTHAN (20GW) UNDER PHASE-III PART B1,2025-02-01,2191.0,895.26,58.0,19,17,2,40.860794157918754,Other_Power_Transmission,5.0,2.3733455043359157,-17.139205842081246,0,0.8947368421052632,0.4086079415791875,0.0,2.0
N18000376,TS FOR EVACUATION POWER FROM REZ IN RAJASTHAN (20GW) UNDER PHASE-III PART B1,2025-03-01,2191.0,980.26,64.0,19,18,1,44.74030123231401,Other_Power_Transmission,6.0,3.879507074395256,-19.25969876768599,0,0.9473684210526316,0.4474030123231401,0.0,2.0
N18000376,TS FOR EVACUATION POWER FROM REZ IN RAJASTHAN (20GW) UNDER PHASE-III PART B1,2025-04-01,2191.0,1103.26,64.0,19,19,0,50.35417617526243,Other_Power_Transmission,0.0,5.613874942948421,-13.645823824737567,0,1.0,0.5035417617526243,0.0,4.0
N18000376,TS FOR EVACUATION POWER FROM REZ IN RAJASTHAN (20GW) UNDER PHASE-III PART B1,2025-05-01,2191.0,1440.66,67.9,19,20,-1,65.75353719762666,Other_Power_Transmission,3.9000000000000057,15.399361022364223,-2.1464628023733496,1,1.0526315789473684,0.6575353719762665,0.0,4.0
N18000376,TS FOR EVACUATION POWER FROM REZ IN RAJASTHAN (20GW) UNDER PHASE-III PART B1,2025-06-01,2191.0,1511.45,75.7,19,21,-2,68.98448197170242,Other_Power_Transmission,7.799999999999997,3.230944774075766,-6.715518028297581,2,1.105263157894737,0.6898448197170243,0.0,5.0
N18000377,TS FOR EVACUATION OF 7GW RE INJECTION AT KHAVDA PS UNDER PHASE-IV PART E4,2024-09-01,224.0,0.0,0.0,20,10,10,0.0,Other_Power_Transmission,0.0,0.0,0.0,0,0.5,0.0,0.0,0.0
N18000377,TS FOR EVACUATION OF 7GW RE INJECTION AT KHAVDA PS UNDER PHASE-IV PART E4,2024-11-01,224.0,0.0,1.0,20,12,8,0.0,Other_Power_Transmission,0.5,0.0,-1.0,0,0.6,0.0,0.0,0.0
N18000377,TS FOR EVACUATION OF 7GW RE INJECTION AT KHAVDA PS UNDER PHASE-IV PART E4,2024-12-01,224.0,0.0,3.0,20,13,7,0.0,Other_Power_Transmission,2.0,0.0,-3.0,0,0.65,0.0,0.0,0.0
N18000377,TS FOR EVACUATION OF 7GW RE INJECTION AT KHAVDA PS UNDER PHASE-IV PART E4,2025-01-01,224.0,0.0,3.0,20,14,6,0.0,Other_Power_Transmission,0.0,0.0,-3.0,0,0.7,0.0,0.0,0.0
N18000377,TS FOR EVACUATION OF 7GW RE INJECTION AT KHAVDA PS UNDER PHASE-IV PART E4,2025-02-01,224.0,0.0,3.0,20,15,5,0.0,Other_Power_Transmission,0.0,0.0,-3.0,0,0.75,0.0,0.0,0.0
N18000377,TS FOR EVACUATION OF 7GW RE INJECTION AT KHAVDA PS UNDER PHASE-IV PART E4,2025-03-01,224.0,0.0,3.0,20,16,4,0.0,Other_Power_Transmission,0.0,0.0,-3.0,0,0.8,0.0,0.0,0.0
N18000377,TS FOR EVACUATION OF 7GW RE INJECTION AT KHAVDA PS UNDER PHASE-IV PART E4,2025-04-01,224.0,0.0,5.0,20,17,3,0.0,Other_Power_Transmission,2.0,0.0,-5.0,0,0.85,0.0,0.0,2.0
N18000377,TS FOR EVACUATION OF 7GW RE INJECTION AT KHAVDA PS UNDER PHASE- IV PART E4,2025-05-01,224.0,2.64,6.0,20,18,2,1.1785714285714286,Other_Power_Transmission,1.0,1.1785714285714286,-4.821428571428571,0,0.9,0.0117857142857142,0.0,2.0
N18000377,TS FOR EVACUATION OF 7GW RE INJECTION AT KHAVDA PS UNDER PHASE-IV PART E4,2025-06-01,224.0,15.68,7.0,20,19,1,6.999999999999999,Other_Power_Transmission,1.0,5.82142857142857,-8.881784197001252e-16,0,0.95,0.0699999999999999,0.0,4.0
N18000379,TS FOR EVACUATION POWER FROM REZ IN RAJASTHAN (20GW) UNDER PHASE-III PART E2,2024-08-01,428.0,0.0,1.0,19,9,10,0.0,Other_Power_Transmission,0.0,0.0,-1.0,0,0.4736842105263157,0.0,0.0,0.0
N18000379,1354 TS FOR EVACUATION POWER FROM REZ IN RAJASTHAN (20GW) UNDER PHASE-III PART E2,2024-09-01,428.0,0.0,1.0,19,10,9,0.0,Other_Power_Transmission,0.0,0.0,-1.0,0,0.5263157894736842,0.0,0.0,0.0
N18000379,TS FOR EVACUATION POWER FROM REZ IN RAJASTHAN (20GW) UNDER PHASE-III PART E2,2024-11-01,428.0,0.0,3.0,19,12,7,0.0,Other_Power_Transmission,1.0,0.0,-3.0,0,0.631578947368421,0.0,0.0,0.0
N18000379,TS FOR EVACUATION POWER FROM REZ IN RAJASTHAN (20GW) UNDER PHASE-III PART E2,2024-12-01,428.0,0.0,6.0,19,13,6,0.0,Other_Power_Transmission,3.0,0.0,-6.0,0,0.6842105263157895,0.0,0.0,0.0
N18000379,TS FOR EVACUATION POWER FROM REZ IN RAJASTHAN (20GW) UNDER PHASE-III PART E2,2025-01-01,428.0,0.0,6.0,19,14,5,0.0,Other_Power_Transmission,0.0,0.0,-6.0,0,0.7368421052631579,0.0,0.0,0.0
N18000379,TS FOR EVACUATION POWER FROM REZ IN RAJASTHAN (20GW) UNDER PHASE-III PART E2,2025-02-01,428.0,0.0,6.0,19,15,4,0.0,Other_Power_Transmission,0.0,0.0,-6.0,0,0.7894736842105263,0.0,0.0,0.0
N18000379,TS FOR EVACUATION POWER FROM REZ IN RAJASTHAN (20GW) UNDER PHASE-III PART E2,2025-03-01,428.0,0.0,20.0,19,16,3,0.0,Other_Power_Transmission,14.0,0.0,-20.0,0,0.8421052631578947,0.0,0.0,0.0
N18000379,TS FOR EVACUATION POWER FROM REZ IN RAJASTHAN (20GW) UNDER PHASE-III PART E2,2025-04-01,428.0,0.0,35.0,19,17,2,0.0,Other_Power_Transmission,15.0,0.0,-35.0,0,0.8947368421052632,0.0,0.0,3.0
N18000379,TS FOR EVACUATION POWER FROM REZ IN RAJASTHAN (20GW) UNDER PHASE-III PART E2,2025-05-01,428.0,51.42,42.0,19,18,1,12.014018691588785,Other_Power_Transmission,7.0,12.014018691588785,-29.985981308411215,0,0.9473684210526316,0.1201401869158878,0.0,3.0
N18000379,TS FOR EVACUATION POWER FROM REZ IN RAJASTHAN (20GW) UNDER PHASE-III PART E2,2025-06-01,428.0,85.6,45.0,19,19,0,20.0,Other_Power_Transmission,3.0,7.985981308411216,-25.0,0,1.0,0.2,0.0,3.0
N18000384,TS FOR EVACUATION OF ADDITIONAL 7GW RE POWER FROM KHAVDA RE PARK UNDER PHASE-III PART B [VATAMAN TRA,2024-08-01,3752.0,113.02,1.0,24,8,16,3.0122601279317696,Other_Power_Transmission,0.0,0.0,2.0122601279317696,0,0.3333333333333333,0.0301226012793176,0.0,0.0
N18000384,TS FOR EVACUATION OF ADDITIONAL 7GW RE POWER FROM KHAVDA RE PARK UNDER PHASE-III PART B [VATAMAN TRA,2024-09-01,3752.0,187.02,1.0,24,9,15,4.98454157782516,Other_Power_Transmission,0.0,1.9722814498933907,3.98454157782516,0,0.375,0.0498454157782516,0.0,0.0
N18000384,TS FOR EVACUATION OF ADDITIONAL 7GW RE POWER FROM KHAVDA RE PARK UNDER PHASE-III PART B [VATAMAN TRA,2024-11-01,3752.0,292.02,1.6,24,11,13,7.7830490405117265,Other_Power_Transmission,0.3,1.3992537313432831,6.183049040511726,0,0.4583333333333333,0.0778304904051172,0.0,0.0
N18000384,TS FOR EVACUATION OF ADDITIONAL 7GW RE POWER FROM KHAVDA RE PARK UNDER PHASE-III PART B [VATAMAN TRA,2024-12-01,3752.0,351.02,4.0,24,12,12,9.355543710021324,Other_Power_Transmission,2.4,1.5724946695095978,5.355543710021324,0,0.5,0.0935554371002132,0.0,0.0
N18000384,TS FOR EVACUATION OF ADDITIONAL 7GW RE POWER FROM KHAVDA RE PARK UNDER PHASE-III PART B [VATAMAN TRA,2025-01-01,3752.0,357.02,5.0,24,13,11,9.51545842217484,Other_Power_Transmission,1.0,0.1599147121535153,4.51545842217484,0,0.5416666666666666,0.0951545842217484,0.0,0.0
N18000384,TS FOR EVACUATION OF ADDITIONAL 7GW RE POWER FROM KHAVDA RE PARK UNDER PHASE-III PART B [VATAMAN TRA,2025-02-01,3752.0,497.02,7.0,24,14,10,13.24680170575693,Other_Power_Transmission,2.0,3.73134328358209,6.24680170575693,0,0.5833333333333334,0.1324680170575693,0.0,0.0
N18000384,TS FOR EVACUATION OF ADDITIONAL 7GW RE POWER FROM KHAVDA RE PARK UNDER PHASE-III PART B [VATAMAN TRA,2025-03-01,3752.0,617.02,9.0,24,15,9,16.445095948827294,Other_Power_Transmission,2.0,3.1982942430703645,7.445095948827294,0,0.625,0.1644509594882729,0.0,0.0
N18000384,TS FOR EVACUATION OF ADDITIONAL 7GW RE POWER FROM KHAVDA RE PARK UNDER PHASE-III PART B [VATAMAN TRA,2025-04-01,3752.0,797.02,12.0,24,16,8,21.24253731343283,Other_Power_Transmission,3.0,4.797441364605536,9.24253731343283,0,0.6666666666666666,0.2124253731343283,0.0,6.0
N18000384,TS FOR EVACUATION OF ADDITIONAL 7GW RE POWER FROM KHAVDA RE PARK UNDER PHASE-III PART B [VATAMAN TRA,2025-05-01,3752.0,1365.02,13.9,24,17,7,36.38113006396589,Other_Power_Transmission,1.9000000000000004,15.13859275053306,22.481130063965892,0,0.7083333333333334,0.3638113006396589,0.0,6.0
N18000384,TS FOR EVACUATION OF ADDITIONAL 7GW RE POWER FROM KHAVDA RE PARK UNDER PHASE-III PART B [VATAMAN TRA,2025-06-01,3752.0,1463.23,20.0,24,18,6,38.99866737739872,Other_Power_Transmission,6.1,2.617537313432827,18.99866737739872,0,0.75,0.3899866737739871,0.0,6.0
N18000385,TS FOR INTRGRATION OF RE ZONE (PHASE II) IN KOPPAL II (PHASE A&B) AND GADAG II (PHASE A) IN KARNATAK,2024-08-01,2889.0,0.0,0.0,24,8,16,0.0,Other_Power_Transmission,0.0,0.0,0.0,0,0.3333333333333333,0.0,0.0,0.0
N18000385,TS FOR INTRGRATION OF RE ZONE (PHASE II) IN KOPPAL II (PHASE A&B) AND GADAG II (PHASE A) IN KARNATAK,2024-09-01,2889.0,0.0,0.0,24,9,15,0.0,Other_Power_Transmission,0.0,0.0,0.0,0,0.375,0.0,0.0,0.0
N18000385,TS FOR INTRGRATION OF RE ZONE (PHASE II) IN KOPPAL II (PHASE A and B) AND GADAG II (PHASE A) IN KARN,2024-12-01,2889.0,207.0,11.0,24,12,12,7.165109034267912,Other_Power_Transmission,3.6666666666666665,2.388369678089304,-3.834890965732088,0,0.5,0.0716510903426791,0.0,0.0
N18000385,TS FOR INTRGRATION OF RE ZONE (PHASE II) IN KOPPAL II (PHASE A and B) AND GADAG II (PHASE A) IN KARN,2025-01-01,2889.0,250.0,13.0,24,13,11,8.653513326410522,Other_Power_Transmission,2.0,1.4884042921426095,-4.346486673589478,0,0.5416666666666666,0.0865351332641052,0.0,0.0
N18000385,TS FOR INTRGRATION OF RE ZONE (PHASE II) IN KOPPAL II (PHASE A and B) AND GADAG II (PHASE A) IN KARN,2025-02-01,2889.0,319.0,17.0,24,14,10,11.041883004499828,Other_Power_Transmission,4.0,2.3883696780893064,-5.958116995500172,0,0.5833333333333334,0.1104188300449982,0.0,0.0
N18000385,TS FOR INTRGRATION OF RE ZONE (PHASE II) IN KOPPAL II (PHASE A and B) AND GADAG II (PHASE A) IN KARN,2025-03-01,2889.0,413.0,20.0,24,15,9,14.295604015230184,Other_Power_Transmission,3.0,3.253721010730356,-5.704395984769816,0,0.625,0.1429560401523018,0.0,0.0
N18000385,TS FOR INTRGRATION OF RE ZONE (PHASE II) IN KOPPAL II (PHASE A and B) AND GADAG II (PHASE A) IN KARN,2025-04-01,2889.0,602.0,24.9,24,16,8,20.837660089996536,Other_Power_Transmission,4.899999999999999,6.542056074766352,-4.0623399100034625,0,0.6666666666666666,0.2083766008999653,0.0,0.0
N18000385,TS FOR INTRGRATION OF RE ZONE (PHASE II) IN KOPPAL II (PHASE A and B) AND GADAG II (PHASE A) IN KARN,2025-05-01,2889.0,891.98,28.5,24,17,7,30.87504326756663,Other_Power_Transmission,3.6000000000000014,10.037383177570096,2.375043267566632,0,0.7083333333333334,0.3087504326756663,0.0,0.0
N18000385,TS FOR INTRGRATION OF RE ZONE (PHASE II) IN KOPPAL II (PHASE A and B) AND GADAG II (PHASE A) IN KARN,2025-06-01,2889.0,1011.29,36.7,24,18,6,35.00484596746279,Other_Power_Transmission,8.200000000000003,4.12980269989616,-1.6951540325372108,0,0.75,0.3500484596746279,0.0,0.0
N18000386,TS FOR EVACUATION OF POWER FROM RAJASTHAN REZ PH-IV (PART-1) [BIKANER COMPLEX] PART A [BIKANER III N,2024-08-01,2998.0,107.08,3.0,24,8,16,3.5717144763175455,Transmission_System,0.0,0.0,0.5717144763175455,0,0.3333333333333333,0.0357171447631754,0.0,0.0
N18000386,TS FOR EVACUATION OF POWER FROM RAJASTHAN REZ PH-IV (PART-1) [BIKANER COMPLEX] PART A [BIKANER III N,2024-11-01,2998.0,239.98,15.0,24,11,13,8.004669779853234,Transmission_System,4.0,1.4776517678452297,-6.995330220146766,0,0.4583333333333333,0.0800466977985323,0.0,0.0
N18000386,TS FOR EVACUATION OF POWER FROM RAJASTHAN REZ PH-IV (PART-1) [BIKANER COMPLEX] PART A [BIKANER III N,2024-12-01,2998.0,269.98,26.0,24,12,12,9.005336891260841,Transmission_System,11.0,1.000667111407607,-16.99466310873916,0,0.5,0.0900533689126084,0.0,0.0
N18000386,TS FOR EVACUATION OF POWER FROM RAJASTHAN REZ PH-IV (PART-1) [BIKANER COMPLEX] PART A [BIKANER III N,2025-01-01,2998.0,356.98,26.0,24,13,11,11.907271514342897,Transmission_System,0.0,2.901934623082056,-14.092728485657103,0,0.5416666666666666,0.1190727151434289,0.0,0.0
N18000386,TS FOR EVACUATION OF POWER FROM RAJASTHAN REZ PH-IV (PART-1) [BIKANER COMPLEX] PART A [BIKANER III N,2025-02-01,2998.0,420.98,35.0,24,14,10,14.04202801867912,Transmission_System,9.0,2.134756504336224,-20.95797198132088,0,0.5833333333333334,0.1404202801867912,0.0,0.0
N18000386,TS FOR EVACUATION OF POWER FROM RAJASTHAN REZ PH-IV (PART-1) [BIKANER COMPLEX] PART A [BIKANER III N,2025-03-01,2998.0,527.98,39.0,24,15,9,17.611074049366245,Transmission_System,4.0,3.569046030687124,-21.388925950633755,0,0.625,0.1761107404936624,0.0,0.0
N18000386,TS FOR EVACUATION OF POWER FROM RAJASTHAN REZ PH-IV (PART-1) [BIKANER COMPLEX] PART A [BIKANER III N,2025-04-01,2998.0,729.98,42.2,24,16,8,24.34889926617745,Transmission_System,3.200000000000003,6.737825216811206,-17.851100733822552,0,0.6666666666666666,0.2434889926617745,0.0,0.0
N18000386,TS FOR EVACUATION OF POWER FROM RAJASTHAN REZ PH-IV (PART-1) [BIKANER COMPLEX] PART A [BIKANER III N,2025-05-01,2998.0,1112.98,45.3,24,17,7,37.124082721814545,Transmission_System,3.0999999999999943,12.775183455637094,-8.175917278185452,0,0.7083333333333334,0.3712408272181454,0.0,0.0
N18000386,TS FOR EVACUATION OF POWER FROM RAJASTHAN REZ PH-IV (PART-1) [BIKANER COMPLEX] PART A [BIKANER III N,2025-06-01,2998.0,1439.18,47.1,24,18,6,48.00466977985324,Transmission_System,1.8000000000000045,10.880587058038692,0.9046697798532364,0,0.75,0.4800466977985324,0.0,0.0
N18000388,"TS FOR SOLAR ENERGY ZONE IN BIDAR (2500MW), KARNATAKA [BIDAR TRANSMISSION LTD]",2024-08-01,2148.0,0.0,3.0,24,6,18,0.0,Other_Power_Transmission,0.0,0.0,-3.0,0,0.25,0.0,0.0,0.0
N18000388,"TS FOR SOLAR ENERGY ZONE IN BIDAR (2500MW), KARNATAKA [BIDAR TRANSMISSION LTD]",2024-09-01,2148.0,0.0,3.0,24,7,17,0.0,Other_Power_Transmission,0.0,0.0,-3.0,0,0.2916666666666667,0.0,0.0,0.0
N18000388,"TS FOR SOLAR ENERGY ZONE IN BIDAR (2500MW), KARNATAKA [BIDAR TRANSMISSION LTD]",2024-11-01,2148.0,173.0,17.0,24,9,15,8.054003724394786,Other_Power_Transmission,7.0,4.027001862197393,-8.945996275605214,0,0.375,0.0805400372439478,0.0,0.0
N18000388,"TS FOR SOLAR ENERGY ZONE IN BIDAR (2500MW), KARNATAKA [BIDAR TRANSMISSION LTD]",2024-12-01,2148.0,224.0,23.0,24,10,14,10.42830540037244,Other_Power_Transmission,6.0,2.3743016759776534,-12.57169459962756,0,0.4166666666666667,0.1042830540037244,0.0,0.0
N18000388,"TS FOR SOLAR ENERGY ZONE IN BIDAR (2500MW), KARNATAKA [BIDAR TRANSMISSION LTD]",2025-01-01,2148.0,318.0,28.0,24,11,13,14.80446927374302,Other_Power_Transmission,5.0,4.376163873370581,-13.19553072625698,0,0.4583333333333333,0.1480446927374302,0.0,0.0
N18000388,"TS FOR SOLAR ENERGY ZONE IN BIDAR (2500MW), KARNATAKA [BIDAR TRANSMISSION LTD]",2025-02-01,2148.0,354.0,30.0,24,12,12,16.480446927374302,Other_Power_Transmission,2.0,1.675977653631282,-13.519553072625698,0,0.5,0.164804469273743,0.0,0.0
N18000388,"TS FOR SOLAR ENERGY ZONE IN BIDAR (2500MW), KARNATAKA [BIDAR TRANSMISSION LTD]",2025-03-01,2148.0,436.0,36.0,24,13,11,20.297951582867785,Other_Power_Transmission,6.0,3.817504655493483,-15.702048417132216,0,0.5416666666666666,0.2029795158286778,0.0,0.0
N18000388,"TS FOR SOLAR ENERGY ZONE IN BIDAR (2500MW), KARNATAKA [BIDAR TRANSMISSION LTD]",2025-04-01,2148.0,557.0,36.0,24,14,10,25.931098696461824,Other_Power_Transmission,0.0,5.633147113594038,-10.068901303538176,0,0.5833333333333334,0.2593109869646182,0.0,0.0
N18000388,"TS FOR SOLAR ENERGY ZONE IN BIDAR (2500MW), KARNATAKA [BIDAR TRANSMISSION LTD]",2025-05-01,2148.0,846.6,43.8,24,15,9,39.41340782122905,Other_Power_Transmission,7.799999999999997,13.482309124767228,-4.386592178770947,0,0.625,0.3941340782122905,0.0,0.0
N18000388,"TS FOR SOLAR ENERGY ZONE IN BIDAR (2500MW), KARNATAKA [BIDAR TRANSMISSION LTD]",2025-06-01,2148.0,923.47,52.2,24,16,8,42.992085661080075,Other_Power_Transmission,8.400000000000006,3.578677839851025,-9.207914338919927,0,0.6666666666666666,0.4299208566108007,0.0,0.0
N18000389,TS FOR EVACUATION OF POWER FROM REZ IN RAJASTHAN (20GW) UNDER PH-III PART D [SIKAR KHETRI TRANSMISSI,2024-11-01,2000.0,272.94,18.0,18,9,9,13.647,Transmission_System,0.0,0.0,-4.353,0,0.5,0.13647,0.0,0.0
N18000389,TS FOR EVACUATION OF POWER FROM REZ IN RAJASTHAN (20GW) UNDER PH-III PART D [SIKAR KHETRI TRANSMISSI,2024-12-01,2000.0,393.0,28.0,18,10,8,19.65,Transmission_System,10.0,6.002999999999998,-8.350000000000001,0,0.5555555555555556,0.1964999999999999,0.0,0.0
N18000389,TS FOR EVACUATION OF POWER FROM REZ IN RAJASTHAN (20GW) UNDER PH-III PART D [SIKAR KHETRI TRANSMISSI,2025-01-01,2000.0,482.0,32.0,18,11,7,24.1,Transmission_System,4.0,4.450000000000003,-7.899999999999999,0,0.6111111111111112,0.241,0.0,0.0
N18000389,TS FOR EVACUATION OF POWER FROM REZ IN RAJASTHAN (20GW) UNDER PH-III PART D [SIKAR KHETRI TRANSMISSI,2025-02-01,2000.0,535.0,43.0,18,12,6,26.75,Transmission_System,11.0,2.6499999999999986,-16.25,0,0.6666666666666666,0.2675,0.0,0.0
N18000389,TS FOR EVACUATION OF POWER FROM REZ IN RAJASTHAN (20GW) UNDER PH-III PART D [SIKAR KHETRI TRANSMISSI,2025-03-01,2000.0,683.0,47.0,18,13,5,34.150000000000006,Transmission_System,4.0,7.400000000000006,-12.849999999999994,0,0.7222222222222222,0.3415000000000001,0.0,0.0
N18000389,TS FOR EVACUATION OF POWER FROM REZ IN RAJASTHAN (20GW) UNDER PH- III PART D [SIKAR KHETRI TRANSMISSI,2025-04-01,2000.0,823.0,50.9,18,14,4,41.15,Transmission_System,3.8999999999999986,6.999999999999993,-9.75,0,0.7777777777777778,0.4115,0.0,0.0
N18000389,TS FOR EVACUATION OF POWER FROM REZ IN RAJASTHAN (20GW) UNDER PH-III PART D [SIKAR KHETRI TRANSMISSI,2025-05-01,2000.0,823.0,51.0,18,15,3,41.15,Transmission_System,0.1000000000000014,0.0,-9.85,0,0.8333333333333334,0.4115,0.0,0.0
N18000389,TS FOR EVACUATION OF POWER FROM REZ IN RAJASTHAN (20GW) UNDER PH-III PART D [SIKAR KHETRI TRANSMISSI,2025-06-01,2000.0,1200.0,58.0,18,16,2,60.0,Transmission_System,7.0,18.85,2.0,0,0.8888888888888888,0.6,0.0,1.0
N18000390,TS FOR EVACUATION OF POWER FROM 7GW REZ IN KHAVDA AREA UNDER PHASE-IV PART E2,2024-09-01,679.0,0.0,0.0,24,4,20,0.0,Transmission_System,0.0,0.0,0.0,0,0.1666666666666666,0.0,0.0,0.0
N18000390,TS FOR EVACUATION OF POWER FROM 7GW REZ IN KHAVDA AREA UNDER PHASE-IV PART E2,2024-11-01,679.0,0.0,0.0,24,6,18,0.0,Transmission_System,0.0,0.0,0.0,0,0.25,0.0,0.0,0.0
N18000390,TS FOR EVACUATION OF POWER FROM 7GW REZ IN KHAVDA AREA UNDER PHASE-IV PART E2,2024-12-01,679.0,0.0,3.0,24,7,17,0.0,Transmission_System,3.0,0.0,-3.0,0,0.2916666666666667,0.0,0.0,0.0
N18000390,TS FOR EVACUATION OF POWER FROM 7GW REZ IN KHAVDA AREA UNDER PHASE-IV PART E2,2025-01-01,679.0,0.0,4.0,24,8,16,0.0,Transmission_System,1.0,0.0,-4.0,0,0.3333333333333333,0.0,0.0,0.0
N18000390,TS FOR EVACUATION OF POWER FROM 7GW REZ IN KHAVDA AREA UNDER PHASE-IV PART E2,2025-02-01,679.0,0.0,6.0,24,9,15,0.0,Transmission_System,2.0,0.0,-6.0,0,0.375,0.0,0.0,0.0
N18000390,TS FOR EVACUATION OF POWER FROM 7GW REZ IN KHAVDA AREA UNDER PHASE-IV PART E2,2025-03-01,679.0,0.0,9.0,24,10,14,0.0,Transmission_System,3.0,0.0,-9.0,0,0.4166666666666667,0.0,0.0,0.0
N18000390,TS FOR EVACUATION OF POWER FROM 7GW REZ IN KHAVDA AREA UNDER PHASE-IV PART E2,2025-04-01,679.0,0.0,12.0,24,11,13,0.0,Transmission_System,3.0,0.0,-12.0,0,0.4583333333333333,0.0,0.0,0.0
N18000390,TS FOR EVACUATION OF POWER FROM 7GW REZ IN KHAVDA AREA UNDER PHASE- IV PART E2,2025-05-01,679.0,47.74,15.0,24,12,12,7.030927835051546,Transmission_System,3.0,7.030927835051546,-7.969072164948454,0,0.5,0.0703092783505154,0.0,0.0
N18000390,TS FOR EVACUATION OF POWER FROM 7GW REZ IN KHAVDA AREA UNDER PHASE-IV PART E2,2025-06-01,679.0,67.9,16.8,24,13,11,10.0,Transmission_System,1.8000000000000007,2.9690721649484537,-6.800000000000001,0,0.5416666666666666,0.1,0.0,-3.0
N18000391,TS FOR EVACUATION POWER FROM RAJASTHAN REZ PH-IV (PART-2:5.5GW) PART-B (JAISALMER/BARMER COMPLEX),2024-11-01,3279.0,0.0,0.0,24,3,21,0.0,Other_Power_Transmission,0.0,0.0,0.0,0,0.125,0.0,0.0,0.0
N18000391,TS FOR EVACUATION POWER FROM RAJASTHAN REZ PH-IV (PART-2:5.5GW) PART- B (JAISALMER/BARMER COMPLEX),2024-12-01,3279.0,34.0,2.0,24,4,20,1.036901494358036,Other_Power_Transmission,2.0,1.036901494358036,-0.963098505641964,0,0.1666666666666666,0.0103690149435803,0.0,0.0
N18000391,TS FOR EVACUATION POWER FROM RAJASTHAN REZ PH-IV (PART-2:5.5GW) PART-B (JAISALMER/BARMER COMPLEX),2025-01-01,3279.0,34.0,4.0,24,5,19,1.036901494358036,Other_Power_Transmission,2.0,0.0,-2.9630985056419643,0,0.2083333333333333,0.0103690149435803,0.0,0.0
N18000391,TS FOR EVACUATION POWER FROM RAJASTHAN REZ PH-IV (PART-2:5.5GW) PART-B (JAISALMER/BARMER COMPLEX),2025-02-01,3279.0,43.0,7.0,24,6,18,1.3113754193351632,Other_Power_Transmission,3.0,0.2744739249771273,-5.688624580664837,0,0.25,0.0131137541933516,0.0,0.0
N18000391,TS FOR EVACUATION POWER FROM RAJASTHAN REZ PH-IV (PART-2:5.5GW) PART-B (JAISALMER/BARMER COMPLEX),2025-03-01,3279.0,61.0,7.0,24,7,17,1.8603232692894176,Other_Power_Transmission,0.0,0.5489478499542544,-5.139676730710582,0,0.2916666666666667,0.0186032326928941,0.0,0.0
N18000391,TS FOR EVACUATION POWER FROM RAJASTHAN REZ PH-IV (PART-2:5.5GW) PART-B (JAISALMER/BARMER COMPLEX),2025-04-01,3279.0,134.0,10.9,24,8,16,4.086611771881672,Other_Power_Transmission,3.9,2.2262885025922543,-6.813388228118328,0,0.3333333333333333,0.0408661177188167,0.0,0.0
N18000391,TS FOR EVACUATION POWER FROM RAJASTHAN REZ PH-IV (PART-2:5.5GW) PART-B (JAISALMER/BARMER COMPLEX),2025-05-01,3279.0,293.9,16.4,24,9,15,8.963098505641963,Other_Power_Transmission,5.499999999999998,4.876486733760291,-7.436901494358036,0,0.375,0.0896309850564196,0.0,0.0
N18000391,TS FOR EVACUATION POWER FROM RAJASTHAN REZ PH-IV (PART-2:5.5GW) PART-B (JAISALMER/BARMER COMPLEX),2025-06-01,3279.0,491.85,18.6,24,10,14,15.0,Other_Power_Transmission,2.200000000000003,6.0369014943580375,-3.6000000000000014,0,0.4166666666666667,0.15,0.0,0.0
N18000392,TS FOR EVACUATION POWER RAJASTHAN REZ PH-IV (PART- 2:5.5GW) (JAISALMER/BARMER COMPLEX): PART-C,2024-11-01,2708.0,0.0,0.0,24,3,21,0.0,Other_Power_Transmission,0.0,0.0,0.0,0,0.125,0.0,0.0,0.0
N18000392,TS FOR EVACUATION POWER RAJASTHAN REZ PH-IV (PART-2:5.5GW) (JAISALMER/BARMER COMPLEX): PART-C,2024-12-01,2708.0,25.0,5.0,24,4,20,0.9231905465288036,Other_Power_Transmission,5.0,0.9231905465288036,-4.0768094534711965,0,0.1666666666666666,0.009231905465288,0.0,0.0
N18000392,TS FOR EVACUATION POWER RAJASTHAN REZ PH-IV (PART-2:5.5GW) (JAISALMER/BARMER COMPLEX): PART- C,2025-01-01,2708.0,27.0,6.0,24,5,19,0.9970457902511078,Other_Power_Transmission,1.0,0.0738552437223042,-5.002954209748892,0,0.2083333333333333,0.009970457902511,0.0,0.0
N18000392,TS FOR EVACUATION POWER RAJASTHAN REZ PH-IV (PART- 2:5.5GW) (JAISALMER/BARMER COMPLEX): PART-C,2025-02-01,2708.0,27.0,6.0,24,6,18,0.9970457902511078,Other_Power_Transmission,0.0,0.0,-5.002954209748892,0,0.25,0.009970457902511,0.0,0.0
N18000392,TS FOR EVACUATION POWER RAJASTHAN REZ PH-IV (PART- 2:5.5GW) (JAISALMER/BARMER COMPLEX): PART-C,2025-03-01,2708.0,45.0,15.0,24,7,17,1.6617429837518465,Other_Power_Transmission,9.0,0.6646971935007386,-13.338257016248154,0,0.2916666666666667,0.0166174298375184,0.0,0.0
N18000392,TS FOR EVACUATION POWER RAJASTHAN REZ PH-IV (PART- 2:5.5GW) (JAISALMER/BARMER COMPLEX): PART-C,2025-04-01,2708.0,75.0,18.7,24,8,16,2.769571639586411,Other_Power_Transmission,3.6999999999999993,1.1078286558345645,-15.930428360413588,0,0.3333333333333333,0.0276957163958641,0.0,0.0
N18000392,TS FOR EVACUATION POWER RAJASTHAN REZ PH-IV (PART-2:5.5GW) (JAISALMER/BARMER COMPLEX): PART-C,2025-05-01,2708.0,189.9,21.7,24,9,15,7.012555391432793,Other_Power_Transmission,3.0,4.242983751846381,-14.687444608567208,0,0.375,0.0701255539143279,0.0,0.0
N18000392,TS FOR EVACUATION POWER RAJASTHAN REZ PH-IV (PART-2:5.5GW) (JAISALMER/BARMER COMPLEX): PART- C,2025-06-01,2708.0,622.84,25.7,24,10,14,23.0,Other_Power_Transmission,4.0,15.987444608567207,-2.6999999999999993,0,0.4166666666666667,0.23,0.0,0.0
N18000394,TS FOR EVACUATION POWER FROM RAJASTHAN REZ PH-IV (PART-2:5.5GW) (JAISALMER/BARMER COMPLEX) PART-E,2024-11-01,3251.0,0.0,0.0,24,3,21,0.0,Other_Power_Transmission,0.0,0.0,0.0,0,0.125,0.0,0.0,0.0
N18000394,TS FOR EVACUATION POWER FROM RAJASTHAN REZ PH-IV (PART-2:5.5GW) (JAISALMER/BARMER COMPLEX) PART-E,2024-12-01,3251.0,39.0,5.0,24,4,20,1.1996308828052906,Other_Power_Transmission,5.0,1.1996308828052906,-3.8003691171947094,0,0.1666666666666666,0.0119963088280529,0.0,0.0
N18000394,TS FOR EVACUATION POWER FROM RAJASTHAN REZ PH-IV (PART-2:5.5GW) (JAISALMER/BARMER COMPLEX) PART-E,2025-01-01,3251.0,62.0,6.0,24,5,19,1.9071055059981543,Other_Power_Transmission,1.0,0.7074746231928637,-4.092894494001846,0,0.2083333333333333,0.0190710550599815,0.0,0.0
N18000394,TS FOR EVACUATION POWER FROM RAJASTHAN REZ PH-IV (PART-2:5.5GW) (JAISALMER/BARMER COMPLEX) PART-E,2025-02-01,3251.0,75.0,7.0,24,6,18,2.3069824669332513,Other_Power_Transmission,1.0,0.3998769609350969,-4.693017533066749,0,0.25,0.0230698246693325,0.0,0.0
N18000394,TS FOR EVACUATION POWER FROM RAJASTHAN REZ PH-IV (PART-2:5.5GW) (JAISALMER/BARMER COMPLEX) PART-E,2025-03-01,3251.0,139.0,9.0,24,7,17,4.275607505382959,Other_Power_Transmission,2.0,1.968625038449708,-4.724392494617041,0,0.2916666666666667,0.0427560750538295,0.0,0.0
N18000394,TS FOR EVACUATION POWER FROM RAJASTHAN REZ PH-IV (PART-2:5.5GW) (JAISALMER/BARMER COMPLEX) PART-E,2025-04-01,3251.0,241.0,11.6,24,8,16,7.4131036604121805,Other_Power_Transmission,2.5999999999999996,3.137496155029221,-4.186896339587819,0,0.3333333333333333,0.0741310366041218,0.0,0.0
N18000394,TS FOR EVACUATION POWER FROM RAJASTHAN REZ PH-IV (PART-2:5.5GW) (JAISALMER/BARMER COMPLEX) PART-E,2025-05-01,3251.0,426.6,13.4,24,9,15,13.122116271916337,Other_Power_Transmission,1.8000000000000007,5.709012611504156,-0.2778837280836637,0,0.375,0.1312211627191633,0.0,0.0
N18000394,TS FOR EVACUATION POWER FROM RAJASTHAN REZ PH-IV (PART-2:5.5GW) (JAISALMER/BARMER COMPLEX) PART- E,2025-06-01,3251.0,650.2,16.2,24,10,14,20.0,Other_Power_Transmission,2.799999999999999,6.877883728083663,3.8000000000000007,0,0.4166666666666667,0.2,0.0,0.0
N18000395,AUGMENTATION OF 1500MVA 3RD 765/400KV TRANSFORMATION CAPACITY AT KURNOOL NEW SUBSTATION,2024-12-01,164.0,4.0,2.0,28,19,9,2.4390243902439024,Substation_Grid_Equipment,0.0,0.0,0.4390243902439024,0,0.6785714285714286,0.024390243902439,0.0,0.0
N18000395,AUGMENTATION OF 1500MVA 3RD 765/400KV TRANSFORMATION CAPACITY AT KURNOOL NEW SUBSTATION,2025-01-01,164.0,5.0,9.0,28,20,8,3.048780487804878,Substation_Grid_Equipment,7.0,0.6097560975609757,-5.951219512195122,0,0.7142857142857143,0.0304878048780487,0.0,0.0
N18000395,AUGMENTATION OF 1500MVA 3RD 765/400KV TRANSFORMATION CAPACITY AT KURNOOL NEW SUBSTATION,2025-02-01,164.0,66.0,12.0,28,21,7,40.2439024390244,Substation_Grid_Equipment,3.0,37.19512195121953,28.243902439024403,0,0.75,0.402439024390244,0.0,0.0
N18000395,AUGMENTATION OF 1500MVA 3RD 765/400KV TRANSFORMATION CAPACITY AT KURNOOL NEW SUBSTATION,2025-03-01,164.0,66.0,15.0,28,22,6,40.2439024390244,Substation_Grid_Equipment,3.0,0.0,25.243902439024403,0,0.7857142857142857,0.402439024390244,0.0,0.0
N18000395,AUGMENTATION OF 1500MVA 3RD 765/400KV TRANSFORMATION CAPACITY AT KURNOOL NEW SUBSTATION,2025-04-01,164.0,66.0,15.0,28,23,5,40.2439024390244,Substation_Grid_Equipment,0.0,0.0,25.243902439024403,0,0.8214285714285714,0.402439024390244,0.0,0.0
N18000395,AUGMENTATION OF 1500MVA 3RD 765/400KV TRANSFORMATION CAPACITY AT KURNOOL NEW SUBSTATION,2025-05-01,164.0,60.0,21.0,28,24,4,36.58536585365854,Substation_Grid_Equipment,6.0,-3.658536585365866,15.585365853658535,0,0.8571428571428571,0.3658536585365853,0.0,0.0
N18000395,AUGMENTATION OF 1500MVA 3RD 765/400KV TRANSFORMATION CAPACITY AT KURNOOL NEW SUBSTATION,2025-06-01,164.0,60.0,33.0,28,25,3,36.58536585365854,Substation_Grid_Equipment,12.0,0.0,3.585365853658537,0,0.8928571428571429,0.3658536585365853,0.0,0.0
N18000396,ADDITIONAL TRANSMISSION SYSTEM FOR EVACUATION OF POWER FROM BHADLA-III PS AS PART OF RAJASTHAN REZ P,2025-02-01,369.0,0.0,1.0,18,6,12,0.0,Transmission_System,0.0,0.0,-1.0,0,0.3333333333333333,0.0,0.0,0.0
N18000396,ADDITIONAL TRANSMISSION SYSTEM FOR EVACUATION OF POWER FROM BHADLA-III PS AS PART OF RAJASTHAN REZ P,2025-03-01,369.0,0.0,1.0,18,7,11,0.0,Transmission_System,0.0,0.0,-1.0,0,0.3888888888888889,0.0,0.0,0.0
N18000396,ADDITIONAL TRANSMISSION SYSTEM FOR EVACUATION OF POWER FROM BHADLA-III PS AS PART OF RAJASTHAN REZ P,2025-04-01,369.0,0.0,1.0,18,8,10,0.0,Transmission_System,0.0,0.0,-1.0,0,0.4444444444444444,0.0,0.0,0.0
N18000396,ADDITIONAL TRANSMISSION SYSTEM FOR EVACUATION OF POWER FROM BHADLA-III PS AS PART OF RAJASTHAN REZ P,2025-05-01,369.0,0.0,1.0,18,9,9,0.0,Transmission_System,0.0,0.0,-1.0,0,0.5,0.0,0.0,0.0
N18000396,ADDITIONAL TRANSMISSION SYSTEM FOR EVACUATION OF POWER FROM BHADLA-III PS AS PART OF RAJASTHAN REZ P,2025-06-01,369.0,10.3,3.8,18,10,8,2.791327913279133,Transmission_System,2.8,2.791327913279133,-1.0086720867208667,0,0.5555555555555556,0.0279132791327913,0.0,0.0
N18000397,TRANSMISSION SYSTEM STRENGTHENING FOR INTERCONNECTIONS OF BHADLA-III AND BIKANER III COMPLEX [SPV NA,2025-02-01,1382.0,0.0,1.0,24,6,18,0.0,Transmission_System,0.0,0.0,-1.0,0,0.25,0.0,0.0,0.0
N18000397,TRANSMISSION SYSTEM STRENGTHENING FOR INTERCONNECTIONS OF BHADLA- III AND BIKANER III COMPLEX [SPV NA,2025-03-01,1382.0,0.0,1.0,24,7,17,0.0,Transmission_System,0.0,0.0,-1.0,0,0.2916666666666667,0.0,0.0,0.0
N18000397,TRANSMISSION SYSTEM STRENGTHENING FOR INTERCONNECTIONS OF BHADLA-III AND BIKANER III COMPLEX [SPV NA,2025-04-01,1382.0,0.0,1.0,24,8,16,0.0,Transmission_System,0.0,0.0,-1.0,0,0.3333333333333333,0.0,0.0,0.0
N18000397,TRANSMISSION SYSTEM STRENGTHENING FOR INTERCONNECTIONS OF BHADLA-III AND BIKANER III COMPLEX [SPV NA,2025-05-01,1382.0,0.0,1.0,24,9,15,0.0,Transmission_System,0.0,0.0,-1.0,0,0.375,0.0,0.0,0.0
N18000397,TRANSMISSION SYSTEM STRENGTHENING FOR INTERCONNECTIONS OF BHADLA-III AND BIKANER III COMPLEX [SPV NA,2025-06-01,1382.0,27.6,1.0,24,10,14,1.9971056439942112,Transmission_System,0.0,1.9971056439942112,0.9971056439942112,0,0.4166666666666667,0.0199710564399421,0.0,0.0
N18000399,TRANSMISSION SYSTEM FOR EVACUATION OF POWER FROM RAJASTHAN REZ PH-IV [PART-2 5.5GW] [JAISALMER/BARME,2025-01-01,3674.0,54.0,1.0,24,3,21,1.4697876973326074,Transmission_System,0.0,0.0,0.4697876973326074,0,0.125,0.014697876973326,0.0,0.0
N18000399,TRANSMISSION SYSTEM FOR EVACUATION OF POWER FROM RAJASTHAN REZ PH-IV [PART-2 5.5GW] [JAISALMER/BARME,2025-02-01,3674.0,74.0,1.0,24,4,20,2.014153511159499,Transmission_System,0.0,0.5443658138268916,1.014153511159499,0,0.1666666666666666,0.0201415351115949,0.0,0.0
N18000399,TRANSMISSION SYSTEM FOR EVACUATION OF POWER FROM RAJASTHAN REZ PH-IV [PART-2 5.5GW] [JAISALMER/BARME,2025-03-01,3674.0,74.0,1.0,24,5,19,2.014153511159499,Transmission_System,0.0,0.0,1.014153511159499,0,0.2083333333333333,0.0201415351115949,0.0,0.0
N18000399,TRANSMISSION SYSTEM FOR EVACUATION OF POWER FROM RAJASTHAN REZ PH-IV [PART-2 5.5GW] [JAISALMER/BARME,2025-04-01,3674.0,81.0,7.0,24,6,18,2.2046815459989113,Transmission_System,6.0,0.1905280348394122,-4.795318454001089,0,0.25,0.0220468154599891,0.0,0.0
N18000399,TRANSMISSION SYSTEM FOR EVACUATION OF POWER FROM RAJASTHAN REZ PH-IV [PART-2 5.5GW] [JAISALMER/BARME,2025-05-01,3674.0,234.57,10.3,24,7,17,6.384594447468698,Transmission_System,3.3000000000000007,4.179912901469788,-3.9154055525313023,0,0.2916666666666667,0.0638459444746869,0.0,0.0
N18000399,TRANSMISSION SYSTEM FOR EVACUATION OF POWER FROM RAJASTHAN REZ PH-IV [PART-2 5.5GW] [JAISALMER/BARME,2025-06-01,3674.0,345.36,12.7,24,8,16,9.400108873162766,Transmission_System,2.3999999999999986,3.015514425694068,-3.299891126837233,0,0.3333333333333333,0.0940010887316276,0.0,0.0
N18000400,TRANSMISSION SYSTEM FOR EVACUATION OF POWER FROM POTENTIAL RENEWABLE ENERGY ZONE IN KHAVDA AREA OF G,2025-01-01,4766.0,65.0,1.0,24,3,21,1.3638271086865297,Transmission_System,0.0,0.0,0.3638271086865297,0,0.125,0.0136382710868652,0.0,0.0
N18000400,TRANSMISSION SYSTEM FOR EVACUATION OF POWER FROM POTENTIAL RENEWABLE ENERGY ZONE IN KHAVDA AREA OF G,2025-02-01,4766.0,65.0,1.0,24,4,20,1.3638271086865297,Transmission_System,0.0,0.0,0.3638271086865297,0,0.1666666666666666,0.0136382710868652,0.0,0.0
N18000400,TRANSMISSION SYSTEM FOR EVACUATION OF POWER FROM POTENTIAL RENEWABLE ENERGY ZONE IN KHAVDA AREA OF G,2025-03-01,4766.0,110.0,1.0,24,5,19,2.308015107007973,Transmission_System,0.0,0.9441879983214432,1.3080151070079729,0,0.2083333333333333,0.0230801510700797,0.0,0.0
N18000400,TRANSMISSION SYSTEM FOR EVACUATION OF POWER FROM POTENTIAL RENEWABLE ENERGY ZONE IN KHAVDA AREA OF G,2025-04-01,4766.0,155.0,2.5,24,6,18,3.252203105329417,Transmission_System,1.5,0.944187998321444,0.7522031053294169,0,0.25,0.0325220310532941,0.0,0.0
N18000400,TRANSMISSION SYSTEM FOR EVACUATION OF POWER FROM POTENTIAL RENEWABLE ENERGY ZONE IN KHAVDA AREA OF G,2025-05-01,4766.0,280.03,4.2,24,7,17,5.875577003776752,Transmission_System,1.7000000000000002,2.623373898447335,1.675577003776752,0,0.2916666666666667,0.0587557700377675,0.0,0.0
N18000400,TRANSMISSION SYSTEM FOR EVACUATION OF POWER FROM POTENTIAL RENEWABLE ENERGY ZONE IN KHAVDA AREA OF G,2025-06-01,4766.0,333.62,5.1,24,8,16,7.000000000000001,Transmission_System,0.8999999999999995,1.1244229962232488,1.9000000000000012,0,0.3333333333333333,0.07,0.0,0.0
N18000401,TRANSMISSION SYSTEM FOR EVACUATION OF POWER FROM RAJASTHAN REZ PH -IV [PART-2 5.5 GW] [JAISALMER/BAR,2025-05-01,2735.0,0.0,0.7,24,6,18,0.0,Transmission_System,0.0,0.0,-0.7,0,0.25,0.0,0.0,0.0
N18000401,TRANSMISSION SYSTEM FOR EVACUATION OF POWER FROM RAJASTHAN REZ PH -IV [PART-2 5.5 GW] [JAISALMER/BAR,2025-06-01,2735.0,27.35,3.8,24,7,17,1.0,Transmission_System,3.0999999999999996,1.0,-2.8,0,0.2916666666666667,0.01,0.0,0.0
N18000402,PROVISION OF DYNAMIC REACTIVE COMPENSATION AT KHAVDA POOLING STATION 1 [KPS1] AND KHAVDA POOLING STA,2025-02-01,501.0,0.0,6.0,24,3,21,0.0,Substation_Grid_Equipment,0.0,0.0,-6.0,0,0.125,0.0,0.0,-6.0
N18000402,PROVISION OF DYNAMIC REACTIVE COMPENSATION AT KHAVDA POOLING STATION 1 [KPS1] AND KHAVDA POOLING STA,2025-03-01,501.0,0.0,1.0,24,4,20,0.0,Substation_Grid_Equipment,-5.0,0.0,-1.0,0,0.1666666666666666,0.0,0.0,0.0
N18000402,PROVISION OF DYNAMIC REACTIVE COMPENSATION AT KHAVDA POOLING STATION 1 [KPS1] AND KHAVDA POOLING STA,2025-04-01,501.0,0.0,1.0,24,5,19,0.0,Substation_Grid_Equipment,0.0,0.0,-1.0,0,0.2083333333333333,0.0,0.0,0.0
N18000402,PROVISION OF DYNAMIC REACTIVE COMPENSATION AT KHAVDA POOLING STATION 1 [KPS1] AND KHAVDA POOLING STA,2025-05-01,501.0,0.0,1.0,24,6,18,0.0,Substation_Grid_Equipment,0.0,0.0,-1.0,0,0.25,0.0,0.0,0.0
N18000402,PROVISION OF DYNAMIC REACTIVE COMPENSATION AT KHAVDA POOLING STATION 1 [KPS1] AND KHAVDA POOLING STA,2025-06-01,501.0,5.01,1.0,24,7,17,1.0,Substation_Grid_Equipment,0.0,1.0,0.0,0,0.2916666666666667,0.01,0.0,0.0
N18000404,TRANSMISSION SYSTEM FOR EVACUATION OF POWER FROM RAJASTHAN REZ PH-IV [PART-3 (6 GW)] [BIKANER COMPLE,2025-05-01,5357.0,67.82,3.7,24,6,18,1.266007093522494,Transmission_System,0.0,0.0,-2.4339929064775063,0,0.25,0.0126600709352249,0.0,0.0
N18000404,TRANSMISSION SYSTEM FOR EVACUATION OF POWER FROM RAJASTHAN REZ PH-IV [PART-3 (6 GW)] [BIKANER COMPLE,2025-06-01,5357.0,107.14,3.8,24,7,17,2.0,Transmission_System,0.0999999999999996,0.7339929064775059,-1.7999999999999998,0,0.2916666666666667,0.02,0.0,0.0
N18000407,TRANSMISSION SYSTEM FOR EVACUATION OF POWER FROM RAJASTHAN REZ PH-IV (PART-4: 3.5 GW): PART A,2025-06-01,5846.0,198.76,2.1,24,6,18,3.399931577146767,Transmission_System,0.0,0.0,1.2999315771467668,0,0.25,0.0339993157714676,0.0,0.0
N18000408,TRANSMISSION SYSTEM UNDER ISTS FOR EVACUATION OF POWER FROM KUDANKULAM UNIT - 3 AND 4 (2X1000 MW),2025-06-01,548.0,9.32,2.5,42,5,37,1.700729927007299,Transmission_System,0.0,0.0,-0.7992700729927009,0,0.119047619047619,0.0170072992700729,0.0,0.0
