project_code,project_name,state,snapshot_date,start_date,original_doc,original_cost_cr,cumulative_expenditure_cr,physical_progress_pct,planned_duration_months,elapsed_months,months_to_original_target,expenditure_pct_of_original_cost,progress_gap_pct,project_category,target_cost_overrun_pct,target_schedule_overrun_months,delay_flag,cost_overrun_flag
400005,Transmission Network Expansion in Gujarat to increase its ATC from ISTS Part B,"Multi-States (Dadra & Nagar Haveli and Daman & Diu, Gujarat, Maharashtra",2025-07,07-2022,06-2023,4546.26,4148.46,93.0,11,36,-25,91.24995050876984,7.0,Transmission_System,0.0,30.0,1,0
400005,Transmission Network Expansion in Gujarat to increase its ATC from ISTS Part B,"Multi-States (Dadra & Nagar Haveli and Daman & Diu, Gujarat, Maharashtra",2025-08,07-2022,06-2023,4546.26,4172.96,93.0,11,37,-26,91.78885501489135,7.0,Transmission_System,0.0,30.0,1,0
400005,Transmission Network Expansion in Gujarat to increase its ATC from ISTS Part B,"Multi-States (Dadra & Nagar Haveli and Daman & Diu, Gujarat, Maharashtra",2025-09,07-2022,06-2023,4546.26,4210.29,93.0,11,38,-27,92.60996951340222,7.0,Transmission_System,0.0,30.0,1,0
400005,Transmission Network Expansion in Gujarat to increase its ATC from ISTS Part B,"Multi-States (Dadra & Nagar Haveli and Daman & Diu, Gujarat, Maharashtra",2025-10,07-2022,06-2023,4546.26,4210.3,93.0,11,39,-28,92.61018947442513,7.0,Transmission_System,0.0,30.0,1,0
400005,Transmission Network Expansion in Gujarat to increase its ATC from ISTS Part B,"Multi-States (Dadra & Nagar Haveli and Daman & Diu, Gujarat, Maharashtra",2025-11,07-2022,06-2023,4546.26,4318.95,94.0,11,40,-29,95.00006598830686,6.0,Transmission_System,0.0,30.0,1,0
400005,Transmission Network Expansion in Gujarat to increase its ATC from ISTS Part B,"Multi-States (Dadra & Nagar Haveli and Daman & Diu, Gujarat, Maharashtra",2025-12,07-2022,06-2023,4546.26,4358.49,95.0,11,41,-30,95.86979187288011,5.0,Transmission_System,0.0,33.0,1,0
400005,Transmission Network Expansion in Gujarat to increase its ATC from ISTS Part B,"Multi-States (Dadra & Nagar Haveli and Daman & Diu, Gujarat, Maharashtra",2026-01,07-2022,06-2023,4546.26,4482.15,96.0,11,42,-31,98.58982988214487,4.0,Transmission_System,0.0,35.0,1,0
400005,Transmission Network Expansion in Gujarat to increase its ATC from ISTS Part B,"Multi-States (Dadra & Nagar Haveli and Daman & Diu, Gujarat, Maharashtra",2026-02,07-2022,06-2023,4546.26,4500.79,98.0,11,43,-32,98.99983722884305,2.0,Transmission_System,0.0,35.0,1,0
400005,Transmission Network Expansion in Gujarat to increase its ATC from ISTS Part B,"Multi-States (Dadra & Nagar Haveli and Daman & Diu, Gujarat, Maharashtra",2026-03,07-2022,06-2023,4546.26,4523.49,99.65,11,44,-33,99.49914875084134,0.3499999999999943,Transmission_System,0.0,35.0,1,0
400005,Transmission Network Expansion in Gujarat to increase its ATC from ISTS Part B,"Multi-States (Dadra & Nagar Haveli and Daman & Diu, Gujarat, Maharashtra",2026-04,07-2022,06-2023,4546.26,4528.07,99.9,11,45,-34,99.59989089933264,0.09999999999999432,Transmission_System,0.0,35.0,1,0
602223,Comprehensive Scheme for Strengthening of Transmission and Distribution [T&D] Systems [CSST&DS] in Arunachal Pradesh and Sikkim,"Multi-States (Arunachal Pradesh, Sikkim",2025-07,01-2016,12-2018,4754.42,7321.07,81.0,35,114,-79,153.98450284156638,19.0,Other_Power_Transmission,0.0,99.0,1,0
602223,Comprehensive Scheme for Strengthening of Transmission and Distribution [T&D] Systems [CSST&DS] in Arunachal Pradesh and Sikkim,"Multi-States (Arunachal Pradesh, Sikkim",2025-08,01-2016,12-2018,4754.42,7462.2,81.0,35,115,-80,156.95289856596597,19.0,Other_Power_Transmission,92.0175331586187,99.0,1,1
602223,Comprehensive Scheme for Strengthening of Transmission and Distribution [T&D] Systems [CSST&DS] in Arunachal Pradesh and Sikkim,"Multi-States (Arunachal Pradesh, Sikkim",2025-09,10-2014,12-2018,4754.42,7598.33,82.0,50,131,-81,159.8161289915489,18.0,Other_Power_Transmission,92.0175331586187,99.0,1,1
602223,Comprehensive Scheme for Strengthening of Transmission and Distribution [T&D] Systems [CSST&DS] in Arunachal Pradesh and Sikkim,"Multi-States (Arunachal Pradesh, Sikkim",2025-10,10-2014,12-2018,4754.42,7705.14,82.0,50,132,-82,162.06267010487082,18.0,Other_Power_Transmission,92.0175331586187,99.0,1,1
602223,Comprehensive Scheme for Strengthening of Transmission and Distribution [T&D] Systems [CSST&DS] in Arunachal Pradesh and Sikkim,"Multi-States (Arunachal Pradesh, Sikkim",2025-11,10-2014,12-2018,4754.42,7778.18,82.0,50,133,-83,163.5989247899849,18.0,Other_Power_Transmission,92.0175331586187,99.0,1,1
602223,Comprehensive Scheme for Strengthening of Transmission and Distribution [T&D] Systems [CSST&DS] in Arunachal Pradesh and Sikkim,"Multi-States (Arunachal Pradesh, Sikkim",2025-12,10-2014,12-2018,4754.42,7809.22,82.0,50,134,-84,164.25179096503885,18.0,Other_Power_Transmission,92.0175331586187,99.0,1,1
602223,Comprehensive Scheme for Strengthening of Transmission and Distribution [T&D] Systems [CSST&DS] in Arunachal Pradesh and Sikkim,"Multi-States (Arunachal Pradesh, Sikkim",2026-01,10-2014,12-2018,4754.42,7904.16,83.0,50,135,-85,166.24866965896996,17.0,Other_Power_Transmission,92.0175331586187,99.0,1,1
602223,Comprehensive Scheme for Strengthening of Transmission and Distribution [T&D] Systems [CSST&DS] in Arunachal Pradesh and Sikkim,"Multi-States (Arunachal Pradesh, Sikkim",2026-02,10-2014,12-2018,4754.42,7951.63,83.0,50,136,-86,167.24710900593553,17.0,Other_Power_Transmission,92.0175331586187,99.0,1,1
602223,Comprehensive Scheme for Strengthening of Transmission and Distribution [T&D] Systems [CSST&DS] in Arunachal Pradesh and Sikkim,"Multi-States (Sikkim, Arunachal Pradesh",2026-03,10-2014,12-2018,4754.42,8033.8,83.3,50,137,-87,168.97539552668886,16.700000000000003,Other_Power_Transmission,92.0175331586187,99.0,1,1
602223,Comprehensive Scheme for Strengthening of Transmission and Distribution [T&D] Systems [CSST&DS] in Arunachal Pradesh and Sikkim,"Multi-States (Arunachal Pradesh, Sikkim",2026-04,10-2014,12-2018,4754.42,8069.4,83.4,50,138,-88,169.72417245426362,16.599999999999994,Other_Power_Transmission,92.0175331586187,99.0,1,1
602223,Comprehensive Scheme for Strengthening of Transmission and Distribution [T&D] Systems [CSST&DS] in Arunachal Pradesh and Sikkim,"Multi-States (Sikkim, Arunachal Pradesh",2026-05,10-2014,12-2018,4754.42,8088.57,83.5,50,139,-89,170.12737620992675,16.5,Other_Power_Transmission,92.0175331586187,99.0,1,1
602223,Comprehensive Scheme for Strengthening of Transmission and Distribution [T&D] Systems [CSST&DS] in Arunachal Pradesh and Sikkim,"Multi-States (Arunachal Pradesh, Sikkim",2026-06,10-2014,12-2018,4754.42,8128.74,83.8,50,140,-90,170.97227422061997,16.200000000000003,Other_Power_Transmission,92.0175331586187,99.0,1,1
606781,Transmission System for Strengthening of Srinagar-Leh Tr. System,"Multi-States (Jammu and Kashmir, Ladakh",2025-07,03-2022,12-2024,288.71,202.1,59.0,33,40,-7,70.00103910498424,41.0,Transmission_System,0.0,9.0,1,0
606781,Transmission System for Strengthening of Srinagar-Leh Tr. System,"Multi-States (Jammu and Kashmir, Ladakh",2025-08,03-2022,12-2024,288.71,207.8,75.0,33,41,-8,71.97533857504071,25.0,Transmission_System,0.0,10.0,1,0
606781,Transmission System for Strengthening of Srinagar-Leh Tr. System,"Multi-States (Jammu and Kashmir, Ladakh",2025-09,03-2022,12-2024,288.71,242.52,91.0,33,42,-9,84.00124692598109,9.0,Transmission_System,0.0,10.0,1,0
606781,Transmission System for Strengthening of Srinagar-Leh Tr. System,"Multi-States (Jammu and Kashmir, Ladakh",2025-10,03-2022,12-2024,288.71,280.02,99.0,33,43,-10,96.99005922898411,1.0,Transmission_System,0.0,11.0,1,0
607709,NORTH EASTERN REGION POWER SYSTEM IMPROVEMENT PROJECT [NERPSIP],"Multi-States (Meghalaya, Manipur, Mizoram, Tripura, Nagaland, Assam",2025-07,03-2016,12-2018,5111.33,5253.47,96.0,33,112,-79,102.78088090575253,4.0,Other_Power_Transmission,31.08134282075311,81.0,1,1
607709,NORTH EASTERN REGION POWER SYSTEM IMPROVEMENT PROJECT [NERPSIP],"Multi-States (Assam, Manipur, Meghalaya, Mizoram, Nagaland, Tripura",2025-08,03-2016,12-2018,5111.33,5277.24,96.0,33,113,-80,103.24592620707331,4.0,Other_Power_Transmission,31.08134282075311,84.0,1,1
607709,NORTH EASTERN REGION POWER SYSTEM IMPROVEMENT PROJECT [NERPSIP],"Multi-States (Assam, Manipur, Meghalaya, Mizoram, Nagaland, Tripura",2025-09,03-2016,12-2018,5111.33,5295.68,96.0,33,114,-81,103.60669336552326,4.0,Other_Power_Transmission,31.08134282075311,84.0,1,1
607709,NORTH EASTERN REGION POWER SYSTEM IMPROVEMENT PROJECT [NERPSIP],"Multi-States (Assam, Manipur, Meghalaya, Mizoram, Nagaland, Tripura",2025-10,03-2016,12-2018,5111.33,5317.79,96.0,33,115,-82,104.03926179683174,4.0,Other_Power_Transmission,31.08134282075311,87.0,1,1
607709,NORTH EASTERN REGION POWER SYSTEM IMPROVEMENT PROJECT [NERPSIP],"Multi-States (Assam, Manipur, Meghalaya, Mizoram, Nagaland, Tripura",2025-11,03-2016,12-2018,5111.33,5410.25,96.0,33,116,-83,105.84818432775813,4.0,Other_Power_Transmission,31.08134282075311,87.0,1,1
607709,NORTH EASTERN REGION POWER SYSTEM IMPROVEMENT PROJECT [NERPSIP],"Multi-States (Assam, Mizoram, Nagaland, Tripura, Manipur, Meghalaya",2025-12,03-2016,12-2018,5111.33,5442.41,96.0,33,117,-84,106.47737477329775,4.0,Other_Power_Transmission,31.08134282075311,87.0,1,1
607709,NORTH EASTERN REGION POWER SYSTEM IMPROVEMENT PROJECT [NERPSIP],"Multi-States (Assam, Manipur, Meghalaya, Mizoram, Nagaland, Tripura",2026-01,03-2016,12-2018,5111.33,5474.57,96.0,33,118,-85,107.10656521883737,4.0,Other_Power_Transmission,31.08134282075311,87.0,1,1
607709,NORTH EASTERN REGION POWER SYSTEM IMPROVEMENT PROJECT [NERPSIP],"Multi-States (Assam, Manipur, Meghalaya, Mizoram, Nagaland, Tripura",2026-02,03-2016,12-2018,5111.33,5506.73,96.0,33,119,-86,107.73575566437697,4.0,Other_Power_Transmission,31.08134282075311,87.0,1,1
607709,NORTH EASTERN REGION POWER SYSTEM IMPROVEMENT PROJECT [NERPSIP],"Multi-States (Meghalaya, Mizoram, Manipur, Nagaland, Tripura, Assam",2026-03,03-2016,12-2018,5111.33,5577.75,98.87,33,120,-87,109.12521789827696,1.1299999999999955,Other_Power_Transmission,31.08134282075311,99.0,1,1
607709,NORTH EASTERN REGION POWER SYSTEM IMPROVEMENT PROJECT [NERPSIP],"Multi-States (Mizoram, Manipur, Tripura, Assam, Meghalaya, Nagaland",2026-04,03-2016,12-2018,5111.33,5577.75,98.5,33,121,-88,109.12521789827696,1.5,Other_Power_Transmission,31.08134282075311,99.0,1,1
607709,NORTH EASTERN REGION POWER SYSTEM IMPROVEMENT PROJECT [NERPSIP],"Multi-States (Mizoram, Tripura, Assam, Meghalaya, Manipur, Nagaland",2026-05,03-2016,12-2018,5111.33,5577.75,99.0,33,122,-89,109.12521789827696,1.0,Other_Power_Transmission,31.08134282075311,99.0,1,1
607709,NORTH EASTERN REGION POWER SYSTEM IMPROVEMENT PROJECT [NERPSIP],"Multi-States (Mizoram, Meghalaya, Nagaland, Tripura, Assam, Manipur",2026-06,03-2016,12-2018,5111.33,5577.75,99.1,33,123,-90,109.12521789827696,0.9000000000000057,Other_Power_Transmission,31.08134282075311,99.0,1,1
608301,Transmission system strengthening scheme for evacuation of power from solar energy zones in Rajasthan 8.1 GW under Phase II- Part- G1,"Multi-States (Delhi, Uttar Pradesh",2025-07,02-2022,09-2023,359.47,330.71,93.0,19,41,-22,91.99933235040476,7.0,Transmission_System,0.0,26.0,1,0
608301,Transmission system strengthening scheme for evacuation of power from solar energy zones in Rajasthan 8.1 GW under Phase II- Part- G1,Delhi,2025-08,02-2022,09-2023,359.47,330.91,93.0,19,42,-23,92.05496981667454,7.0,Transmission_System,0.0,26.0,1,0
608301,Transmission system strengthening scheme for evacuation of power from solar energy zones in Rajasthan 8.1 GW under Phase II- Part- G1,Delhi,2025-09,02-2022,09-2023,359.47,336.11,94.0,19,43,-24,93.50154393968899,6.0,Transmission_System,0.0,26.0,1,0
608301,Transmission system strengthening scheme for evacuation of power from solar energy zones in Rajasthan 8.1 GW under Phase II- Part- G1,Delhi,2025-10,02-2022,09-2023,359.47,341.49,97.0,19,44,-25,94.99819178234623,3.0,Transmission_System,0.0,27.0,1,0
608302,Transmission system for evacuation of Power from Pakaldul HEP in Chenab Valley HEPs - LTA System,Jammu and Kashmir,2025-07,02-2022,04-2025,318.12,286.31,99.0,38,41,-3,90.00062869357475,1.0,Transmission_System,0.0,4.0,1,0
608302,Transmission system for evacuation of Power from Pakaldul HEP in Chenab Valley HEPs - LTA System,Jammu and Kashmir,2025-08,02-2022,04-2025,318.12,287.31,99.0,38,42,-4,90.3149754809506,1.0,Transmission_System,0.0,5.0,1,0
608302,Transmission system for evacuation of Power from Pakaldul HEP in Chenab Valley HEPs - LTA System,Jammu and Kashmir,2025-09,02-2022,04-2025,318.12,308.58,99.0,38,43,-5,97.00113164843455,1.0,Transmission_System,0.0,5.0,1,0
608302,Transmission system for evacuation of Power from Pakaldul HEP in Chenab Valley HEPs - LTA System,Jammu and Kashmir,2025-10,02-2022,04-2025,318.12,317.12,100.0,38,44,-6,99.68565321262417,0.0,Transmission_System,0.0,7.0,1,0
611656,Transmission scheme for evacuation of 4.5GW RE injection at Khavda PS under Phase II- Part B,Gujarat,2025-07,03-2023,03-2025,1167.55,1013.39,91.0,24,28,-4,86.7962828144405,9.0,Transmission_System,-0.04710719027022008,7.0,1,0
611656,Transmission scheme for evacuation of 4.5GW RE injection at Khavda PS under Phase II- Part B,Gujarat,2025-08,03-2023,03-2025,1167.55,1050.41,93.0,24,29,-5,89.96702496681085,7.0,Transmission_System,-0.04710719027022008,7.0,1,0
611656,Transmission scheme for evacuation of 4.5GW RE injection at Khavda PS under Phase II- Part B,Gujarat,2025-09,03-2023,03-2025,1167.55,1105.5,94.0,24,30,-6,94.68545244315018,6.0,Transmission_System,-0.04710719027022008,7.0,1,0
611656,Transmission scheme for evacuation of 4.5GW RE injection at Khavda PS under Phase II- Part B,Gujarat,2025-10,03-2023,03-2025,1167.55,1147.74,97.0,24,31,-7,98.30328465590338,3.0,Transmission_System,-0.04710719027022008,8.0,1,0
611657,Transmission scheme for evacuation of 4.5GW RE injection at Khavda PS under Phase II- Part C,Gujarat,2025-07,03-2023,03-2025,2820.99,2454.26,84.0,24,28,-4,86.99995391688735,16.0,Transmission_System,0.0,8.0,1,0
611657,Transmission scheme for evacuation of 4.5GW RE injection at Khavda PS under Phase II- Part C,Gujarat,2025-08,03-2023,03-2025,2820.99,2570.25,84.0,24,29,-5,91.11163102315145,16.0,Transmission_System,0.0,8.0,1,0
611657,Transmission scheme for evacuation of 4.5GW RE injection at Khavda PS under Phase II- Part C,Gujarat,2025-09,03-2023,03-2025,2820.99,2639.03,90.0,24,30,-6,93.54978216867129,10.0,Transmission_System,0.0,8.0,1,0
611657,Transmission scheme for evacuation of 4.5GW RE injection at Khavda PS under Phase II- Part C,Gujarat,2025-10,03-2023,03-2025,2820.99,2736.36,93.0,24,31,-7,96.99998936543554,7.0,Transmission_System,0.0,9.0,1,0
611657,Transmission scheme for evacuation of 4.5GW RE injection at Khavda PS under Phase II- Part C,Gujarat,2025-11,03-2023,03-2025,2820.99,2783.19,95.0,24,32,-8,98.66004487786203,5.0,Transmission_System,0.0,9.0,1,0
611657,Transmission scheme for evacuation of 4.5GW RE injection at Khavda PS under Phase II- Part C,Gujarat,2025-12,03-2023,03-2025,2820.99,2783.19,98.0,24,33,-9,98.66004487786203,2.0,Transmission_System,0.0,10.0,1,0
611659,Transmission system strengthening scheme for evacuation of power from solar energy zones in Rajasthan[8.1 GW] under phase-II- Part E,Rajasthan,2025-07,03-2023,09-2024,1433.28,1341.7,93.0,18,28,-10,93.61045992409021,7.0,Transmission_System,-0.019535610627370276,13.0,1,0
611659,Transmission system strengthening scheme for evacuation of power from solar energy zones in Rajasthan[8.1 GW] under phase-II- Part E,Rajasthan,2025-08,03-2023,09-2024,1433.28,1359.63,95.0,18,29,-11,94.86143670462158,5.0,Transmission_System,-0.019535610627370276,13.0,1,0
611659,Transmission system strengthening scheme for evacuation of power from solar energy zones in Rajasthan[8.1 GW] under phase-II- Part E,Rajasthan,2025-09,03-2023,09-2024,1433.28,1390.01,97.0,18,30,-12,96.98105045769145,3.0,Transmission_System,-0.019535610627370276,13.0,1,0
611659,Transmission system strengthening scheme for evacuation of power from solar energy zones in Rajasthan[8.1 GW] under phase-II- Part E,Rajasthan,2025-10,03-2023,09-2024,1433.28,1418.67,98.0,18,31,-13,98.9806597454789,2.0,Transmission_System,-0.019535610627370276,14.0,1,0
611659,Transmission system strengthening scheme for evacuation of power from solar energy zones in Rajasthan[8.1 GW] under phase-II- Part E,Rajasthan,2025-11,03-2023,09-2024,1433.28,1418.67,98.0,18,32,-14,98.9806597454789,2.0,Transmission_System,-0.019535610627370276,15.0,1,0
611660,Establishment of Khavda Pooling Station-2 KPS2 in Khavda RE Park KPS2 TRANSMISSION SYSTEM LIMITED,Gujarat,2025-07,03-2023,12-2024,966.79,894.76,95.0,21,28,-7,92.54957126159766,5.0,Substation_Grid_Equipment,0.0,8.0,1,0
611660,Establishment of Khavda Pooling Station-2 KPS2 in Khavda RE Park KPS2 TRANSMISSION SYSTEM LIMITED,Gujarat,2025-08,03-2023,12-2024,966.79,904.52,95.0,21,29,-8,93.55909763237105,5.0,Substation_Grid_Equipment,0.0,10.0,1,0
611660,Establishment of Khavda Pooling Station-2 KPS2 in Khavda RE Park KPS2 TRANSMISSION SYSTEM LIMITED,Gujarat,2025-09,03-2023,12-2024,966.79,911.97,96.0,21,30,-9,94.32968897071754,4.0,Substation_Grid_Equipment,0.0,10.0,1,0
611660,Establishment of Khavda Pooling Station-2 KPS2 in Khavda RE Park KPS2 TRANSMISSION SYSTEM LIMITED,Gujarat,2025-10,03-2023,12-2024,966.79,936.24,97.0,21,31,-10,96.84005833738455,3.0,Substation_Grid_Equipment,0.0,11.0,1,0
611737,Western Region Expansion Scheme-XXV,Chhattisgarh,2025-07,02-2023,11-2023,385.84,378.16,96.0,9,29,-20,98.00953763217916,4.0,Transmission_System,0.0,22.0,1,0
611737,Western Region Expansion Scheme-XXV,Chhattisgarh,2025-08,02-2023,11-2023,385.84,378.17,97.0,9,30,-21,98.01212938005392,3.0,Transmission_System,0.0,25.0,1,0
611737,Western Region Expansion Scheme-XXV,Chhattisgarh,2025-09,02-2023,11-2023,385.84,378.74,97.0,9,31,-22,98.15985900891562,3.0,Transmission_System,0.0,25.0,1,0
611737,Western Region Expansion Scheme-XXV,Chhattisgarh,2025-10,02-2023,11-2023,385.84,382.4,100.0,9,32,-23,99.10843873108024,0.0,Transmission_System,0.0,23.0,1,0
611947,Transmission System for Evacuation of Power from REZ in Rajasthan 20GW under Phase III- Part E2,Rajasthan,2025-07,11-2023,06-2025,428.3,107.07,46.0,19,20,-1,24.998832593976182,54.0,Transmission_System,0.0,3.0,1,0
611947,Transmission System for Evacuation of Power from REZ in Rajasthan 20GW under Phase III- Part E2,Rajasthan,2025-08,11-2023,06-2025,428.3,179.89,51.0,19,21,-2,42.00093392481905,49.0,Transmission_System,0.0,6.0,1,0
611947,Transmission System for Evacuation of Power from REZ in Rajasthan 20GW under Phase III- Part E2,Rajasthan,2025-09,11-2023,06-2025,428.3,205.58,54.0,19,22,-3,47.99906607518095,46.0,Transmission_System,0.0,6.0,1,0
611947,Transmission System for Evacuation of Power from REZ in Rajasthan 20GW under Phase III- Part E2,Rajasthan,2025-10,11-2023,06-2025,428.3,291.24,73.0,19,23,-4,67.99906607518095,27.0,Transmission_System,0.0,9.0,1,0
611947,Transmission System for Evacuation of Power from REZ in Rajasthan 20GW under Phase III- Part E2,Rajasthan,2025-11,11-2023,06-2025,428.3,308.38,80.0,19,24,-5,72.00093392481904,20.0,Transmission_System,0.0,9.0,1,0
611947,Transmission System for Evacuation of Power from REZ in Rajasthan 20GW under Phase III- Part E2,Rajasthan,2025-12,11-2023,06-2025,428.3,334.08,82.0,19,25,-6,78.00140088722857,18.0,Transmission_System,0.0,9.0,1,0
611947,Transmission System for Evacuation of Power from REZ in Rajasthan 20GW under Phase III- Part E2,Rajasthan,2026-01,11-2023,06-2025,428.3,351.21,84.0,19,26,-7,82.00093392481904,16.0,Transmission_System,0.0,9.0,1,0
611947,Transmission System for Evacuation of Power from REZ in Rajasthan 20GW under Phase III- Part E2,Rajasthan,2026-02,11-2023,06-2025,428.3,372.62,89.0,19,27,-8,86.99976651879524,11.0,Transmission_System,0.0,9.0,1,0
611947,Transmission System for Evacuation of Power from REZ in Rajasthan 20GW under Phase III- Part E2,Rajasthan,2026-03,11-2023,06-2025,428.3,406.88,97.4,19,28,-9,94.99883259397618,2.5999999999999943,Transmission_System,0.0,12.0,1,0
611947,Transmission System for Evacuation of Power from REZ in Rajasthan 20GW under Phase III- Part E2,-) Rajasthan,2026-04,11-2023,06-2025,428.3,415.45,98.4,19,29,-10,96.99976651879523,1.5999999999999943,Transmission_System,0.0,12.0,1,0
611948,Transmission system for evacuation of power from REZ in Rajasthan 20 GW under Phase-III part H,Rajasthan,2025-07,10-2023,04-2025,2211.29,1780.53,72.0,18,21,-3,80.51996798248986,28.0,Transmission_System,0.0,8.0,1,0
611948,Transmission system for evacuation of power from REZ in Rajasthan 20 GW under Phase-III part H,Rajasthan,2025-08,10-2023,04-2025,2211.29,1817.46,80.0,18,22,-4,82.1900338716315,20.0,Transmission_System,0.0,8.0,1,0
611948,Transmission system for evacuation of power from REZ in Rajasthan 20 GW under Phase-III part H,Rajasthan,2025-09,10-2023,04-2025,2211.29,1879.59,84.0,18,23,-5,84.99970605393233,16.0,Transmission_System,0.0,8.0,1,0
611948,Transmission system for evacuation of power from REZ in Rajasthan 20 GW under Phase-III part H,Rajasthan,2025-10,10-2023,04-2025,2211.29,1945.93,88.0,18,24,-6,87.99976484314585,12.0,Transmission_System,0.0,9.0,1,0
611948,Transmission system for evacuation of power from REZ in Rajasthan 20 GW under Phase-III part H,Rajasthan,2025-11,10-2023,04-2025,2211.29,1975.34,92.0,18,25,-7,89.32975774321775,8.0,Transmission_System,0.0,9.0,1,0
611948,Transmission system for evacuation of power from REZ in Rajasthan 20 GW under Phase-III part H,Rajasthan,2025-12,10-2023,04-2025,2211.29,2081.24,94.0,18,26,-8,94.11881752280343,6.0,Transmission_System,0.0,11.0,1,0
611948,Transmission system for evacuation of power from REZ in Rajasthan 20 GW under Phase-III part H,Rajasthan,2026-01,10-2023,04-2025,2211.29,2087.01,95.0,18,27,-9,94.37975118595934,5.0,Transmission_System,0.0,11.0,1,0
611948,Transmission system for evacuation of power from REZ in Rajasthan 20 GW under Phase-III part H,Rajasthan,2026-02,10-2023,04-2025,2211.29,2100.72,96.0,18,28,-10,94.99975127640427,4.0,Transmission_System,0.0,11.0,1,0
611948,Transmission system for evacuation of power from REZ in Rajasthan 20 GW under Phase-III part H,Rajasthan,2026-03,10-2023,04-2025,2211.29,2122.84,97.68,18,29,-11,96.00007235595513,2.319999999999993,Transmission_System,0.0,14.0,1,0
611949,Transmission system for evacuation of power from REZ in Rajasthan 20 GW under Phase-III part C1,Rajasthan,2025-07,10-2023,04-2025,1796.02,1201.17,79.0,18,21,-3,66.87954477121636,21.0,Transmission_System,0.0,6.0,1,0
611949,Transmission system for evacuation of power from REZ in Rajasthan 20 GW under Phase-III part C1,Rajasthan,2025-08,10-2023,04-2025,1796.02,1247.87,83.0,18,22,-4,69.47973853297847,17.0,Transmission_System,0.0,6.0,1,0
611949,Transmission system for evacuation of power from REZ in Rajasthan 20 GW under Phase-III part C1,Rajasthan,2025-09,10-2023,04-2025,1796.02,1347.01,85.0,18,23,-5,74.99972160666363,15.0,Transmission_System,0.0,11.0,1,0
611949,Transmission system for evacuation of power from REZ in Rajasthan 20 GW under Phase-III part C1,Rajasthan,2025-10,10-2023,04-2025,1796.02,1436.81,89.0,18,24,-6,79.99966592799635,11.0,Transmission_System,0.0,11.0,1,0
611949,Transmission system for evacuation of power from REZ in Rajasthan 20 GW under Phase-III part C1,Rajasthan,2025-11,10-2023,04-2025,1796.02,1580.49,92.0,18,25,-7,87.99957684212872,8.0,Transmission_System,0.0,11.0,1,0
611949,Transmission system for evacuation of power from REZ in Rajasthan 20 GW under Phase-III part C1,Rajasthan,2025-12,10-2023,04-2025,1796.02,1621.79,94.0,18,26,-8,90.29910580060356,6.0,Transmission_System,0.0,11.0,1,0
611949,Transmission system for evacuation of power from REZ in Rajasthan 20 GW under Phase-III part C1,Rajasthan,2026-02,10-2023,04-2025,1796.02,1688.25,96.0,18,28,-10,93.99951002772798,4.0,Transmission_System,0.0,13.0,1,0
611949,Transmission system for evacuation of power from REZ in Rajasthan 20 GW under Phase-III part C1,Rajasthan,2026-03,10-2023,04-2025,1796.02,1724.17,98.47,18,29,-11,95.99948775626108,1.5300000000000011,Transmission_System,0.0,13.0,1,0
611950,Transmission system for evacuation of power from REZ in Rajasthan 20 GW under Phase-III part B1,Rajasthan,2025-07,09-2023,04-2025,2190.54,1740.6,77.0,19,22,-3,79.45985921279684,23.0,Transmission_System,0.0,8.0,1,0
611950,Transmission system for evacuation of power from REZ in Rajasthan 20 GW under Phase-III part B1,Rajasthan,2025-08,09-2023,04-2025,2190.54,1870.72,83.0,19,23,-4,85.39994704502087,17.0,Transmission_System,0.0,8.0,1,0
611950,Transmission system for evacuation of power from REZ in Rajasthan 20 GW under Phase-III part B1,Rajasthan,2025-09,09-2023,04-2025,2190.54,1905.77,89.0,19,24,-5,87.00000913016882,11.0,Transmission_System,0.0,8.0,1,0
611950,Transmission system for evacuation of power from REZ in Rajasthan 20 GW under Phase-III part B1,Rajasthan,2025-10,09-2023,04-2025,2190.54,1949.58,91.0,19,25,-6,88.99997260949355,9.0,Transmission_System,0.0,8.0,1,0
611950,Transmission system for evacuation of power from REZ in Rajasthan 20 GW under Phase-III part B1,Rajasthan,2025-11,09-2023,04-2025,2190.54,2000.84,96.0,19,26,-7,91.34003487724488,4.0,Transmission_System,0.0,8.0,1,0
611950,Transmission system for evacuation of power from REZ in Rajasthan 20 GW under Phase-III part B1,Rajasthan,2025-12,09-2023,04-2025,2190.54,2079.44,98.0,19,27,-8,94.9281912222557,2.0,Transmission_System,0.0,9.0,1,0
611950,Transmission system for evacuation of power from REZ in Rajasthan 20 GW under Phase-III part B1,Rajasthan,2026-01,09-2023,04-2025,2190.54,2139.44,99.0,19,28,-9,97.66724186730214,1.0,Transmission_System,0.0,10.0,1,0
611951,Transmission system for evacuation of power from REZ in Rajasthan 20GW under Phase-III Part E1,Rajasthan,2025-07,08-2023,02-2025,688.74,585.42,93.0,18,23,-5,84.99869326596394,7.0,Transmission_System,0.0,7.0,1,0
611951,Transmission system for evacuation of power from REZ in Rajasthan 20GW under Phase-III Part E1,Rajasthan,2025-08,08-2023,02-2025,688.74,587.42,96.0,18,24,-6,85.2890786073119,4.0,Transmission_System,0.0,7.0,1,0
611951,Transmission system for evacuation of power from REZ in Rajasthan 20GW under Phase-III Part E1,Rajasthan,2025-09,08-2023,02-2025,688.74,633.42,97.0,18,25,-7,91.96794145831517,3.0,Transmission_System,0.0,7.0,1,0
611951,Transmission system for evacuation of power from REZ in Rajasthan 20GW under Phase-III Part E1,Rajasthan,2025-10,08-2023,02-2025,688.74,654.3,97.0,18,26,-8,94.99956442198797,3.0,Transmission_System,0.0,10.0,1,0
611951,Transmission system for evacuation of power from REZ in Rajasthan 20GW under Phase-III Part E1,Rajasthan,2025-11,08-2023,02-2025,688.74,668.0,98.0,18,27,-9,96.98870401022155,2.0,Transmission_System,0.0,10.0,1,0
611951,Transmission system for evacuation of power from REZ in Rajasthan 20GW under Phase-III Part E1,Rajasthan,2025-12,08-2023,02-2025,688.74,685.29,99.0,18,28,-10,99.49908528617475,1.0,Transmission_System,0.0,11.0,1,0
611951,Transmission system for evacuation of power from REZ in Rajasthan 20GW under Phase-III Part E1,Rajasthan,2026-01,08-2023,02-2025,688.74,685.98,99.0,18,29,-11,99.5992682289398,1.0,Transmission_System,0.0,12.0,1,0
611951,Transmission system for evacuation of power from REZ in Rajasthan 20GW under Phase-III Part E1,Rajasthan,2026-02,08-2023,02-2025,688.74,686.67,99.0,18,30,-12,99.69945117170485,1.0,Transmission_System,0.0,12.0,1,0
611951,Transmission system for evacuation of power from REZ in Rajasthan 20GW under Phase-III Part E1,Rajasthan,2026-03,08-2023,02-2025,688.74,686.67,99.7,18,31,-13,99.69945117170485,0.29999999999999716,Transmission_System,0.0,14.0,1,0
611966,Transmission System for Evacuation of power from Potential RE Zone in Khavda Area of Gujarat under phase IV 7GW-Part E4,Maharashtra,2025-07,11-2023,07-2025,224.41,22.44,9.0,20,20,0,9.999554387059401,91.0,Transmission_System,0.0,4.0,1,0
611966,Transmission System for Evacuation of power from Potential RE Zone in Khavda Area of Gujarat under phase IV 7GW-Part E4,Maharashtra,2025-08,11-2023,07-2025,224.41,24.64,10.0,20,21,-1,10.97990285637895,90.0,Transmission_System,0.0,5.0,1,0
611966,Transmission System for Evacuation of power from Potential RE Zone in Khavda Area of Gujarat under phase IV 7GW-Part E4,Maharashtra,2025-09,11-2023,07-2025,224.41,25.8,12.0,20,22,-2,11.496813867474712,88.0,Transmission_System,0.0,5.0,1,0
611966,Transmission System for Evacuation of power from Potential RE Zone in Khavda Area of Gujarat under phase IV 7GW-Part E4,Maharashtra,2025-10,11-2023,07-2025,224.41,33.66,18.0,20,23,-3,14.999331580589098,82.0,Transmission_System,0.0,8.0,1,0
611966,Transmission System for Evacuation of power from Potential RE Zone in Khavda Area of Gujarat under phase IV 7GW-Part E4,Maharashtra,2025-11,11-2023,07-2025,224.41,89.66,44.0,20,24,-4,39.95365625417762,56.0,Transmission_System,0.0,8.0,1,0
611966,Transmission System for Evacuation of power from Potential RE Zone in Khavda Area of Gujarat under phase IV 7GW-Part E4,Maharashtra,2025-12,11-2023,07-2025,224.41,109.96,49.0,20,25,-5,48.99959894835346,51.0,Transmission_System,0.0,8.0,1,0
611966,Transmission System for Evacuation of power from Potential RE Zone in Khavda Area of Gujarat under phase IV 7GW-Part E4,Maharashtra,2026-01,11-2023,07-2025,224.41,121.18,63.0,20,26,-6,53.99937614188316,37.0,Transmission_System,0.0,8.0,1,0
611966,Transmission System for Evacuation of power from Potential RE Zone in Khavda Area of Gujarat under phase IV 7GW-Part E4,Maharashtra,2026-02,11-2023,07-2025,224.41,161.57,74.0,20,27,-7,71.99768281270887,26.0,Transmission_System,0.0,8.0,1,0
611966,Transmission System for Evacuation of power from Potential RE Zone in Khavda Area of Gujarat under phase IV 7GW-Part E4,Maharashtra,2026-03,11-2023,07-2025,224.41,197.47,90.8,20,28,-8,87.99518738024152,9.200000000000003,Transmission_System,0.0,9.0,1,0
611966,Transmission System for Evacuation of power from Potential RE Zone in Khavda Area of Gujarat under phase IV 7GW-Part E4,-) Maharashtra,2026-04,11-2023,07-2025,224.41,206.45,94.8,20,29,-9,91.99679158682767,5.200000000000003,Transmission_System,0.0,9.0,1,0
611966,Transmission System for Evacuation of power from Potential RE Zone in Khavda Area of Gujarat under phase IV 7GW-Part E4,Maharashtra,2026-05,11-2023,07-2025,224.41,215.43,99.6,20,30,-10,95.99839579341385,0.4000000000000057,Transmission_System,0.0,10.0,1,0
611966,Transmission System for Evacuation of power from Potential RE Zone in Khavda Area of Gujarat under phase IV 7GW-Part E4,-) (-) Maharashtra,2026-06,11-2023,07-2025,224.41,224.41,100.0,20,31,-11,100.0,0.0,Transmission_System,0.0,10.0,1,0
611967,Transmission Scheme for Solar Energy Zone in Ananthpuram 2500MW and Kurnool 1000MW,Andhra Pradesh,2025-07,09-2023,09-2025,1248.69,820.26,78.0,24,22,2,65.68964274559738,22.0,Transmission_System,0.0,7.0,1,0
611967,Transmission Scheme for Solar Energy Zone in Ananthpuram 2500MW and Kurnool 1000MW,Andhra Pradesh,2025-08,09-2023,09-2025,1248.69,860.97,82.0,24,23,1,68.94985945270643,18.0,Transmission_System,0.0,7.0,1,0
611967,Transmission Scheme for Solar Energy Zone in Ananthpuram 2500MW and Kurnool 1000MW,Andhra Pradesh,2025-09,09-2023,09-2025,1248.69,924.03,84.0,24,24,0,73.99995194964322,16.0,Transmission_System,0.0,6.0,1,0
611967,Transmission Scheme for Solar Energy Zone in Ananthpuram 2500MW and Kurnool 1000MW,Andhra Pradesh,2025-10,09-2023,09-2025,1248.69,998.95,87.0,24,25,-1,79.99983983214408,13.0,Transmission_System,0.0,6.0,1,0
611967,Transmission Scheme for Solar Energy Zone in Ananthpuram 2500MW and Kurnool 1000MW,Andhra Pradesh,2025-11,09-2023,09-2025,1248.69,1023.92,90.0,24,26,-2,81.99953551321785,10.0,Transmission_System,0.0,6.0,1,0
611967,Transmission Scheme for Solar Energy Zone in Ananthpuram 2500MW and Kurnool 1000MW,Andhra Pradesh,2025-12,09-2023,09-2025,1248.69,1077.61,91.0,24,27,-3,86.29924160520224,9.0,Transmission_System,0.0,6.0,1,0
611967,Transmission Scheme for Solar Energy Zone in Ananthpuram 2500MW and Kurnool 1000MW,Andhra Pradesh,2026-01,09-2023,09-2025,1248.69,1102.46,93.0,24,28,-4,88.28932721492123,7.0,Transmission_System,0.0,6.0,1,0
611967,Transmission Scheme for Solar Energy Zone in Ananthpuram 2500MW and Kurnool 1000MW,Andhra Pradesh,2026-02,09-2023,09-2025,1248.69,1173.76,96.0,24,29,-5,93.99931127821957,4.0,Transmission_System,0.0,6.0,1,0
611967,Transmission Scheme for Solar Energy Zone in Ananthpuram 2500MW and Kurnool 1000MW,Andhra Pradesh,2026-03,09-2023,09-2025,1248.69,1198.74,97.52,24,30,-6,95.9998077985729,2.480000000000004,Transmission_System,0.0,7.0,1,0
612134,Transmission System for Evacuation of power from Rajasthan REZ Ph-IV [Part-1] [Bikaner Complex] Part A [Bikaner Neemrana  Transmission Ltd],Rajasthan,2025-07,12-2023,12-2025,2998.34,1592.11,49.0,24,19,5,53.099715175730566,51.0,Transmission_System,0.0,3.0,1,0
612134,Transmission System for Evacuation of power from Rajasthan REZ Ph-IV [Part-1] [Bikaner Complex] Part A [Bikaner Neemrana  Transmission Ltd],Rajasthan,2025-08,12-2023,12-2025,2998.34,1703.11,51.0,24,20,4,56.80176364254888,49.0,Transmission_System,0.0,3.0,1,0
612134,Transmission System for Evacuation of power from Rajasthan REZ Ph-IV [Part-1] [Bikaner Complex] Part A [Bikaner Neemrana  Transmission Ltd],Rajasthan,2025-09,12-2023,12-2025,2998.34,1978.9,54.0,24,21,3,65.99985325213285,46.0,Transmission_System,0.0,6.0,1,0
612134,Transmission System for Evacuation of power from Rajasthan REZ Ph-IV [Part-1] [Bikaner Complex] Part A [Bikaner Neemrana  Transmission Ltd],Rajasthan,2025-10,12-2023,12-2025,2998.34,2008.88,57.0,24,22,2,66.99973985605368,43.0,Transmission_System,0.0,6.0,1,0
612134,Transmission System for Evacuation of power from Rajasthan REZ Ph-IV [Part-1] [Bikaner Complex] Part A [Bikaner Neemrana  Transmission Ltd],Rajasthan,2025-11,12-2023,12-2025,2998.34,2098.83,60.0,24,23,1,69.99973318569607,40.0,Transmission_System,0.0,6.0,1,0
612134,Transmission System for Evacuation of power from Rajasthan REZ Ph-IV [Part-1] [Bikaner Complex] Part A [Bikaner Neemrana  Transmission Ltd],Rajasthan,2025-12,12-2023,12-2025,2998.34,2158.8,62.0,24,24,0,71.99983991141765,38.0,Transmission_System,0.0,6.0,1,0
612134,Transmission System for Evacuation of power from Rajasthan REZ Ph-IV [Part-1] [Bikaner Complex] Part A [Bikaner Neemrana Transmission Ltd],Rajasthan,2026-01,12-2023,12-2025,2998.34,2248.75,64.0,24,25,-1,74.99983324106006,36.0,Transmission_System,0.0,6.0,1,0
612134,Transmission System for Evacuation of power from Rajasthan REZ Ph-IV [Part-1] [Bikaner Complex] Part A [Bikaner Neemrana  Transmission Ltd],Rajasthan,2026-02,12-2023,12-2025,2998.34,2278.73,65.0,24,26,-2,75.99971984498089,35.0,Transmission_System,0.0,6.0,1,0
612134,Transmission System for Evacuation of power from Rajasthan REZ Ph-IV [Part-1] [Bikaner Complex] Part A [Bikaner Neemrana  Transmission Ltd],Rajasthan,2026-03,12-2023,12-2025,2998.34,2278.73,68.21,24,27,-3,75.99971984498089,31.790000000000006,Transmission_System,0.0,12.0,1,0
612138,"Transmission Scheme for Solar Energy Zone in Bidar [2500 MW], Karnataka [Bidar Transmission Ltd]","Multi-States (Karnataka, Telangana",2025-09,02-2024,02-2026,2147.62,1310.04,64.0,24,19,5,60.9996181819875,36.0,Transmission_System,0.0,4.0,1,0
612138,"Transmission Scheme for Solar Energy Zone in Bidar [2500 MW], Karnataka [Bidar Transmission Ltd]","Multi-States (Karnataka, Telangana",2025-10,02-2024,02-2026,2147.62,1438.9,67.0,24,20,4,66.99974855886983,33.0,Transmission_System,0.0,4.0,1,0
612138,"Transmission Scheme for Solar Energy Zone in Bidar [2500 MW], Karnataka [Bidar Transmission Ltd]","Multi-States (Karnataka, Telangana",2025-11,02-2024,02-2026,2147.62,1505.69,71.0,24,21,3,70.10970283383467,29.0,Transmission_System,0.0,4.0,1,0
612138,"Transmission Scheme for Solar Energy Zone in Bidar [2500 MW], Karnataka [Bidar Transmission Ltd]","Multi-States (Karnataka, Telangana",2025-12,02-2024,02-2026,2147.62,1685.45,79.0,24,22,2,78.47989867853717,21.0,Transmission_System,0.0,4.0,1,0
612138,"Transmission Scheme for Solar Energy Zone in Bidar [2500 MW], Karnataka [Bidar Transmission Ltd]","Multi-States (Karnataka, Telangana",2026-01,02-2024,02-2026,2147.62,1769.42,82.0,24,23,1,82.38980825285665,18.0,Transmission_System,0.0,4.0,1,0
612138,"Transmission Scheme for Solar Energy Zone in Bidar [2500 MW], Karnataka [Bidar Transmission Ltd]","Multi-States (Karnataka, Telangana",2026-03,02-2024,02-2026,2147.62,1825.47,87.32,24,25,-1,84.99967405779422,12.680000000000007,Transmission_System,0.0,4.0,1,0
612139,Transmission system for Evacuation of Additional 7 GW RE power from Khavda RE park under Phase-III Part B [Vataman Transmission Limited],Gujarat,2025-07,12-2023,12-2025,3751.82,1500.72,21.0,24,19,5,39.999786770154216,79.0,Transmission_System,0.0,6.0,1,0
612139,Transmission system for Evacuation of Additional 7 GW RE power from Khavda RE park under Phase-III Part B [Vataman Transmission Limited],Gujarat,2025-08,12-2023,12-2025,3751.82,1575.72,22.0,24,20,4,41.998816574355914,78.0,Transmission_System,0.0,6.0,1,0
612139,Transmission system for Evacuation of Additional 7 GW RE power from Khavda RE park under Phase-III Part B [Vataman Transmission Limited],Gujarat,2025-09,12-2023,12-2025,3751.82,1688.32,25.0,24,21,3,45.00002665373072,75.0,Transmission_System,0.0,12.0,1,0
612139,Transmission system for Evacuation of Additional 7 GW RE power from Khavda RE park under Phase-III Part B [Vataman Transmission Limited],Gujarat,2025-10,12-2023,12-2025,3751.82,1688.32,28.0,24,22,2,45.00002665373072,72.0,Transmission_System,0.0,12.0,1,0
612139,Transmission system for Evacuation of Additional 7 GW RE power from Khavda RE park under Phase-III Part B [Vataman Transmission Limited],Gujarat,2025-11,12-2023,12-2025,3751.82,2025.98,32.0,24,23,1,53.99992536955397,68.0,Transmission_System,0.0,12.0,1,0
612139,Transmission system for Evacuation of Additional 7 GW RE power from Khavda RE park under Phase-III Part B [Vataman Transmission Limited],Gujarat,2025-12,12-2023,12-2025,3751.82,2101.02,38.0,24,24,0,56.00002132298457,62.0,Transmission_System,0.0,12.0,1,0
612139,Transmission system for Evacuation of Additional 7 GW RE power from Khavda RE park under Phase-III Part B [Vataman Transmission Limited],Gujarat,2026-01,12-2023,12-2025,3751.82,2138.53,42.0,24,25,-1,56.99980276239266,58.0,Transmission_System,0.0,12.0,1,0
612139,Transmission system for Evacuation of Additional 7 GW RE power from Khavda RE park under Phase-III Part B [Vataman Transmission Limited],Gujarat,2026-02,12-2023,12-2025,3751.82,2176.05,50.0,24,26,-2,57.99985073910795,50.0,Transmission_System,0.0,12.0,1,0
612139,Transmission system for Evacuation of Additional 7 GW RE power from Khavda RE park under Phase-III Part B [Vataman Transmission Limited],Gujarat,2026-03,12-2023,12-2025,3751.82,2194.81,55.23,24,27,-3,58.499874727465595,44.77,Transmission_System,0.0,12.0,1,0
612140,Transmission Scheme for Integration of Renewable Energy Zone [Phase II] in Koppal II [Phase A&B] and gadag II[Phase A] in Karnataka [POWERGRID KOPPAL GADAG TRANSMISSION LIMITED],Karnataka,2025-08,12-2023,12-2025,2889.39,1332.21,46.0,24,20,4,46.10696375359505,54.0,Transmission_System,0.0,3.0,1,0
612140,Transmission Scheme for Integration of Renewable Energy Zone [Phase II] in Koppal II [Phase A&B] and gadag II[Phase A] in Karnataka [POWERGRID KOPPAL GADAG TRANSMISSION LIMITED],Karnataka,2025-09,12-2023,12-2025,2889.39,1462.89,50.0,24,21,3,50.6297176912774,50.0,Transmission_System,0.0,3.0,1,0
612140,Transmission Scheme for Integration of Renewable Energy Zone [Phase II] in Koppal II [Phase A&B] and gadag II[Phase A] in Karnataka [POWERGRID KOPPAL GADAG TRANSMISSION LIMITED],Karnataka,2025-10,12-2023,12-2025,2889.39,1533.89,54.0,24,22,2,53.08698375781739,46.0,Transmission_System,0.0,6.0,1,0
612140,Transmission Scheme for Integration of Renewable Energy Zone [Phase II] in Koppal II [Phase A&B] and gadag II[Phase A] in Karnataka [POWERGRID KOPPAL GADAG TRANSMISSION LIMITED],Karnataka,2025-11,12-2023,12-2025,2889.39,1733.63,61.0,24,23,1,59.99986156247513,39.0,Transmission_System,0.0,6.0,1,0
612140,Transmission Scheme for Integration of Renewable Energy Zone [Phase II] in Koppal II [Phase A&B] and gadag II[Phase A] in Karnataka [POWERGRID KOPPAL GADAG TRANSMISSION LIMITED],Karnataka,2025-12,12-2023,12-2025,2889.39,1841.69,68.0,24,24,0,63.73975129698657,32.0,Transmission_System,0.0,6.0,1,0
612140,Transmission Scheme for Integration of Renewable Energy Zone [Phase II] in Koppal II [Phase A&B] and gadag II[Phase A] in Karnataka [POWERGRID KOPPAL GADAG TRANSMISSION LIMITED],Karnataka,2026-01,12-2023,12-2025,2889.39,2033.26,72.0,24,25,-1,70.36987045708611,28.0,Transmission_System,0.0,6.0,1,0
612140,Transmission Scheme for Integration of Renewable Energy Zone [Phase II] in Koppal II [Phase A&B] and gadag II[Phase A] in Karnataka [POWERGRID KOPPAL GADAG TRANSMISSION LIMITED],Karnataka,2026-02,12-2023,12-2025,2889.39,2080.36,76.0,24,26,-2,71.99997231249503,24.0,Transmission_System,0.0,6.0,1,0
612140,Transmission Scheme for Integration of Renewable Energy Zone [Phase II] in Koppal II [Phase A&B] and gadag II[Phase A] in Karnataka [POWERGRID KOPPAL GADAG TRANSMISSION LIMITED],Karnataka,2026-03,12-2023,12-2025,2889.39,2224.83,80.41,24,27,-3,76.99998961718563,19.590000000000003,Transmission_System,0.0,9.0,1,0
612856,Augmentation of 1x1500 MVA 3rd  765/400 kV transformation capacity at Kurnool New Substation,Andhra Pradesh,2025-07,12-2023,09-2025,163.61,50.72,39.0,21,19,2,31.000550088625385,61.0,Substation_Grid_Equipment,0.0,2.0,1,0
612856,Augmentation of 1x1500 MVA 3rd  765/400 kV transformation capacity at Kurnool New Substation,Andhra Pradesh,2025-08,12-2023,09-2025,163.61,60.53,42.0,21,20,1,36.99651610537253,58.0,Substation_Grid_Equipment,0.0,2.0,1,0
612856,Augmentation of 1x1500 MVA 3rd  765/400 kV transformation capacity at Kurnool New Substation,Andhra Pradesh,2025-09,12-2023,09-2025,163.61,71.98,56.0,21,21,0,43.99486583949636,44.0,Substation_Grid_Equipment,0.0,4.0,1,0
612856,Augmentation of 1x1500 MVA 3rd  765/400 kV transformation capacity at Kurnool New Substation,Andhra Pradesh,2025-10,12-2023,09-2025,163.61,85.07,62.0,21,22,-1,51.99559929099687,38.0,Substation_Grid_Equipment,0.0,4.0,1,0
612856,Augmentation of 1x1500 MVA 3rd  765/400 kV transformation capacity at Kurnool New Substation,Andhra Pradesh,2025-11,12-2023,09-2025,163.61,88.34,82.0,21,23,-2,53.9942546299126,18.0,Substation_Grid_Equipment,0.0,4.0,1,0
612856,Augmentation of 1x1500 MVA 3rd  765/400 kV transformation capacity at Kurnool New Substation,Andhra Pradesh,2025-12,12-2023,09-2025,163.61,111.04,82.0,21,24,-3,67.868712181407,18.0,Substation_Grid_Equipment,0.0,6.0,1,0
612856,Augmentation of 1x1500 MVA 3rd  765/400 kV transformation capacity at Kurnool New Substation,Andhra Pradesh,2026-01,12-2023,09-2025,163.61,134.08,83.0,21,25,-4,81.95098099138195,17.0,Substation_Grid_Equipment,0.0,6.0,1,0
612856,Augmentation of 1x1500 MVA 3rd  765/400 kV transformation capacity at Kurnool New Substation,Andhra Pradesh,2026-02,12-2023,09-2025,163.61,145.61,91.0,21,26,-5,88.99822749220708,9.0,Substation_Grid_Equipment,0.0,6.0,1,0
617179,Transmission Scheme for evacuation of Power from Ratle HEP [850 MW] & kiru [624 MW] Part B,Jammu and Kashmir,2025-09,07-2024,07-2026,218.6,1.01,0.0,24,14,10,0.4620311070448308,100.0,Transmission_System,0.0,8.0,1,0
617179,Transmission Scheme for evacuation of Power from Ratle HEP [850 MW] & kiru [624 MW] Part B,Jammu and Kashmir,2025-10,07-2024,07-2026,218.6,2.11,0.0,24,15,9,0.9652333028362304,100.0,Transmission_System,0.0,8.0,1,0
617179,Transmission Scheme for evacuation of Power from Ratle HEP [850 MW] & kiru [624 MW] Part B,Jammu and Kashmir,2026-01,07-2024,07-2026,218.6,2.71,1.0,24,18,6,1.2397072278133576,99.0,Transmission_System,0.0,8.0,1,0
617179,Transmission Scheme for evacuation of Power from Ratle HEP [850 MW] & kiru [624 MW] Part B,Jammu and Kashmir,2026-02,07-2024,07-2026,218.6,3.28,1.0,24,19,5,1.5004574565416284,99.0,Transmission_System,0.0,8.0,1,0
617179,Transmission Scheme for evacuation of Power from Ratle HEP [850 MW] & kiru [624 MW] Part B,Jammu and Kashmir,2026-03,07-2024,07-2026,218.6,3.28,1.5,24,20,4,1.5004574565416284,98.5,Transmission_System,0.0,11.0,1,0
617179,Transmission Scheme for evacuation of Power from Ratle HEP [850 MW] & kiru [624 MW] Part B,-) Jammu and Kashmir,2026-04,07-2024,07-2026,218.6,3.72,1.7,24,21,3,1.7017383348581887,98.3,Transmission_System,0.0,11.0,1,0
617179,Transmission Scheme for evacuation of Power from Ratle HEP [850 MW] & kiru [624 MW] Part B,Jammu and Kashmir,2026-05,07-2024,07-2026,218.6,3.72,1.7,24,22,2,1.7017383348581887,98.3,Transmission_System,0.0,11.0,1,0
617179,Transmission Scheme for evacuation of Power from Ratle HEP [850 MW] & kiru [624 MW] Part B,-) (-) Jammu and Kashmir,2026-06,07-2024,07-2026,218.6,3.72,1.7,24,23,1,1.7017383348581887,98.3,Transmission_System,0.0,11.0,1,0
617269,Transmission System for Strengthening to facilitate evacuation of power from Bhadla/Bikaner Complex,-) (-) Uttar Pradesh,2026-06,12-2024,06-2026,212.81,9.98,11.17,18,18,0,4.689629246745923,88.83,Transmission_System,0.0,6.0,1,0
617270,Eastern Region  Expansion Scheme-44 [ERES-44],"Multi-States (Bihar, West Bengal",2025-10,11-2024,05-2026,408.94,0.32,0.0,18,11,7,0.07825108817919499,100.0,Transmission_System,0.0,10.0,1,0
617270,Eastern Region  Expansion Scheme-44 [ERES-44],"Multi-States (Bihar, West Bengal",2025-11,11-2024,05-2026,408.94,0.32,0.0,18,12,6,0.07825108817919499,100.0,Transmission_System,0.0,1.0,1,0
617270,Eastern Region  Expansion Scheme-44 [ERES-44],"Multi-States (Bihar, West Bengal",2025-12,11-2024,05-2026,408.94,0.4,0.0,18,13,5,0.09781386022399376,100.0,Transmission_System,0.0,10.0,1,0
617270,Eastern Region  Expansion Scheme-44 [ERES-44],"Multi-States (Bihar, West Bengal",2026-01,11-2024,05-2026,408.94,2.04,0.0,18,14,4,0.4988506871423681,100.0,Transmission_System,0.0,10.0,1,0
617270,Eastern Region  Expansion Scheme-44 [ERES-44],"Multi-States (Bihar, West Bengal",2026-02,11-2024,05-2026,408.94,4.09,1.0,18,15,3,1.0001467207903358,99.0,Transmission_System,0.0,10.0,1,0
617270,Eastern Region  Expansion Scheme-44 [ERES-44],"Multi-States (Bihar, West Bengal",2026-03,11-2024,05-2026,408.94,4.09,1.1,18,16,2,1.0001467207903358,98.9,Transmission_System,0.0,13.0,1,0
617270,Eastern Region  Expansion Scheme-44 [ERES-44],"-) Multi-States (Bihar, West Bengal",2026-04,11-2024,05-2026,408.94,6.13,1.5,18,17,1,1.4989974079327042,98.5,Transmission_System,0.0,13.0,1,0
617270,Eastern Region  Expansion Scheme-44 [ERES-44],"Multi-States (Bihar, West Bengal",2026-05,11-2024,05-2026,408.94,6.13,1.5,18,18,0,1.4989974079327042,98.5,Transmission_System,0.0,13.0,1,0
617270,Eastern Region  Expansion Scheme-44 [ERES-44],"-) (-) Multi-States (Bihar, West Bengal",2026-06,11-2024,05-2026,408.94,6.13,1.5,18,19,-1,1.4989974079327042,98.5,Transmission_System,0.0,13.0,1,0
617271,Eastern Region  Expansion Scheme-43 [ERES-43],"Multi-States (Bihar, Odisha, West Bengal",2025-09,09-2024,03-2026,342.69,0.7,0.0,18,12,6,0.2042662464618168,100.0,Transmission_System,0.0,3.0,1,0
617271,Eastern Region  Expansion Scheme-43 [ERES-43],"Multi-States (Bihar, Odisha, West Bengal",2025-11,09-2024,03-2026,342.69,0.71,0.0,18,14,4,0.20718433569698558,100.0,Transmission_System,0.0,3.0,1,0
617271,Eastern Region  Expansion Scheme-43 [ERES-43],"Multi-States (Bihar, Odisha, West Bengal",2025-12,09-2024,03-2026,342.69,6.85,4.0,18,15,3,1.9988911260906357,96.0,Transmission_System,0.0,3.0,1,0
617271,Eastern Region  Expansion Scheme-43 [ERES-43],"Multi-States (Bihar, Odisha, West Bengal",2026-01,09-2024,03-2026,342.69,41.22,9.0,18,16,2,12.02836382736584,91.0,Transmission_System,0.0,3.0,1,0
617271,Eastern Region  Expansion Scheme-43 [ERES-43],"Multi-States (Bihar, Odisha, West Bengal",2026-02,09-2024,03-2026,342.69,61.3,21.0,18,17,1,17.887887011584812,79.0,Transmission_System,0.0,3.0,1,0
617271,Eastern Region  Expansion Scheme-43 [ERES-43],"Multi-States (Bihar, Odisha, West Bengal",2026-03,09-2024,03-2026,342.69,97.66,29.36,18,18,0,28.49805947065861,70.64,Transmission_System,0.0,3.0,1,0
617271,Eastern Region  Expansion Scheme-43 [ERES-43],"-) Multi-States (Bihar, Odisha, West Bengal",2026-04,09-2024,03-2026,342.69,102.8,29.73,18,19,-1,29.99795733753538,70.27,Transmission_System,0.0,6.0,1,0
617271,Eastern Region  Expansion Scheme-43 [ERES-43],"Multi-States (Bihar, Odisha, West Bengal",2026-05,09-2024,03-2026,342.69,119.94,29.73,18,20,-2,34.99956228661472,70.27,Transmission_System,0.0,6.0,1,0
617271,Eastern Region  Expansion Scheme-43 [ERES-43],"-) (-) Multi-States (Bihar, Odisha, West Bengal",2026-06,09-2024,03-2026,342.69,137.07,29.73,18,21,-3,39.998249146458896,70.27,Transmission_System,0.0,6.0,1,0
617326,Implementation of Transmission Systems in the State of Jharkhand consisting of 400/220/132/33 kV transmission lines and substations under Jharkhand Consultancy Project,Jharkhand,2025-12,02-2012,03-2026,1842.25,1648.05,95.0,169,166,3,89.4585425430859,5.0,Substation_Grid_Equipment,0.0,5.0,1,0
617326,Implementation of Transmission Systems in the State of Jharkhand consisting of 400/220/132/33 kV transmission lines and substations under Jharkhand Consultancy Project,Jharkhand,2026-01,02-2012,03-2026,1842.25,1648.05,95.0,169,167,2,89.4585425430859,5.0,Substation_Grid_Equipment,0.0,5.0,1,0
617326,Implementation of Transmission Systems in the State of Jharkhand consisting of 400/220/132/33 kV transmission lines and substations under Jharkhand Consultancy Project,-) Jharkhand,2026-02,02-2012,03-2026,1842.25,1648.05,95.0,169,168,1,89.4585425430859,5.0,Substation_Grid_Equipment,0.0,5.0,1,0
617326,Implementation of Transmission Systems in the State of Jharkhand consisting of 400/220/132/33 kV transmission lines and substations under Jharkhand Consultancy Project,-) Jharkhand,2026-03,02-2012,03-2026,1842.25,1648.05,95.4,169,169,0,89.4585425430859,4.599999999999994,Substation_Grid_Equipment,0.0,5.0,1,0
617326,Implementation of Transmission Systems in the State of Jharkhand consisting of 400/220/132/33 kV transmission lines and substations under Jharkhand Consultancy Project,-)  Jharkhand,2026-04,02-2012,03-2026,1842.25,1648.05,96.0,169,170,-1,89.4585425430859,4.0,Substation_Grid_Equipment,0.0,5.0,1,0
617326,Implementation of Transmission Systems in the State of Jharkhand consisting of 400/220/132/33 kV transmission lines and substations under Jharkhand Consultancy Project,-) Jharkhand,2026-05,02-2012,03-2026,1842.25,1648.05,96.2,169,171,-2,89.4585425430859,3.799999999999997,Substation_Grid_Equipment,0.0,5.0,1,0
617326,Implementation of Transmission Systems in the State of Jharkhand consisting of 400/220/132/33 kV transmission lines and substations under Jharkhand Consultancy Project,-) (-) Jharkhand,2026-06,02-2012,03-2026,1842.25,1648.05,96.3,169,172,-3,89.4585425430859,3.700000000000003,Substation_Grid_Equipment,0.0,5.0,1,0
617391,Augmentation of Transformation Capacity at Bhuj-II PS [GIS],Gujarat,2025-09,02-2025,11-2026,488.29,0.11,0.0,21,7,14,0.022527596305474205,100.0,Substation_Grid_Equipment,0.0,4.0,1,0
617391,Augmentation of Transformation Capacity at Bhuj-II PS [GIS],Gujarat,2025-10,02-2025,11-2026,488.29,0.12,0.0,21,8,13,0.024575559605971856,100.0,Substation_Grid_Equipment,0.0,4.0,1,0
617391,Augmentation of Transformation Capacity at Bhuj-II PS [GIS],Gujarat,2025-11,02-2025,11-2026,488.29,0.22,0.0,21,9,12,0.04505519261094841,100.0,Substation_Grid_Equipment,0.0,4.0,1,0
617391,Augmentation of Transformation Capacity at Bhuj-II PS [GIS],Gujarat,2025-12,02-2025,11-2026,488.29,0.98,0.0,21,10,11,0.2007004034487702,100.0,Substation_Grid_Equipment,0.0,4.0,1,0
617391,Augmentation of Transformation Capacity at Bhuj-II PS [GIS],Gujarat,2026-01,02-2025,11-2026,488.29,2.44,0.0,21,11,10,0.49970304532142784,100.0,Substation_Grid_Equipment,0.0,4.0,1,0
617391,Augmentation of Transformation Capacity at Bhuj-II PS [GIS],-) Gujarat,2026-03,02-2025,11-2026,488.29,4.88,1.0,21,13,8,0.9994060906428557,99.0,Substation_Grid_Equipment,0.0,7.0,1,0
617391,Augmentation of Transformation Capacity at Bhuj-II PS [GIS],-) (-) Gujarat,2026-04,02-2025,11-2026,488.29,5.86,1.5,21,14,7,1.200106494091626,98.5,Substation_Grid_Equipment,0.0,7.0,1,0
617391,Augmentation of Transformation Capacity at Bhuj-II PS [GIS],-) Gujarat,2026-05,02-2025,11-2026,488.29,5.86,2.7,21,15,6,1.200106494091626,97.3,Substation_Grid_Equipment,0.0,7.0,1,0
617391,Augmentation of Transformation Capacity at Bhuj-II PS [GIS],-) (-) Gujarat,2026-06,02-2025,11-2026,488.29,9.76,4.5,21,16,5,1.9988121812857114,95.5,Substation_Grid_Equipment,0.0,7.0,1,0
617801,Provision of ICT Augmentation & Bus Reactor at Bhuj-II PS,Gujarat,2025-10,03-2025,12-2026,581.74,0.2,0.0,21,7,14,0.03437961976140544,100.0,Substation_Grid_Equipment,0.0,3.0,1,0
617801,Provision of ICT Augmentation & Bus Reactor at Bhuj-II PS,Gujarat,2025-11,03-2025,12-2026,581.74,0.2,0.0,21,8,13,0.03437961976140544,100.0,Substation_Grid_Equipment,0.0,3.0,1,0
617801,Provision of ICT Augmentation & Bus Reactor at Bhuj-II PS,Gujarat,2025-12,03-2025,12-2026,581.74,1.16,0.0,21,9,12,0.19940179461615154,100.0,Substation_Grid_Equipment,0.0,3.0,1,0
617801,Provision of ICT Augmentation & Bus Reactor at Bhuj-II PS,Gujarat,2026-01,03-2025,12-2026,581.74,2.91,0.0,21,10,11,0.5002234675284492,100.0,Substation_Grid_Equipment,0.0,3.0,1,0
617801,Provision of ICT Augmentation & Bus Reactor at Bhuj-II PS,-) Gujarat,2026-02,03-2025,12-2026,581.74,5.81,1.0,21,11,10,0.9987279540688279,99.0,Substation_Grid_Equipment,0.0,3.0,1,0
617801,Provision of ICT Augmentation & Bus Reactor at Bhuj-II PS,-) Gujarat,2026-03,03-2025,12-2026,581.74,6.98,1.2,21,12,9,1.1998487296730498,98.8,Substation_Grid_Equipment,0.0,6.0,1,0
617801,Provision of ICT Augmentation & Bus Reactor at Bhuj-II PS,-)  Gujarat,2026-04,03-2025,12-2026,581.74,7.08,1.5,21,13,8,1.2170385395537524,98.5,Substation_Grid_Equipment,0.0,6.0,1,0
617801,Provision of ICT Augmentation & Bus Reactor at Bhuj-II PS,-) Gujarat,2026-05,03-2025,12-2026,581.74,11.63,2.0,21,14,7,1.9991748891257262,98.0,Substation_Grid_Equipment,0.0,6.0,1,0
617801,Provision of ICT Augmentation & Bus Reactor at Bhuj-II PS,-) (-) Gujarat,2026-06,03-2025,12-2026,581.74,17.45,6.0,21,15,6,2.9996218241826247,94.0,Substation_Grid_Equipment,0.0,6.0,1,0
619029,Transmission System for Reliable Power Supply to Dholera,-) Gujarat,2026-02,09-2024,03-2026,319.42,19.16,9.0,18,17,1,5.9983720493394275,91.0,Transmission_System,0.0,6.0,1,0
619029,Transmission System for Reliable Power Supply to Dholera,-) Gujarat,2026-03,09-2024,03-2026,319.42,46.31,15.0,18,18,0,14.49815290213512,85.0,Transmission_System,0.0,9.0,1,0
619029,Transmission System for Reliable Power Supply to Dholera,-) (-) Gujarat,2026-04,09-2024,03-2026,319.42,51.1,18.0,18,19,-1,15.997745914469977,82.0,Transmission_System,0.0,9.0,1,0
619029,Transmission System for Reliable Power Supply to Dholera,-) Gujarat,2026-05,09-2024,03-2026,319.42,51.1,21.0,18,20,-2,15.997745914469977,79.0,Transmission_System,0.0,9.0,1,0
619029,Transmission System for Reliable Power Supply to Dholera,-) (-) Gujarat,2026-06,09-2024,03-2026,319.42,63.88,31.0,18,21,-3,19.998747730261098,69.0,Transmission_System,0.0,9.0,1,0
900808,Transmission System for Kurnool Wind Energy Zone/ Solar Energy Zone  Part-A and Part-B,"Multi-States (Andhra Pradesh, Telangana",2025-07,03-2023,11-2024,3546.94,3121.3,94.0,20,28,-8,87.99979700812531,6.0,Transmission_System,0.0,13.0,1,0
900808,Transmission System for Kurnool Wind Energy Zone/ Solar Energy Zone  Part-A and Part-B,"Multi-States (Andhra Pradesh, Telangana",2025-08,03-2023,11-2024,3546.94,3192.25,95.0,20,29,-9,90.00011277326372,5.0,Transmission_System,0.0,13.0,1,0
900808,Transmission System for Kurnool Wind Energy Zone/ Solar Energy Zone  Part-A and Part-B,"Multi-States (Andhra Pradesh, Telangana",2025-09,03-2023,11-2024,3546.94,3263.18,96.0,20,30,-10,91.99986467208353,4.0,Transmission_System,0.0,13.0,1,0
900808,Transmission System for Kurnool Wind Energy Zone/ Solar Energy Zone  Part-A and Part-B,"Multi-States (Andhra Pradesh, Telangana",2025-10,03-2023,11-2024,3546.94,3369.59,97.0,20,31,-11,94.99991542005222,3.0,Transmission_System,0.0,14.0,1,0
900808,Transmission System for Kurnool Wind Energy Zone/ Solar Energy Zone  Part-A and Part-B,"Multi-States (Andhra Pradesh, Telangana",2025-11,03-2023,11-2024,3546.94,3404.59,98.0,20,32,-12,95.98668147755531,2.0,Transmission_System,0.0,14.0,1,0
900808,Transmission System for Kurnool Wind Energy Zone/ Solar Energy Zone  Part-A and Part-B,"Multi-States (Andhra Pradesh, Telangana",2025-12,03-2023,11-2024,3546.94,3440.49,98.0,20,33,-13,96.99882151939417,2.0,Transmission_System,0.0,16.0,1,0
900808,Transmission System for Kurnool Wind Energy Zone/ Solar Energy Zone  Part-A and Part-B,"Multi-States (Andhra Pradesh, Telangana",2026-01,03-2023,11-2024,3546.94,3476.0,99.0,20,34,-14,97.99996616802088,1.0,Transmission_System,0.0,16.0,1,0
900808,Transmission System for Kurnool Wind Energy Zone/ Solar Energy Zone  Part-A and Part-B,"Multi-States (Andhra Pradesh, Telangana",2026-02,03-2023,11-2024,3546.94,3511.47,99.0,20,35,-15,98.99998308401044,1.0,Transmission_System,0.0,16.0,1,0
900808,Transmission System for Kurnool Wind Energy Zone/ Solar Energy Zone  Part-A and Part-B,"Multi-States (Andhra Pradesh, Telangana",2026-03,03-2023,11-2024,3546.94,3529.2,99.68,20,36,-16,99.49985057542557,0.3199999999999932,Transmission_System,0.0,18.0,1,0
900808,Transmission System for Kurnool Wind Energy Zone/ Solar Energy Zone  Part-A and Part-B,"Multi-States (Andhra Pradesh, Telangana",2026-04,03-2023,11-2024,3546.94,3532.75,99.69,20,37,-17,99.59993684697231,0.3100000000000023,Transmission_System,0.0,18.0,1,0
900808,Transmission System for Kurnool Wind Energy Zone/ Solar Energy Zone  Part-A and Part-B,"Multi-States (Andhra Pradesh, Telangana",2026-05,03-2023,11-2024,3546.94,3532.75,99.69,20,38,-18,99.59993684697231,0.3100000000000023,Transmission_System,0.0,18.0,1,0
N18000184,ESTABLISHMENT OF FIBER OPTIC COMMUNICATION SYSTEM IN NR UNDER FIBER OPTIC EXPANSION PROJECT (ADDITIO,,2024-08,03-2015,03-2018,197.4,161.89,96.0,36,113,-77,82.0111448834853,4.0,Communication,0.0,81.0,1,0
N18000184,ESTABLISHMENT OF FIBER OPTIC COMMUNICATION SYSTEM IN NR UNDER FIBER OPTIC EXPANSION PROJECT (ADDITIO,,2024-11,03-2015,03-2018,197.4,162.89,98.0,36,116,-80,82.5177304964539,2.0,Communication,0.0,81.0,1,0
N18000249,COMPREHENSIVE SCHEME FOR THE STRENGHTENING OF THE TRANSMISSION AND DISTRIBUTION SYSTEM IN A P,,2024-08,12-2014,12-2018,4754.42,6684.4,77.1,48,116,-68,140.59338468204322,22.900000000000006,Other_Power_Transmission,92.0175331586187,75.0,1,1
N18000249,1123 COMPREHENSIVE SCHEME FOR THE STRENGHTENING OF THE TRANSMISSION AND DISTRIBUTION SYSTEM IN A P,,2024-09,12-2014,12-2018,4754.42,6724.24,77.14,48,117,-69,141.43134178301452,22.86,Other_Power_Transmission,92.0175331586187,75.0,1,1
N18000249,COMPREHENSIVE SCHEME FOR THE STRENGHTENING OF THE TRANSMISSION AND DISTRIBUTION SYSTEM IN A P,,2024-11,12-2014,12-2018,4754.42,6869.5,77.6,48,119,-71,144.4866040442367,22.400000000000006,Other_Power_Transmission,92.0175331586187,75.0,1,1
N18000249,COMPREHENSIVE SCHEME FOR THE STRENGHTENING OF THE TRANSMISSION AND DISTRIBUTION SYSTEM IN A P,,2024-12,12-2014,12-2018,4754.42,6894.16,77.6,48,120,-72,145.0052792980006,22.400000000000006,Other_Power_Transmission,92.0175331586187,75.0,1,1
N18000249,COMPREHENSIVE SCHEME FOR THE STRENGHTENING OF THE TRANSMISSION AND DISTRIBUTION SYSTEM IN A P,,2025-01,12-2014,12-2018,4754.42,6938.35,77.9,48,121,-73,145.93473020894243,22.099999999999994,Other_Power_Transmission,92.0175331586187,75.0,1,1
N18000249,COMPREHENSIVE SCHEME FOR THE STRENGHTENING OF THE TRANSMISSION AND DISTRIBUTION SYSTEM IN A P,,2025-02,12-2014,12-2018,4754.42,7009.75,79.5,48,122,-74,147.4364906760446,20.5,Other_Power_Transmission,92.0175331586187,75.0,1,1
N18000249,COMPREHENSIVE SCHEME FOR THE STRENGHTENING OF THE TRANSMISSION AND DISTRIBUTION SYSTEM IN A P,,2025-03,12-2014,12-2018,4754.42,7602.44,80.0,48,123,-75,159.9025748671762,20.0,Other_Power_Transmission,92.0175331586187,99.0,1,1
N18000249,COMPREHENSIVE SCHEME FOR THE STRENGHTENING OF THE TRANSMISSION AND DISTRIBUTION SYSTEM IN A P,,2025-04,12-2018,03-2025,4754.42,7602.44,81.0,75,76,-1,159.9025748671762,19.0,Other_Power_Transmission,92.0175331586187,48.0,1,1
N18000249,COMPREHENSIVE SCHEME FOR THE STRENGHTENING OF THE TRANSMISSION AND DISTRIBUTION SYSTEM IN A P,,2025-05,12-2014,12-2018,4754.42,7602.44,81.5,48,125,-77,159.9025748671762,18.5,Other_Power_Transmission,92.0175331586187,99.0,1,1
N18000249,COMPREHENSIVE SCHEME FOR THE STRENGHTENING OF THE TRANSMISSION AND DISTRIBUTION SYSTEM IN A P,,2025-06,12-2014,12-2018,4754.42,7602.44,81.7,48,126,-78,159.9025748671762,18.299999999999997,Other_Power_Transmission,92.0175331586187,99.0,1,1
N18000250,NORTH EASTERN REGION POWER SYSTEM IMPROVEMENT PROJECT (NERPSIP) FOR SIX (6) STATES,,2024-08,12-2014,12-2018,5111.33,4925.53,95.0,48,116,-68,96.36493828416478,5.0,Other_Power_Transmission,31.08134282075311,75.0,1,1
N18000250,NORTH EASTERN REGION POWER SYSTEM IMPROVEMENT PROJECT (NERPSIP) FOR SIX (6) STATES,,2024-11,12-2014,12-2018,5111.33,4987.61,95.3,48,119,-71,97.57949496510693,4.700000000000003,Other_Power_Transmission,31.08134282075311,75.0,1,1
N18000250,NORTH EASTERN REGION POWER SYSTEM IMPROVEMENT PROJECT (NERPSIP) FOR SIX (6) STATES,,2024-12,12-2014,12-2018,5111.33,5020.56,95.4,48,120,-72,98.22414127047169,4.599999999999994,Other_Power_Transmission,31.08134282075311,75.0,1,1
N18000250,NORTH EASTERN REGION POWER SYSTEM IMPROVEMENT PROJECT (NERPSIP) FOR SIX (6) STATES,,2025-01,12-2014,12-2018,5111.33,5026.36,95.5,48,121,-73,98.33761467171949,4.5,Other_Power_Transmission,31.08134282075311,75.0,1,1
N18000250,NORTH EASTERN REGION POWER SYSTEM IMPROVEMENT PROJECT (NERPSIP) FOR SIX (6) STATES,,2025-02,12-2014,12-2018,5111.33,5066.06,95.6,48,122,-74,99.11432053888129,4.400000000000006,Other_Power_Transmission,31.08134282075311,78.0,1,1
N18000250,NORTH EASTERN REGION POWER SYSTEM IMPROVEMENT PROJECT (NERPSIP) FOR SIX (6) STATES,,2025-03,12-2014,12-2018,5111.33,5276.39,95.7,48,123,-75,103.22929648447665,4.299999999999997,Other_Power_Transmission,31.08134282075311,78.0,1,1
N18000250,NORTH EASTERN REGION POWER SYSTEM IMPROVEMENT PROJECT (NERPSIP) FOR SIX (6) STATES,,2025-04,12-2018,03-2025,5111.33,5276.39,95.8,75,76,-1,103.22929648447665,4.200000000000003,Other_Power_Transmission,31.08134282075311,3.0,1,1
N18000250,NORTH EASTERN REGION POWER SYSTEM IMPROVEMENT PROJECT (NERPSIP) FOR SIX (6) STATES,,2025-05,12-2014,12-2018,5111.33,5276.39,95.9,48,125,-77,103.22929648447665,4.099999999999994,Other_Power_Transmission,31.08134282075311,81.0,1,1
N18000250,NORTH EASTERN REGION POWER SYSTEM IMPROVEMENT PROJECT (NERPSIP) FOR SIX (6) STATES,,2025-06,12-2014,12-2018,5111.33,5230.02,96.0,48,126,-78,102.32209620587989,4.0,Other_Power_Transmission,31.08134282075311,81.0,1,1
N18000264,HVDC BIPOLE LINK BETWEEN WR AND SR -NORTH TRICHUR - SCHEME -II AC SYSTEM STRENGTHENING AT PUGALUR EN,"MULTI STATE ) 1,931.39",2024-08,08-2017,02-2020,1931.39,1962.64,99.0,30,84,-54,101.61800568502477,1.0,Substation_Grid_Equipment,36.45871626134546,67.0,1,1
N18000264,HVDC BIPOLE LINK BETWEEN WR AND SR -NORTH TRICHUR - SCHEME -II AC SYSTEM STRENGTHENING AT PUGALUR EN,"MULTI STATE ) 1,931.39",2024-11,08-2017,02-2020,1931.39,1972.44,99.0,30,87,-57,102.12541226784855,1.0,Substation_Grid_Equipment,36.45871626134546,67.0,1,1
N18000264,HVDC BIPOLE LINK BETWEEN WR AND SR - NORTH TRICHUR - SCHEME -II AC SYSTEM STRENGTHENING AT PUGALUR EN,"MULTI STATE ) 1,931.39",2024-12,08-2017,02-2020,1931.39,1972.44,99.0,30,88,-58,102.12541226784855,1.0,Substation_Grid_Equipment,36.45871626134546,67.0,1,1
N18000264,HVDC BIPOLE LINK BETWEEN WR AND SR -NORTH TRICHUR - SCHEME -II AC SYSTEM STRENGTHENING AT PUGALUR EN,"MULTI STATE ) 1,931.39",2025-01,08-2017,02-2020,1931.39,1972.44,99.0,30,89,-59,102.12541226784855,1.0,Substation_Grid_Equipment,36.45871626134546,67.0,1,1
N18000300,TRANSMISSION SYSTEM STRENGTHENING SCHEME FOR EVACUATION OF POWER FROM SOLAR ENERGY ZONES IN RAJASTHA,"RAJASTHAN ) 1,184.88",2024-08,05-2021,09-2022,1184.88,840.52,97.0,16,39,-23,70.93714131388832,3.0,Transmission_System,0.0,23.0,1,0
N18000306,TRANSMISSION SYSTEM STRENGTHENING SCHEME FOR EVACUATION OF POWER FROM SOLAR ENERGY ZONES IN RAJASTHA,,2024-08,06-2021,12-2022,1562.0,1161.25,92.0,18,38,-20,74.3437900128041,8.0,Transmission_System,0.0,24.0,1,0
N18000306,TRANSMISSION SYSTEM STRENGTHENING SCHEME FOR EVACUATION OF POWER FROM SOLAR ENERGY ZONES IN RAJASTHA,,2024-11,06-2021,12-2022,1562.0,1292.25,99.0,18,41,-23,82.73047375160051,1.0,Transmission_System,0.0,24.0,1,0
N18000307,TRANSMISSION SYSTEM STRENGTHENING SCHEME FOR EVACUATION OF POWER FROM SOLAR ENERGY ZONES IN RAJASTHA,,2024-08,06-2021,12-2022,1006.0,879.31,95.0,18,38,-20,87.40656063618289,5.0,Transmission_System,0.0,24.0,1,0
N18000307,TRANSMISSION SYSTEM STRENGTHENING SCHEME FOR EVACUATION OF POWER FROM SOLAR ENERGY ZONES IN RAJASTHA,,2024-11,06-2021,12-2022,1006.0,884.11,100.0,18,41,-23,87.88369781312127,0.0,Transmission_System,0.0,22.0,1,0
N18000316,NORTH EASTERN REGION STRENGTHENING SCHEME-XII,,2024-08,05-2021,03-2023,576.42,418.46,100.0,22,39,-17,72.59637070191874,0.0,Other_Power_Transmission,0.0,17.0,1,0
N18000316,NORTH EASTERN REGION STRENGTHENING SCHEME-XII,,2024-11,05-2021,03-2023,576.42,419.96,100.0,22,42,-20,72.85659761979113,0.0,Other_Power_Transmission,0.0,17.0,1,0
N18000328,TS FOR EVACUATION OF POWER FROM PAKALDUL HEP IN CHENAB VALLEY HEPS - LTA SYSTEM,,2024-08,02-2022,04-2025,318.12,139.55,83.0,38,30,8,43.8670941782975,17.0,Transmission_System,0.0,0.0,0,0
N18000328,TS FOR EVACUATION OF POWER FROM PAKALDUL HEP IN CHENAB VALLEY HEPS - LTA SYSTEM,,2024-11,02-2022,04-2025,318.12,146.75,86.0,38,33,5,46.1303910474035,14.0,Transmission_System,0.0,0.0,0,0
N18000328,TS FOR EVACUATION OF POWER FROM PAKALDUL HEP IN CHENAB VALLEY HEPS - LTA SYSTEM,,2024-12,02-2022,04-2025,318.12,151.75,88.0,38,34,4,47.70212498428266,12.0,Transmission_System,0.0,0.0,0,0
N18000328,TS FOR EVACUATION OF POWER FROM PAKALDUL HEP IN CHENAB VALLEY HEPS - LTA SYSTEM,,2025-01,02-2022,04-2025,318.12,154.75,90.0,38,35,3,48.64516534641016,10.0,Transmission_System,0.0,0.0,0,0
N18000328,TS FOR EVACUATION OF POWER FROM PAKALDUL HEP IN CHENAB VALLEY HEPS - LTA SYSTEM,,2025-02,02-2022,04-2025,318.12,157.75,94.0,38,36,2,49.58820570853766,6.0,Transmission_System,0.0,0.0,0,0
N18000328,TS FOR EVACUATION OF POWER FROM PAKALDUL HEP IN CHENAB VALLEY HEPS - LTA SYSTEM,,2025-03,02-2022,04-2025,318.12,157.75,94.0,38,37,1,49.58820570853766,6.0,Transmission_System,0.0,0.0,0,0
N18000328,TS FOR EVACUATION OF POWER FROM PAKALDUL HEP IN CHENAB VALLEY HEPS - LTA SYSTEM,,2025-04,02-2022,04-2025,318.12,169.75,95.0,38,38,0,53.36036715704765,5.0,Transmission_System,0.0,2.0,1,0
N18000328,TS FOR EVACUATION OF POWER FROM PAKALDUL HEP IN CHENAB VALLEY HEPS - LTA SYSTEM,,2025-05,02-2022,04-2025,318.12,169.75,98.0,38,39,-1,53.36036715704765,2.0,Transmission_System,0.0,2.0,1,0
N18000328,TS FOR EVACUATION OF POWER FROM PAKALDUL HEP IN CHENAB VALLEY HEPS - LTA SYSTEM,,2025-06,02-2022,04-2025,318.12,254.5,98.0,38,40,-2,80.00125738714951,2.0,Transmission_System,0.0,4.0,1,0
N18000330,TRANSMISSION SYSTEM STRENGTHENING FOR SRINAGAR-LEH TRANSMISSION SYSTEM,,2024-11,03-2022,12-2024,288.71,131.79,44.0,33,32,1,45.64788195767379,56.0,Transmission_System,0.0,9.0,1,0
N18000330,TRANSMISSION SYSTEM STRENGTHENING FOR SRINAGAR-LEH TRANSMISSION SYSTEM,,2024-12,03-2022,12-2024,288.71,133.79,47.0,33,33,0,46.34061861383395,53.0,Transmission_System,0.0,9.0,1,0
N18000330,TRANSMISSION SYSTEM STRENGTHENING FOR SRINAGAR-LEH TRANSMISSION SYSTEM,,2025-01,03-2022,12-2024,288.71,133.79,47.0,33,34,-1,46.34061861383395,53.0,Transmission_System,0.0,9.0,1,0
N18000330,TRANSMISSION SYSTEM STRENGTHENING FOR SRINAGAR-LEH TRANSMISSION SYSTEM,,2025-02,03-2022,12-2024,288.71,143.79,48.0,33,35,-2,49.804301894634754,52.0,Transmission_System,0.0,7.0,1,0
N18000330,TRANSMISSION SYSTEM STRENGTHENING FOR SRINAGAR-LEH TRANSMISSION SYSTEM,,2025-03,03-2022,12-2024,288.71,144.79,48.0,33,36,-3,50.15067022271483,52.0,Transmission_System,0.0,7.0,1,0
N18000330,TRANSMISSION SYSTEM STRENGTHENING FOR SRINAGAR-LEH TRANSMISSION SYSTEM,,2025-04,03-2022,12-2024,288.71,144.79,48.0,33,37,-4,50.15067022271483,52.0,Transmission_System,0.0,7.0,1,0
N18000330,TRANSMISSION SYSTEM STRENGTHENING FOR SRINAGAR-LEH TRANSMISSION SYSTEM,,2025-05,03-2022,12-2024,288.71,149.79,48.0,33,38,-5,51.88251186311523,52.0,Transmission_System,0.0,7.0,1,0
N18000330,TRANSMISSION SYSTEM STRENGTHENING FOR SRINAGAR-LEH TRANSMISSION SYSTEM,,2025-06,03-2022,12-2024,288.71,199.53,48.0,33,39,-6,69.11087250181845,52.0,Transmission_System,0.0,9.0,1,0
N18000331,TRANSMISSION SYSTEM STRENGTHENING SCHEME FOR EVACUATION OF POWER FROM SOLAR ENERGY ZONES IN RAJASTHA,,2024-08,02-2022,09-2023,359.47,191.87,63.0,19,30,-11,53.37580326591927,37.0,Transmission_System,0.0,15.0,1,0
N18000331,TRANSMISSION SYSTEM STRENGTHENING SCHEME FOR EVACUATION OF POWER FROM SOLAR ENERGY ZONES IN RAJASTHA,,2024-11,02-2022,09-2023,359.47,234.97,73.0,19,33,-14,65.36567724705816,27.0,Transmission_System,0.0,18.0,1,0
N18000331,TRANSMISSION SYSTEM STRENGTHENING SCHEME FOR EVACUATION OF POWER FROM SOLAR ENERGY ZONES IN RAJASTHA,,2025-01,02-2022,09-2023,359.47,271.16,79.0,19,35,-16,75.43327676857596,21.0,Transmission_System,0.0,18.0,1,0
N18000331,TRANSMISSION SYSTEM STRENGTHENING SCHEME FOR EVACUATION OF POWER FROM SOLAR ENERGY ZONES IN RAJASTHA,,2025-02,02-2022,09-2023,359.47,290.16,94.0,19,36,-17,80.71883606420563,6.0,Transmission_System,0.0,20.0,1,0
N18000331,TRANSMISSION SYSTEM STRENGTHENING SCHEME FOR EVACUATION OF POWER FROM SOLAR ENERGY ZONES IN RAJASTHA,,2025-03,02-2022,09-2023,359.47,292.16,82.0,19,37,-18,81.2752107269035,18.0,Transmission_System,0.0,20.0,1,0
N18000331,TRANSMISSION SYSTEM STRENGTHENING SCHEME FOR EVACUATION OF POWER FROM SOLAR ENERGY ZONES IN RAJASTHA,,2025-04,02-2022,09-2023,359.47,314.16,84.0,19,38,-19,87.39533201657996,16.0,Transmission_System,0.0,21.0,1,0
N18000331,TRANSMISSION SYSTEM STRENGTHENING SCHEME FOR EVACUATION OF POWER FROM SOLAR ENERGY ZONES IN RAJASTHA,,2025-05,02-2022,09-2023,359.47,319.16,90.0,19,39,-20,88.78626867332461,10.0,Transmission_System,0.0,22.0,1,0
N18000331,TRANSMISSION SYSTEM STRENGTHENING SCHEME FOR EVACUATION OF POWER FROM SOLAR ENERGY ZONES IN RAJASTHA,,2025-06,02-2022,09-2023,359.47,327.28,90.0,19,40,-21,91.0451498038779,10.0,Transmission_System,0.0,23.0,1,0
N18000332,TRANSMISSION SYSTEM STRENGTHENING SCHEME FOR EVACUATION OF POWER FROM SOLAR ENERGY ZONES IN RAJASTHA,,2024-08,05-2022,11-2023,1666.0,1290.22,80.0,18,27,-9,77.44417767106843,20.0,Transmission_System,0.0,13.0,1,0
N18000332,TRANSMISSION SYSTEM STRENGTHENING SCHEME FOR EVACUATION OF POWER FROM SOLAR ENERGY ZONES IN RAJASTHA,,2024-12,05-2022,11-2023,1666.0,1425.62,83.0,18,31,-13,85.57142857142857,17.0,Transmission_System,0.0,16.0,1,0
N18000332,TRANSMISSION SYSTEM STRENGTHENING SCHEME FOR EVACUATION OF POWER FROM SOLAR ENERGY ZONES IN RAJASTHA,,2025-01,05-2022,11-2023,1666.0,1428.62,83.0,18,32,-14,85.75150060024009,17.0,Transmission_System,0.0,16.0,1,0
N18000332,TRANSMISSION SYSTEM STRENGTHENING SCHEME FOR EVACUATION OF POWER FROM SOLAR ENERGY ZONES IN RAJASTHA,,2025-02,05-2022,11-2023,1666.0,1442.62,86.0,18,33,-15,86.59183673469387,14.0,Transmission_System,0.0,18.0,1,0
N18000332,TRANSMISSION SYSTEM STRENGTHENING SCHEME FOR EVACUATION OF POWER FROM SOLAR ENERGY ZONES IN RAJASTHA,,2025-03,05-2022,11-2023,1666.0,1449.62,88.0,18,34,-16,87.01200480192077,12.0,Transmission_System,0.0,18.0,1,0
N18000332,TRANSMISSION SYSTEM STRENGTHENING SCHEME FOR EVACUATION OF POWER FROM SOLAR ENERGY ZONES IN RAJASTHA,,2025-04,05-2022,11-2023,1666.0,1490.62,90.3,18,35,-17,89.47298919567827,9.700000000000003,Transmission_System,0.0,21.0,1,0
N18000332,TRANSMISSION SYSTEM STRENGTHENING SCHEME FOR EVACUATION OF POWER FROM SOLAR ENERGY ZONES IN RAJASTHA,,2025-05,05-2022,11-2023,1666.0,1511.62,92.7,18,36,-18,90.73349339735893,7.299999999999997,Transmission_System,33.13325330132052,21.0,1,1
N18000332,TRANSMISSION SYSTEM STRENGTHENING SCHEME FOR EVACUATION OF POWER FROM SOLAR ENERGY ZONES IN RAJASTHA,,2025-06,05-2022,11-2023,1666.0,2029.28,94.1,18,37,-19,121.80552220888354,5.900000000000006,Transmission_System,33.13325330132052,22.0,1,1
N18000337,TRANSMISSION NETWORK EXPANSION IN GUJARAT TO INCREASE ATC FROM ISTS: PART B,,2024-08,07-2022,06-2023,4546.26,2102.55,63.0,11,25,-14,46.247904871256814,37.0,Transmission_System,0.0,18.0,1,0
N18000337,1131 TRANSMISSION NETWORK EXPANSION IN GUJARAT TO INCREASE ATC FROM ISTS: PART B,,2024-09,07-2022,06-2023,4546.26,2180.35,64.0,11,26,-15,47.95920162947125,36.0,Transmission_System,0.0,18.0,1,0
N18000337,TRANSMISSION NETWORK EXPANSION IN GUJARAT TO INCREASE ATC FROM ISTS: PART B,,2024-11,07-2022,06-2023,4546.26,2423.35,75.0,11,28,-17,53.304254486105066,25.0,Transmission_System,0.0,21.0,1,0
N18000337,TRANSMISSION NETWORK EXPANSION IN GUJARAT TO INCREASE ATC FROM ISTS: PART B,,2024-12,07-2022,06-2023,4546.26,2497.35,80.0,11,29,-18,54.93196605561494,20.0,Transmission_System,0.0,21.0,1,0
N18000337,TRANSMISSION NETWORK EXPANSION IN GUJARAT TO INCREASE ATC FROM ISTS: PART B,,2025-01,07-2022,06-2023,4546.26,2550.35,84.0,11,30,-19,56.097759477020674,16.0,Transmission_System,0.0,23.0,1,0
N18000337,TRANSMISSION NETWORK EXPANSION IN GUJARAT TO INCREASE ATC FROM ISTS: PART B,,2025-02,07-2022,06-2023,4546.26,2624.35,87.0,11,31,-20,57.72547104653055,13.0,Transmission_System,0.0,24.0,1,0
N18000337,TRANSMISSION NETWORK EXPANSION IN GUJARAT TO INCREASE ATC FROM ISTS: PART B,,2025-03,07-2022,06-2023,4546.26,2680.35,89.0,11,32,-21,58.957252774808296,11.0,Transmission_System,0.0,24.0,1,0
N18000337,TRANSMISSION NETWORK EXPANSION IN GUJARAT TO INCREASE ATC FROM ISTS: PART B,,2025-04,07-2022,06-2023,4546.26,2785.35,91.0,11,33,-22,61.266843515329086,9.0,Transmission_System,0.0,27.0,1,0
N18000337,TRANSMISSION NETWORK EXPANSION IN GUJARAT TO INCREASE ATC FROM ISTS: PART B,,2025-05,07-2022,06-2023,4546.26,3969.34,92.0,11,34,-23,87.3100086664643,8.0,Transmission_System,0.0,27.0,1,0
N18000337,TRANSMISSION NETWORK EXPANSION IN GUJARAT TO INCREASE ATC FROM ISTS: PART B,,2025-06,07-2022,06-2023,4546.26,4091.67,93.0,11,35,-24,90.00079185968247,7.0,Transmission_System,0.0,27.0,1,0
N18000338,TRANSMISSION NETWORK EXPANSION IN GUJARAT TO INCREASE ATC FROM ISTS: PART C,,2024-08,07-2022,03-2025,186.19,58.93,64.0,32,25,7,31.6504645791933,36.0,Transmission_System,0.0,0.0,0,0
N18000338,TRANSMISSION NETWORK EXPANSION IN GUJARAT TO INCREASE ATC FROM ISTS: PART C,,2024-11,07-2022,03-2025,186.19,66.53,68.0,32,28,4,35.73231645093722,32.0,Transmission_System,0.0,0.0,0,0
N18000338,TRANSMISSION NETWORK EXPANSION IN GUJARAT TO INCREASE ATC FROM ISTS: PART C,,2024-12,07-2022,03-2025,186.19,67.53,87.0,32,29,3,36.2694022235351,13.0,Transmission_System,0.0,0.0,0,0
N18000338,TRANSMISSION NETWORK EXPANSION IN GUJARAT TO INCREASE ATC FROM ISTS: PART C,,2025-01,07-2022,03-2025,186.19,69.53,90.0,32,30,2,37.34357376873087,10.0,Transmission_System,0.0,0.0,0,0
N18000338,TRANSMISSION NETWORK EXPANSION IN GUJARAT TO INCREASE ATC FROM ISTS: PART C,,2025-02,07-2022,03-2025,186.19,70.53,91.0,32,31,1,37.880659541328754,9.0,Transmission_System,0.0,0.0,0,0
N18000338,TRANSMISSION NETWORK EXPANSION IN GUJARAT TO INCREASE ATC FROM ISTS: PART C,,2025-03,07-2022,03-2025,186.19,71.53,100.0,32,32,0,38.41774531392664,0.0,Transmission_System,0.0,0.0,0,0
N18000343,SYSTEM STRENGTHENING SCHEME FOR EASTERN AND NORTH EASTERN REGION,,2024-08,10-2022,10-2025,307.87,72.11,51.0,36,22,14,23.42222366583298,49.0,Transmission_System,0.0,0.0,0,0
N18000343,SYSTEM STRENGTHENING SCHEME FOR EASTERN AND NORTH EASTERN REGION,,2024-11,10-2022,10-2025,307.87,101.31,59.0,36,25,11,32.90674635398057,41.0,Transmission_System,0.0,0.0,0,0
N18000343,SYSTEM STRENGTHENING SCHEME FOR EASTERN AND NORTH EASTERN REGION,,2024-12,10-2022,10-2025,307.87,125.31,62.0,36,26,10,40.702244453827916,38.0,Transmission_System,0.0,0.0,0,0
N18000343,SYSTEM STRENGTHENING SCHEME FOR EASTERN AND NORTH EASTERN REGION,,2025-01,10-2022,10-2025,307.87,135.31,68.0,36,27,9,43.95036866209764,32.0,Transmission_System,0.0,0.0,0,0
N18000343,SYSTEM STRENGTHENING SCHEME FOR EASTERN AND NORTH EASTERN REGION,,2025-02,10-2022,10-2025,307.87,163.31,80.0,36,28,8,53.04511644525287,20.0,Transmission_System,0.0,0.0,0,0
N18000343,SYSTEM STRENGTHENING SCHEME FOR EASTERN AND NORTH EASTERN REGION,,2025-03,10-2022,10-2025,307.87,184.31,89.0,36,29,7,59.86617728261928,11.0,Transmission_System,0.0,0.0,0,0
N18000343,SYSTEM STRENGTHENING SCHEME FOR EASTERN AND NORTH EASTERN REGION,,2025-04,10-2022,10-2025,307.87,184.31,89.0,36,30,6,59.86617728261928,11.0,Transmission_System,0.0,0.0,0,0
N18000343,SYSTEM STRENGTHENING SCHEME FOR EASTERN AND NORTH EASTERN REGION,,2025-05,10-2022,10-2025,307.87,234.9,99.9,36,31,5,76.29843765225583,0.09999999999999432,Transmission_System,0.0,-4.0,0,0
N18000343,SYSTEM STRENGTHENING SCHEME FOR EASTERN AND NORTH EASTERN REGION,,2025-06,10-2022,10-2025,307.87,298.87,100.0,36,32,4,97.07668821255724,0.0,Transmission_System,0.0,-4.0,0,0
N18000350,WESTERN REGION EXPANSION SCHEME XXV,,2024-08,02-2023,11-2023,385.84,85.61,37.0,9,18,-9,22.187953555878085,63.0,Transmission_System,0.0,10.0,1,0
N18000350,WESTERN REGION EXPANSION SCHEME XXV,,2024-09,02-2023,11-2023,385.84,136.71,50.0,9,19,-10,35.43178519593614,50.0,Transmission_System,0.0,14.0,1,0
N18000350,WESTERN REGION EXPANSION SCHEME XXV,,2024-11,02-2023,11-2023,385.84,186.71,63.0,9,21,-12,48.39052456976986,37.0,Transmission_System,0.0,14.0,1,0
N18000350,WESTERN REGION EXPANSION SCHEME XXV,,2024-12,02-2023,11-2023,385.84,200.71,71.0,9,22,-13,52.0189715944433,29.0,Transmission_System,0.0,15.0,1,0
N18000350,WESTERN REGION EXPANSION SCHEME XXV,,2025-01,02-2023,11-2023,385.84,206.71,78.0,9,23,-14,53.57402031930334,22.0,Transmission_System,0.0,16.0,1,0
N18000350,WESTERN REGION EXPANSION SCHEME XXV,,2025-02,02-2023,11-2023,385.84,251.71,85.0,9,24,-15,65.23688575575368,15.0,Transmission_System,0.0,16.0,1,0
N18000350,WESTERN REGION EXPANSION SCHEME XXV,,2025-03,02-2023,11-2023,385.84,252.71,89.0,9,25,-16,65.49606054323036,11.0,Transmission_System,0.0,18.0,1,0
N18000350,WESTERN REGION EXPANSION SCHEME XXV,,2025-04,02-2023,11-2023,385.84,258.71,91.0,9,26,-17,67.0511092680904,9.0,Transmission_System,0.0,19.0,1,0
N18000350,WESTERN REGION EXPANSION SCHEME XXV,,2025-05,02-2023,11-2023,385.84,369.79,93.0,9,27,-18,95.84024466099939,7.0,Transmission_System,0.0,19.0,1,0
N18000350,WESTERN REGION EXPANSION SCHEME XXV,,2025-06,02-2023,11-2023,385.84,370.41,95.0,9,28,-19,96.00093302923493,5.0,Transmission_System,0.0,21.0,1,0
N18000351,EASTERN REGION EXPANSION SCHEME XXIX,,2024-08,03-2023,11-2025,524.04,307.27,56.0,32,17,15,58.634837035340816,44.0,Transmission_System,0.0,0.0,0,0
N18000351,EASTERN REGION EXPANSION SCHEME XXIX,,2024-11,03-2023,11-2025,524.04,320.97,58.0,32,20,12,61.24914128692467,42.0,Transmission_System,0.0,0.0,0,0
N18000351,EASTERN REGION EXPANSION SCHEME XXIX,,2024-12,03-2023,11-2025,524.04,320.97,72.0,32,21,11,61.24914128692467,28.0,Transmission_System,0.0,0.0,0,0
N18000351,EASTERN REGION EXPANSION SCHEME XXIX,,2025-01,03-2023,11-2025,524.04,324.97,75.0,32,22,10,62.01244179833601,25.0,Transmission_System,0.0,0.0,0,0
N18000351,EASTERN REGION EXPANSION SCHEME XXIX,,2025-02,03-2023,11-2025,524.04,329.97,84.0,32,23,9,62.9665674376002,16.0,Transmission_System,0.0,0.0,0,0
N18000351,EASTERN REGION EXPANSION SCHEME XXIX,,2025-03,03-2023,11-2025,524.04,347.97,92.0,32,24,8,66.40141973895123,8.0,Transmission_System,0.0,0.0,0,0
N18000351,EASTERN REGION EXPANSION SCHEME XXIX,,2025-04,03-2023,11-2025,524.04,359.97,99.0,32,25,7,68.69132127318527,1.0,Transmission_System,0.0,0.0,0,0
N18000351,EASTERN REGION EXPANSION SCHEME XXIX,,2025-05,03-2023,11-2025,524.04,359.97,99.0,32,26,6,68.69132127318527,1.0,Transmission_System,0.0,-5.0,0,0
N18000351,EASTERN REGION EXPANSION SCHEME XXIX,,2025-06,03-2023,11-2025,524.04,482.12,99.8,32,27,5,92.00061064040914,0.20000000000000284,Transmission_System,0.0,-4.0,0,0
N18000352,TRANSMISSION SYSTEM FOR KURNOOL WIND ENERGY ZONE SOLAR ENERGY ZONE (AP) PART-A  PART B,,2024-08,03-2023,11-2024,3546.94,1093.24,45.0,20,17,3,30.82206070584786,55.0,Transmission_System,0.0,0.0,0,0
N18000352,TRANSMISSION SYSTEM FOR KURNOOL WIND ENERGY ZONE SOLAR ENERGY ZONE (AP) PART- A  PART B,,2024-11,03-2023,11-2024,3546.94,1687.14,68.0,20,20,0,47.566071035878814,32.0,Transmission_System,0.0,4.0,1,0
N18000352,TRANSMISSION SYSTEM FOR KURNOOL WIND ENERGY ZONE SOLAR ENERGY ZONE (AP) PART-A  PART B,,2024-12,03-2023,11-2024,3546.94,1767.14,75.0,20,21,-1,49.82153631017159,25.0,Transmission_System,0.0,4.0,1,0
N18000352,TRANSMISSION SYSTEM FOR KURNOOL WIND ENERGY ZONE SOLAR ENERGY ZONE (AP) PART-A  PART B,,2025-01,03-2023,11-2024,3546.94,1940.14,80.0,20,22,-2,54.69897996582971,20.0,Transmission_System,0.0,6.0,1,0
N18000352,TRANSMISSION SYSTEM FOR KURNOOL WIND ENERGY ZONE SOLAR ENERGY ZONE (AP) PART- A  PART B,,2025-02,03-2023,11-2024,3546.94,2000.14,84.0,20,23,-3,56.390578921549285,16.0,Transmission_System,0.0,6.0,1,0
N18000352,TRANSMISSION SYSTEM FOR KURNOOL WIND ENERGY ZONE SOLAR ENERGY ZONE (AP) PART- A  PART B,,2025-03,03-2023,11-2024,3546.94,2106.14,87.0,20,24,-4,59.3790704099872,13.0,Transmission_System,0.0,6.0,1,0
N18000352,TRANSMISSION SYSTEM FOR KURNOOL WIND ENERGY ZONE SOLAR ENERGY ZONE (AP) PART-A  PART B,,2025-04,03-2023,11-2024,3546.94,2202.14,89.0,20,25,-5,62.08562873913852,11.0,Transmission_System,0.0,9.0,1,0
N18000352,TRANSMISSION SYSTEM FOR KURNOOL WIND ENERGY ZONE SOLAR ENERGY ZONE (AP) PART-A  PART B,,2025-05,03-2023,11-2024,3546.94,2759.0,97.0,20,26,-6,77.78535864717193,3.0,Transmission_System,0.0,9.0,1,0
N18000352,TRANSMISSION SYSTEM FOR KURNOOL WIND ENERGY ZONE SOLAR ENERGY ZONE (AP) PART-A  PART B,,2025-06,03-2023,11-2024,3546.94,2837.55,94.0,20,27,-7,79.99994361336815,6.0,Transmission_System,0.0,10.0,1,0
N18000353,ER WR TRANSMISSION LIMITED,,2024-08,03-2023,03-2025,281.16,27.14,26.0,24,17,7,9.652866695120215,74.0,Other_Power_Transmission,0.0,0.0,0,0
N18000353,ER WR TRANSMISSION LIMITED,,2024-11,03-2023,03-2025,281.16,54.14,50.0,24,20,4,19.25593967847489,50.0,Other_Power_Transmission,0.0,0.0,0,0
N18000353,ER WR TRANSMISSION LIMITED,,2024-12,03-2023,03-2025,281.16,62.14,57.0,24,21,3,22.1012946365059,43.0,Other_Power_Transmission,0.0,0.0,0,0
N18000353,ER WR TRANSMISSION LIMITED,,2025-01,03-2023,03-2025,281.16,89.14,63.0,24,22,2,31.704367619860573,37.0,Other_Power_Transmission,0.0,0.0,0,0
N18000353,ER WR TRANSMISSION LIMITED,,2025-02,03-2023,03-2025,281.16,99.14,84.0,24,23,1,35.261061317399346,16.0,Other_Power_Transmission,0.0,0.0,0,0
N18000353,ER WR TRANSMISSION LIMITED,,2025-03,03-2023,03-2025,281.16,129.14,84.0,24,24,0,45.93114241001564,16.0,Other_Power_Transmission,0.0,1.0,1,0
N18000353,ER WR TRANSMISSION LIMITED,,2025-04,03-2023,03-2025,281.16,162.14,91.0,24,25,-1,57.668231611893574,9.0,Other_Power_Transmission,0.0,2.0,1,0
N18000353,ER WR TRANSMISSION LIMITED,,2025-05,03-2023,03-2025,281.16,217.88,98.8,24,26,-2,77.49324228197467,1.2000000000000028,Other_Power_Transmission,0.0,3.0,1,0
N18000353,ER WR TRANSMISSION LIMITED,,2025-06,03-2023,03-2025,281.16,281.15,100.0,24,27,-3,99.99644330630244,0.0,Other_Power_Transmission,0.0,3.0,1,0
N18000354,TRANSMISSION SYSTEM ASSOCIATED WITH WESTERN REGION EXPANSION SCHEME XXVII,,2024-08,03-2023,09-2024,271.69,108.34,50.0,18,17,1,39.876329640398986,50.0,Transmission_System,0.0,1.0,1,0
N18000354,TRANSMISSION SYSTEM ASSOCIATED WITH WESTERN REGION EXPANSION SCHEME XXVII,,2024-09,03-2023,09-2024,271.69,117.04,54.0,18,18,0,43.078508594353856,46.0,Transmission_System,0.0,3.0,1,0
N18000354,TRANSMISSION SYSTEM ASSOCIATED WITH WESTERN REGION EXPANSION SCHEME XXVII,,2024-11,03-2023,09-2024,271.69,148.03,69.0,18,20,-2,54.484890868268984,31.0,Transmission_System,0.0,4.0,1,0
N18000354,TRANSMISSION SYSTEM ASSOCIATED WITH WESTERN REGION EXPANSION SCHEME XXVII,,2024-12,03-2023,09-2024,271.69,153.03,77.0,18,21,-3,56.32522360042695,23.0,Transmission_System,0.0,5.0,1,0
N18000354,TRANSMISSION SYSTEM ASSOCIATED WITH WESTERN REGION EXPANSION SCHEME XXVII,,2025-01,03-2023,09-2024,271.69,173.03,87.0,18,22,-4,63.68655452905886,13.0,Transmission_System,0.0,5.0,1,0
N18000354,TRANSMISSION SYSTEM ASSOCIATED WITH WESTERN REGION EXPANSION SCHEME XXVII,,2025-02,03-2023,09-2024,271.69,179.03,97.0,18,23,-5,65.89495380764842,3.0,Transmission_System,0.0,7.0,1,0
N18000354,TRANSMISSION SYSTEM ASSOCIATED WITH WESTERN REGION EXPANSION SCHEME XXVII,,2025-03,03-2023,09-2024,271.69,186.03,100.0,18,24,-6,68.47141963266958,0.0,Transmission_System,0.0,6.0,1,0
N18000355,TRANSMISSION SYSTEM ASSOCIATED WITH WESTERN REGION EXPANSION SCHEME-XXVIII AND XXIX,,2024-08,03-2023,03-2025,260.3,56.59,60.0,24,17,7,21.740299654245103,40.0,Transmission_System,0.0,0.0,0,0
N18000355,TRANSMISSION SYSTEM ASSOCIATED WITH WESTERN REGION EXPANSION SCHEME-XXVIII AND XXIX,,2024-09,03-2023,03-2025,260.3,106.79,78.0,24,18,6,41.02573953131003,22.0,Transmission_System,0.0,0.0,0,0
N18000355,TRANSMISSION SYSTEM ASSOCIATED WITH WESTERN REGION EXPANSION SCHEME- XXVIII AND XXIX,,2024-11,03-2023,03-2025,260.3,128.79,89.0,24,20,4,49.477525931617365,11.0,Transmission_System,0.0,0.0,0,0
N18000355,TRANSMISSION SYSTEM ASSOCIATED WITH WESTERN REGION EXPANSION SCHEME- XXVIII AND XXIX,,2024-12,03-2023,03-2025,260.3,145.79,94.0,24,21,3,56.0084517864003,6.0,Transmission_System,0.0,0.0,0,0
N18000355,TRANSMISSION SYSTEM ASSOCIATED WITH WESTERN REGION EXPANSION SCHEME-XXVIII AND XXIX,,2025-01,03-2023,03-2025,260.3,172.79,98.0,24,22,2,66.38109873223203,2.0,Transmission_System,0.0,0.0,0,0
N18000355,TRANSMISSION SYSTEM ASSOCIATED WITH WESTERN REGION EXPANSION SCHEME- XXVIII AND XXIX,,2025-02,03-2023,03-2025,260.3,180.79,98.0,24,23,1,69.45447560507107,2.0,Transmission_System,0.0,0.0,0,0
N18000355,TRANSMISSION SYSTEM ASSOCIATED WITH WESTERN REGION EXPANSION SCHEME- XXVIII AND XXIX,,2025-03,03-2023,03-2025,260.3,187.79,100.0,24,24,0,72.14368036880522,0.0,Transmission_System,0.0,0.0,0,0
N18000356,TRANSMISSION SYSTEM SCHEME FOR EVACUATION OF POWER FROM REZ RAJASTHAN (8.1 GW) UNDER PHASE-II PART,,2024-08,03-2023,09-2024,1433.28,485.77,40.0,18,17,1,33.89219133735209,60.0,Transmission_System,0.0,3.0,1,0
N18000356,1346  TRANSMISSION SYSTEM SCHEME FOR EVACUATION OF POWER FROM REZ RAJASTHAN (8.1 GW) UNDER PHASE-II PART,,2024-09,03-2023,09-2024,1433.28,540.47,40.0,18,18,0,37.708612413485156,60.0,Transmission_System,0.0,3.0,1,0
N18000356,TRANSMISSION SYSTEM SCHEME FOR EVACUATION OF POWER FROM REZ RAJASTHAN (8.1 GW) UNDER PHASE-II PART,,2024-12,03-2023,09-2024,1433.28,704.47,72.0,18,21,-3,49.15089863808886,28.0,Transmission_System,0.0,6.0,1,0
N18000356,TRANSMISSION SYSTEM SCHEME FOR EVACUATION OF POWER FROM REZ RAJASTHAN (8.1 GW) UNDER PHASE-II PART,,2025-01,03-2023,09-2024,1433.28,801.47,80.0,18,22,-4,55.91859231971422,20.0,Transmission_System,0.0,6.0,1,0
N18000356,TRANSMISSION SYSTEM SCHEME FOR EVACUATION OF POWER FROM REZ RAJASTHAN (8.1 GW) UNDER PHASE-II PART,,2025-02,03-2023,09-2024,1433.28,811.47,87.0,18,23,-5,56.61629269926323,13.0,Transmission_System,0.0,8.0,1,0
N18000356,TRANSMISSION SYSTEM SCHEME FOR EVACUATION OF POWER FROM REZ RAJASTHAN (8.1 GW) UNDER PHASE-II PART,,2025-03,03-2023,09-2024,1433.28,850.47,89.0,18,24,-6,59.33732417950436,11.0,Transmission_System,0.0,8.0,1,0
N18000356,TRANSMISSION SYSTEM SCHEME FOR EVACUATION OF POWER FROM REZ RAJASTHAN (8.1 GW) UNDER PHASE-II PART,,2025-04,03-2023,09-2024,1433.28,956.47,90.7,18,25,-7,66.73294820272383,9.299999999999997,Transmission_System,0.0,12.0,1,0
N18000356,TRANSMISSION SYSTEM SCHEME FOR EVACUATION OF POWER FROM REZ RAJASTHAN (8.1 GW) UNDER PHASE-II PART,,2025-05,03-2023,09-2024,1433.28,1281.27,91.9,18,26,-8,89.39425653047556,8.099999999999994,Transmission_System,0.0,12.0,1,0
N18000356,TRANSMISSION SYSTEM SCHEME FOR EVACUATION OF POWER FROM REZ RAJASTHAN (8.1 GW) UNDER PHASE-II PART,,2025-06,03-2023,09-2024,1433.28,1290.22,91.9,18,27,-9,90.01869837017192,8.099999999999994,Transmission_System,0.0,12.0,1,0
N18000357,ESTABLISHMENT OF KHAVDA POOLING STATION 3 (KPS3) IN KHAVDA RE PARK,,2024-08,03-2023,12-2024,922.3,191.77,25.0,21,17,4,20.792583757996315,75.0,Substation_Grid_Equipment,0.0,2.0,1,0
N18000357,ESTABLISHMENT OF KHAVDA POOLING STATION 3 (KPS3) IN KHAVDA RE PARK,,2024-09,03-2023,12-2024,922.3,259.67,30.0,21,18,3,28.154613466334165,70.0,Substation_Grid_Equipment,0.0,2.0,1,0
N18000357,ESTABLISHMENT OF KHAVDA POOLING STATION 3 (KPS3) IN KHAVDA RE PARK,,2024-12,03-2023,12-2024,922.3,350.67,70.0,21,21,0,38.021251219776644,30.0,Substation_Grid_Equipment,0.0,2.0,1,0
N18000357,ESTABLISHMENT OF KHAVDA POOLING STATION 3 (KPS3) IN KHAVDA RE PARK,,2025-01,03-2023,12-2024,922.3,465.67,74.0,21,22,-1,50.490079149951214,26.0,Substation_Grid_Equipment,0.0,3.0,1,0
N18000357,ESTABLISHMENT OF KHAVDA POOLING STATION 3 (KPS3) IN KHAVDA RE PARK,,2025-02,03-2023,12-2024,922.3,513.67,83.0,21,23,-2,55.69445950341537,17.0,Substation_Grid_Equipment,0.0,3.0,1,0
N18000357,ESTABLISHMENT OF KHAVDA POOLING STATION 3 (KPS3) IN KHAVDA RE PARK,,2025-03,03-2023,12-2024,922.3,587.67,88.0,21,24,-3,63.71787921500596,12.0,Substation_Grid_Equipment,0.0,5.0,1,0
N18000357,ESTABLISHMENT OF KHAVDA POOLING STATION 3 (KPS3) IN KHAVDA RE PARK,,2025-04,03-2023,12-2024,922.3,672.67,88.7,21,25,-4,72.93396942426543,11.299999999999997,Substation_Grid_Equipment,0.0,5.0,1,0
N18000357,ESTABLISHMENT OF KHAVDA POOLING STATION 3 (KPS3) IN KHAVDA RE PARK,,2025-05,03-2023,12-2024,922.3,823.07,88.7,21,26,-5,89.24102786511982,11.299999999999997,Substation_Grid_Equipment,0.0,6.0,1,0
N18000357,ESTABLISHMENT OF KHAVDA POOLING STATION 3 (KPS3) IN KHAVDA RE PARK,,2025-06,03-2023,12-2024,922.3,830.14,90.5,21,27,-6,90.00758972134881,9.5,Substation_Grid_Equipment,0.0,7.0,1,0
N18000358,TRANSMISSION NETWORK EXPANSION IN GUJARAT ASSOCIATED WITH INTEGRATION OF RE PROJECTS FROM KHAVDA POT,,2024-08,03-2023,03-2025,815.12,7.89,25.0,24,17,7,0.9679556384336048,75.0,Transmission_System,0.0,0.0,0,0
N18000358,TRANSMISSION NETWORK EXPANSION IN GUJARAT ASSOCIATED WITH INTEGRATION OF RE PROJECTS FROM KHAVDA POT,,2024-09,03-2023,03-2025,815.12,7.99,26.0,24,18,6,0.9802237707331437,74.0,Transmission_System,0.0,0.0,0,0
N18000358,TRANSMISSION NETWORK EXPANSION IN GUJARAT ASSOCIATED WITH INTEGRATION OF RE PROJECTS FROM KHAVDA POT,,2024-11,03-2023,03-2025,815.12,7.99,42.0,24,20,4,0.9802237707331437,58.0,Transmission_System,0.0,0.0,0,0
N18000358,TRANSMISSION NETWORK EXPANSION IN GUJARAT ASSOCIATED WITH INTEGRATION OF RE PROJECTS FROM KHAVDA POT,,2024-12,03-2023,03-2025,815.12,7.99,51.0,24,21,3,0.9802237707331437,49.0,Transmission_System,0.0,0.0,0,0
N18000358,TRANSMISSION NETWORK EXPANSION IN GUJARAT ASSOCIATED WITH INTEGRATION OF RE PROJECTS FROM KHAVDA POT,,2025-01,03-2023,03-2025,815.12,9.99,59.0,24,22,2,1.2255864167239179,41.0,Transmission_System,0.0,0.0,0,0
N18000358,TRANSMISSION NETWORK EXPANSION IN GUJARAT ASSOCIATED WITH INTEGRATION OF RE PROJECTS FROM KHAVDA POT,,2025-02,03-2023,03-2025,815.12,10.99,72.0,24,23,1,1.348267739719305,28.0,Transmission_System,0.0,1.0,1,0
N18000358,TRANSMISSION NETWORK EXPANSION IN GUJARAT ASSOCIATED WITH INTEGRATION OF RE PROJECTS FROM KHAVDA POT,,2025-03,03-2023,03-2025,815.12,10.99,83.0,24,24,0,1.348267739719305,17.0,Transmission_System,0.0,1.0,1,0
N18000358,TRANSMISSION NETWORK EXPANSION IN GUJARAT ASSOCIATED WITH INTEGRATION OF RE PROJECTS FROM KHAVDA POT,,2025-04,03-2023,03-2025,815.12,10.99,88.0,24,25,-1,1.348267739719305,12.0,Transmission_System,0.0,3.0,1,0
N18000358,TRANSMISSION NETWORK EXPANSION IN GUJARAT ASSOCIATED WITH INTEGRATION OF RE PROJECTS FROM KHAVDA POT,,2025-05,03-2023,03-2025,815.12,738.03,94.6,24,26,-2,90.5424968102856,5.400000000000006,Transmission_System,0.0,3.0,1,0
N18000358,TRANSMISSION NETWORK EXPANSION IN GUJARAT ASSOCIATED WITH INTEGRATION OF RE PROJECTS FROM KHAVDA POT,,2025-06,03-2023,03-2025,815.12,758.09,100.0,24,27,-3,93.00348414957307,0.0,Transmission_System,0.0,4.0,1,0
N18000359,"KHAVDA-2, GUJARAT- ESTABLISHMENT OF KHAVDA POOLING STATION-2 (KPS2) IN KHAVDA RE PARK",,2024-08,03-2023,12-2024,966.79,120.72,33.0,21,17,4,12.486682733582267,67.0,Substation_Grid_Equipment,0.0,2.0,1,0
N18000359,"KHAVDA-2, GUJARAT- ESTABLISHMENT OF KHAVDA POOLING STATION-2 (KPS2) IN KHAVDA RE PARK",,2024-09,03-2023,12-2024,966.79,133.22,37.0,21,18,3,13.779621220740804,63.0,Substation_Grid_Equipment,0.0,2.0,1,0
N18000359,"KHAVDA-2, GUJARAT- ESTABLISHMENT OF KHAVDA POOLING STATION-2 (KPS2) IN KHAVDA RE PARK",,2024-11,03-2023,12-2024,966.79,176.22,63.0,21,20,1,18.227329616566163,37.0,Substation_Grid_Equipment,0.0,2.0,1,0
N18000359,"KHAVDA-2, GUJARAT- ESTABLISHMENT OF KHAVDA POOLING STATION-2 (KPS2) IN KHAVDA RE PARK",,2024-12,03-2023,12-2024,966.79,293.22,70.0,21,21,0,30.329233856370053,30.0,Substation_Grid_Equipment,0.0,2.0,1,0
N18000359,"KHAVDA-2, GUJARAT- ESTABLISHMENT OF KHAVDA POOLING STATION-2 (KPS2) IN KHAVDA RE PARK",,2025-01,03-2023,12-2024,966.79,362.22,74.0,21,22,-1,37.466254305485165,26.0,Substation_Grid_Equipment,0.0,3.0,1,0
N18000359,"KHAVDA-2, GUJARAT- ESTABLISHMENT OF KHAVDA POOLING STATION-2 (KPS2) IN KHAVDA RE PARK",,2025-02,03-2023,12-2024,966.79,433.22,82.0,21,23,-2,44.810144912545645,18.0,Substation_Grid_Equipment,0.0,3.0,1,0
N18000359,"KHAVDA-2, GUJARAT- ESTABLISHMENT OF KHAVDA POOLING STATION-2 (KPS2) IN KHAVDA RE PARK",,2025-03,03-2023,12-2024,966.79,548.22,90.0,21,24,-3,56.70517899440417,10.0,Substation_Grid_Equipment,0.0,5.0,1,0
N18000359,"KHAVDA-2, GUJARAT- ESTABLISHMENT OF KHAVDA POOLING STATION-2 (KPS2) IN KHAVDA RE PARK",,2025-04,03-2023,12-2024,966.79,646.22,93.0,21,25,-4,66.84181673372707,7.0,Substation_Grid_Equipment,0.0,5.0,1,0
N18000359,"KHAVDA-2, GUJARAT- ESTABLISHMENT OF KHAVDA POOLING STATION-2 (KPS2) IN KHAVDA RE PARK",,2025-05,03-2023,12-2024,966.79,859.0,93.6,21,26,-5,88.85073283753454,6.400000000000006,Substation_Grid_Equipment,0.0,6.0,1,0
N18000359,"KHAVDA-2, GUJARAT- ESTABLISHMENT OF KHAVDA POOLING STATION-2 (KPS2) IN KHAVDA RE PARK",,2025-06,03-2023,12-2024,966.79,870.1,93.6,21,27,-6,89.99886221413131,6.400000000000006,Substation_Grid_Equipment,0.0,8.0,1,0
N18000360,"KHAVDA PHASE-II-PART B, GUJARAT- TRANSMISSION SCHEME FOR EVACUATION OF 4.5 GW RE INJECTION AT KHAVDA",,2024-08,03-2023,03-2025,1167.55,376.14,20.0,24,17,7,32.2161791786219,80.0,Transmission_System,0.0,0.0,0,0
N18000360,"KHAVDA PHASE-II-PART B, GUJARAT- TRANSMISSION SCHEME FOR EVACUATION OF 4.5 GW RE INJECTION AT KHAVDA",,2024-09,03-2023,03-2025,1167.55,509.14,22.0,24,18,6,43.6075542803306,78.0,Transmission_System,0.0,0.0,0,0
N18000360,"KHAVDA PHASE-II-PART B, GUJARAT- TRANSMISSION SCHEME FOR EVACUATION OF 4.5 GW RE INJECTION AT KHAVDA",,2024-11,03-2023,03-2025,1167.55,521.14,26.0,24,20,4,44.63534752259004,74.0,Transmission_System,0.0,0.0,0,0
N18000360,"KHAVDA PHASE-II-PART B, GUJARAT- TRANSMISSION SCHEME FOR EVACUATION OF 4.5 GW RE INJECTION AT KHAVDA",,2024-12,03-2023,03-2025,1167.55,588.14,38.0,24,21,3,50.373859791871865,62.0,Transmission_System,0.0,0.0,0,0
N18000360,"KHAVDA PHASE-II-PART B, GUJARAT- TRANSMISSION SCHEME FOR EVACUATION OF 4.5 GW RE INJECTION AT KHAVDA",,2025-01,03-2023,03-2025,1167.55,622.14,47.0,24,22,2,53.285940644940254,53.0,Transmission_System,0.0,1.0,1,0
N18000360,"KHAVDA PHASE-II-PART B, GUJARAT- TRANSMISSION SCHEME FOR EVACUATION OF 4.5 GW RE INJECTION AT KHAVDA",,2025-02,03-2023,03-2025,1167.55,651.14,56.0,24,23,1,55.76977431373389,44.0,Transmission_System,0.0,3.0,1,0
N18000360,"KHAVDA PHASE-II-PART B, GUJARAT- TRANSMISSION SCHEME FOR EVACUATION OF 4.5 GW RE INJECTION AT KHAVDA",,2025-03,03-2023,03-2025,1167.55,677.14,69.0,24,24,0,57.99665967196266,31.0,Transmission_System,0.0,3.0,1,0
N18000360,"KHAVDA PHASE-II-PART B, GUJARAT- TRANSMISSION SCHEME FOR EVACUATION OF 4.5 GW RE INJECTION AT KHAVDA",,2025-04,03-2023,03-2025,1167.55,712.14,83.7,24,25,-1,60.994389961886,16.299999999999997,Transmission_System,0.0,6.0,1,0
N18000360,"KHAVDA PHASE-II-PART B, GUJARAT- TRANSMISSION SCHEME FOR EVACUATION OF 4.5 GW RE INJECTION AT KHAVDA",,2025-05,03-2023,03-2025,1167.55,950.0,86.1,24,26,-2,81.36696501220506,13.900000000000006,Transmission_System,0.0,6.0,1,0
N18000360,"KHAVDA PHASE-II-PART B, GUJARAT- TRANSMISSION SCHEME FOR EVACUATION OF 4.5 GW RE INJECTION AT KHAVDA",,2025-06,03-2023,03-2025,1167.55,957.39,90.0,24,27,-3,81.99991435056316,10.0,Transmission_System,0.0,6.0,1,0
N18000361,"KHAVDA PHASE-II-PART C, GUJARAT- TRANSMISSION SCHEME FOR EVACUATION OF 4.5 GW RE INJECTION AT KHAVDA",,2024-08,03-2023,03-2025,2820.99,152.1,18.0,24,17,7,5.391724181936129,82.0,Transmission_System,0.0,0.0,0,0
N18000361,"KHAVDA PHASE-II-PART C, GUJARAT- TRANSMISSION SCHEME FOR EVACUATION OF 4.5 GW RE INJECTION AT KHAVDA",,2024-09,03-2023,03-2025,2820.99,336.1,19.0,24,18,6,11.914257051602453,81.0,Transmission_System,0.0,0.0,0,0
N18000361,"KHAVDA PHASE-II-PART C, GUJARAT- TRANSMISSION SCHEME FOR EVACUATION OF 4.5 GW RE INJECTION AT KHAVDA",,2024-11,03-2023,03-2025,2820.99,1858.46,22.0,24,20,4,65.87970889652215,78.0,Transmission_System,0.0,0.0,0,0
N18000361,"KHAVDA PHASE-II-PART C, GUJARAT- TRANSMISSION SCHEME FOR EVACUATION OF 4.5 GW RE INJECTION AT KHAVDA",,2024-12,03-2023,03-2025,2820.99,2002.46,41.0,24,21,3,70.98429983800014,59.0,Transmission_System,0.0,0.0,0,0
N18000361,"KHAVDA PHASE-II-PART C, GUJARAT- TRANSMISSION SCHEME FOR EVACUATION OF 4.5 GW RE INJECTION AT KHAVDA",,2025-01,03-2023,03-2025,2820.99,2063.46,52.0,24,22,2,73.14666127848734,48.0,Transmission_System,0.0,1.0,1,0
N18000361,"KHAVDA PHASE-II-PART C, GUJARAT- TRANSMISSION SCHEME FOR EVACUATION OF 4.5 GW RE INJECTION AT KHAVDA",,2025-02,03-2023,03-2025,2820.99,2211.46,61.0,24,23,1,78.39304641278417,39.0,Transmission_System,0.0,3.0,1,0
N18000361,"KHAVDA PHASE-II-PART C, GUJARAT- TRANSMISSION SCHEME FOR EVACUATION OF 4.5 GW RE INJECTION AT KHAVDA",,2025-03,03-2023,03-2025,2820.99,2304.46,68.0,24,24,0,81.68976139582205,32.0,Transmission_System,0.0,3.0,1,0
N18000361,"KHAVDA PHASE-II-PART C, GUJARAT- TRANSMISSION SCHEME FOR EVACUATION OF 4.5 GW RE INJECTION AT KHAVDA",,2025-04,03-2023,03-2025,2820.99,2304.46,68.0,24,25,-1,81.68976139582205,32.0,Transmission_System,0.0,3.0,1,0
N18000361,"KHAVDA PHASE-II-PART C, GUJARAT- TRANSMISSION SCHEME FOR EVACUATION OF 4.5 GW RE INJECTION AT KHAVDA",,2025-05,03-2023,03-2025,2820.99,2418.0,76.5,24,26,-2,85.71458955898463,23.5,Transmission_System,0.0,6.0,1,0
N18000361,"KHAVDA PHASE-II-PART C, GUJARAT- TRANSMISSION SCHEME FOR EVACUATION OF 4.5 GW RE INJECTION AT KHAVDA",,2025-06,03-2023,03-2025,2820.99,2418.0,82.6,24,27,-3,85.71458955898463,17.400000000000006,Transmission_System,0.0,6.0,1,0
N18000372,TRANSMISSION SYSTEM FOR EVACUATION OF POWER FROM RAJASTHAN REZ PHASE-IV PART- I (BIKANER COMPLEX) PAR,,2024-11,06-2023,01-2025,202.39,20.04,76.0,19,17,2,9.901674983941895,24.0,Transmission_System,0.0,11.0,1,0
N18000372,TRANSMISSION SYSTEM FOR EVACUATION OF POWER FROM RAJASTHAN REZ PHASE-IV PART-I (BIKANER COMPLEX) PAR,,2024-12,06-2023,01-2025,202.39,20.04,89.0,19,18,1,9.901674983941895,11.0,Transmission_System,0.0,1.0,1,0
N18000372,TRANSMISSION SYSTEM FOR EVACUATION OF POWER FROM RAJASTHAN REZ PHASE-IV PART-I (BIKANER COMPLEX) PAR,,2025-01,06-2023,01-2025,202.39,20.04,100.0,19,19,0,9.901674983941895,0.0,Transmission_System,0.0,1.0,1,0
N18000373,"TS FOR EVACUATION OF POWER FROM REZ IN RAJASTHAN (20GW) UNDER PHASE-III, PART E1",,2024-08,08-2023,02-2025,688.74,121.1,18.0,18,12,6,17.582832418619507,82.0,Transmission_System,0.0,0.0,0,0
N18000373,"TS FOR EVACUATION OF POWER FROM REZ IN RAJASTHAN (20GW) UNDER PHASE-III, PART E1",,2024-11,08-2023,02-2025,688.74,121.1,65.0,18,15,3,17.582832418619507,35.0,Transmission_System,0.0,0.0,0,0
N18000373,"TS FOR EVACUATION OF POWER FROM REZ IN RAJASTHAN (20GW) UNDER PHASE-III, PART E1",,2024-12,08-2023,02-2025,688.74,215.0,70.0,18,16,2,31.21642419490664,30.0,Transmission_System,0.0,0.0,0,0
N18000373,"TS FOR EVACUATION OF POWER FROM REZ IN RAJASTHAN (20GW) UNDER PHASE-III, PART E1",,2025-01,08-2023,02-2025,688.74,264.0,72.0,18,17,1,38.330865057931874,28.0,Transmission_System,0.0,1.0,1,0
N18000373,"TS FOR EVACUATION OF POWER FROM REZ IN RAJASTHAN (20GW) UNDER PHASE-III, PART E1",,2025-02,08-2023,02-2025,688.74,315.0,87.0,18,18,0,45.73569126230508,13.0,Transmission_System,0.0,2.0,1,0
N18000373,"TS FOR EVACUATION OF POWER FROM REZ IN RAJASTHAN (20GW) UNDER PHASE-III, PART E1",,2025-03,08-2023,02-2025,688.74,330.0,89.0,18,19,-1,47.91358132241484,11.0,Transmission_System,0.0,2.0,1,0
N18000373,"TS FOR EVACUATION OF POWER FROM REZ IN RAJASTHAN (20GW) UNDER PHASE-III, PART E1",,2025-04,08-2023,02-2025,688.74,411.0,91.0,18,20,-2,59.674187647007585,9.0,Transmission_System,0.0,7.0,1,0
N18000373,"TS FOR EVACUATION OF POWER FROM REZ IN RAJASTHAN (20GW) UNDER PHASE- III, PART E1",,2025-05,08-2023,02-2025,688.74,507.0,92.0,18,21,-3,73.61268403171007,8.0,Transmission_System,0.0,7.0,1,0
N18000373,"TS FOR EVACUATION OF POWER FROM REZ IN RAJASTHAN (20GW) UNDER PHASE-III, PART E1",,2025-06,08-2023,02-2025,688.74,564.77,93.0,18,22,-4,82.00046461654615,7.0,Transmission_System,0.0,7.0,1,0
N18000374,TS FOR EVACUATION POWER FROM REZ IN RAJASTHAN (20GW) UNDER PHASE-III PART H,,2024-08,10-2023,04-2025,2211.0,183.03,12.0,18,10,8,8.278154681139755,88.0,Other_Power_Transmission,0.0,0.0,0,0
N18000374,TS FOR EVACUATION POWER FROM REZ IN RAJASTHAN (20GW) UNDER PHASE-III PART H,,2024-11,10-2023,04-2025,2211.0,458.63,28.0,18,13,5,20.743102668475803,72.0,Other_Power_Transmission,0.0,0.0,0,0
N18000374,TS FOR EVACUATION POWER FROM REZ IN RAJASTHAN (20GW) UNDER PHASE-III PART H,,2024-12,10-2023,04-2025,2211.0,603.63,35.0,18,14,4,27.30122116689281,65.0,Other_Power_Transmission,0.0,0.0,0,0
N18000374,TS FOR EVACUATION POWER FROM REZ IN RAJASTHAN (20GW) UNDER PHASE-III PART H,,2025-01,10-2023,04-2025,2211.0,720.63,43.0,18,15,3,32.59294436906377,57.0,Other_Power_Transmission,0.0,0.0,0,0
N18000374,TS FOR EVACUATION POWER FROM REZ IN RAJASTHAN (20GW) UNDER PHASE-III PART H,,2025-02,10-2023,04-2025,2211.0,905.63,49.0,18,16,2,40.960199004975124,51.0,Other_Power_Transmission,0.0,1.0,1,0
N18000374,TS FOR EVACUATION POWER FROM REZ IN RAJASTHAN (20GW) UNDER PHASE-III PART H,,2025-03,10-2023,04-2025,2211.0,1023.63,53.0,18,17,1,46.29715061058345,47.0,Other_Power_Transmission,0.0,1.0,1,0
N18000374,TS FOR EVACUATION POWER FROM REZ IN RAJASTHAN (20GW) UNDER PHASE-III PART H,,2025-04,10-2023,04-2025,2211.0,1227.63,57.0,18,18,0,55.52374491180462,43.0,Other_Power_Transmission,0.0,4.0,1,0
N18000374,TS FOR EVACUATION POWER FROM REZ IN RAJASTHAN (20GW) UNDER PHASE-III PART H,,2025-05,10-2023,04-2025,2211.0,1551.8,60.9,18,19,-1,70.18543645409316,39.1,Other_Power_Transmission,0.0,4.0,1,0
N18000374,TS FOR EVACUATION POWER FROM REZ IN RAJASTHAN (20GW) UNDER PHASE-III PART H,,2025-06,10-2023,04-2025,2211.0,1702.27,69.4,18,20,-2,76.99095431931254,30.599999999999994,Other_Power_Transmission,0.0,4.0,1,0
N18000375,TS FOR EVACUATION POWER FROM REZ IN RAJASTHAN (20GW) UNDER PHASE-III PART C1,,2024-08,10-2023,04-2025,1796.0,344.08,11.0,18,10,8,19.15812917594655,89.0,Other_Power_Transmission,0.0,0.0,0,0
N18000375,TS FOR EVACUATION POWER FROM REZ IN RAJASTHAN (20GW) UNDER PHASE-III PART C1,,2024-11,10-2023,04-2025,1796.0,579.48,33.0,18,13,5,32.26503340757239,67.0,Other_Power_Transmission,0.0,6.0,1,0
N18000375,TS FOR EVACUATION POWER FROM REZ IN RAJASTHAN (20GW) UNDER PHASE-III PART C1,,2024-12,10-2023,04-2025,1796.0,627.48,38.0,18,14,4,34.937639198218264,62.0,Other_Power_Transmission,0.0,6.0,1,0
N18000375,TS FOR EVACUATION POWER FROM REZ IN RAJASTHAN (20GW) UNDER PHASE-III PART C1,,2025-01,10-2023,04-2025,1796.0,736.48,45.0,18,15,3,41.00668151447662,55.0,Other_Power_Transmission,0.0,6.0,1,0
N18000375,TS FOR EVACUATION POWER FROM REZ IN RAJASTHAN (20GW) UNDER PHASE-III PART C1,,2025-02,10-2023,04-2025,1796.0,787.48,56.0,18,16,2,43.84632516703786,44.0,Other_Power_Transmission,0.0,6.0,1,0
N18000375,TS FOR EVACUATION POWER FROM REZ IN RAJASTHAN (20GW) UNDER PHASE-III PART C1,,2025-03,10-2023,04-2025,1796.0,873.48,60.0,18,17,1,48.634743875278396,40.0,Other_Power_Transmission,0.0,6.0,1,0
N18000375,TS FOR EVACUATION POWER FROM REZ IN RAJASTHAN (20GW) UNDER PHASE-III PART C1,,2025-04,04-2025,10-2025,1796.0,929.48,67.0,6,0,6,51.75278396436526,33.0,Other_Power_Transmission,0.0,0.0,0,0
N18000375,TS FOR EVACUATION POWER FROM REZ IN RAJASTHAN (20GW) UNDER PHASE-III PART C1,,2025-05,10-2023,04-2025,1796.0,1069.0,73.6,18,19,-1,59.521158129175944,26.400000000000006,Other_Power_Transmission,0.0,6.0,1,0
N18000375,TS FOR EVACUATION POWER FROM REZ IN RAJASTHAN (20GW) UNDER PHASE-III PART C1,,2025-06,10-2023,04-2025,1796.0,1149.44,77.3,18,20,-2,64.0,22.700000000000003,Other_Power_Transmission,0.0,6.0,1,0
N18000376,TS FOR EVACUATION POWER FROM REZ IN RAJASTHAN (20GW) UNDER PHASE-III PART B1,,2024-08,09-2023,04-2025,2191.0,431.06,12.0,19,11,8,19.6741214057508,88.0,Other_Power_Transmission,0.0,0.0,0,0
N18000376,TS FOR EVACUATION POWER FROM REZ IN RAJASTHAN (20GW) UNDER PHASE-III PART B1,,2024-11,09-2023,04-2025,2191.0,668.26,42.0,19,14,5,30.50022820629849,58.0,Other_Power_Transmission,0.0,0.0,0,0
N18000376,TS FOR EVACUATION POWER FROM REZ IN RAJASTHAN (20GW) UNDER PHASE-III PART B1,,2024-12,09-2023,04-2025,2191.0,738.26,47.0,19,15,4,33.69511638521223,53.0,Other_Power_Transmission,0.0,0.0,0,0
N18000376,TS FOR EVACUATION POWER FROM REZ IN RAJASTHAN (20GW) UNDER PHASE-III PART B1,,2025-01,09-2023,04-2025,2191.0,843.26,53.0,19,16,3,38.48744865358284,47.0,Other_Power_Transmission,0.0,0.0,0,0
N18000376,TS FOR EVACUATION POWER FROM REZ IN RAJASTHAN (20GW) UNDER PHASE-III PART B1,,2025-02,09-2023,04-2025,2191.0,895.26,58.0,19,17,2,40.860794157918754,42.0,Other_Power_Transmission,0.0,2.0,1,0
N18000376,TS FOR EVACUATION POWER FROM REZ IN RAJASTHAN (20GW) UNDER PHASE-III PART B1,,2025-03,09-2023,04-2025,2191.0,980.26,64.0,19,18,1,44.74030123231401,36.0,Other_Power_Transmission,0.0,2.0,1,0
N18000376,TS FOR EVACUATION POWER FROM REZ IN RAJASTHAN (20GW) UNDER PHASE-III PART B1,,2025-04,09-2023,04-2025,2191.0,1103.26,64.0,19,19,0,50.35417617526243,36.0,Other_Power_Transmission,0.0,4.0,1,0
N18000376,TS FOR EVACUATION POWER FROM REZ IN RAJASTHAN (20GW) UNDER PHASE-III PART B1,,2025-05,09-2023,04-2025,2191.0,1440.66,67.9,19,20,-1,65.75353719762666,32.099999999999994,Other_Power_Transmission,0.0,4.0,1,0
N18000376,TS FOR EVACUATION POWER FROM REZ IN RAJASTHAN (20GW) UNDER PHASE-III PART B1,,2025-06,09-2023,04-2025,2191.0,1511.45,75.7,19,21,-2,68.98448197170242,24.299999999999997,Other_Power_Transmission,0.0,5.0,1,0
N18000377,TS FOR EVACUATION OF 7GW RE INJECTION AT KHAVDA PS UNDER PHASE-IV PART E4,,2024-09,11-2023,07-2025,224.0,0.0,0.0,20,10,10,0.0,100.0,Other_Power_Transmission,0.0,0.0,0,0
N18000377,TS FOR EVACUATION OF 7GW RE INJECTION AT KHAVDA PS UNDER PHASE-IV PART E4,,2024-11,11-2023,07-2025,224.0,0.0,1.0,20,12,8,0.0,99.0,Other_Power_Transmission,0.0,0.0,0,0
N18000377,TS FOR EVACUATION OF 7GW RE INJECTION AT KHAVDA PS UNDER PHASE-IV PART E4,,2024-12,11-2023,07-2025,224.0,0.0,3.0,20,13,7,0.0,97.0,Other_Power_Transmission,0.0,0.0,0,0
N18000377,TS FOR EVACUATION OF 7GW RE INJECTION AT KHAVDA PS UNDER PHASE-IV PART E4,,2025-01,11-2023,07-2025,224.0,0.0,3.0,20,14,6,0.0,97.0,Other_Power_Transmission,0.0,0.0,0,0
N18000377,TS FOR EVACUATION OF 7GW RE INJECTION AT KHAVDA PS UNDER PHASE-IV PART E4,,2025-02,11-2023,07-2025,224.0,0.0,3.0,20,15,5,0.0,97.0,Other_Power_Transmission,0.0,0.0,0,0
N18000377,TS FOR EVACUATION OF 7GW RE INJECTION AT KHAVDA PS UNDER PHASE-IV PART E4,,2025-03,11-2023,07-2025,224.0,0.0,3.0,20,16,4,0.0,97.0,Other_Power_Transmission,0.0,0.0,0,0
N18000377,TS FOR EVACUATION OF 7GW RE INJECTION AT KHAVDA PS UNDER PHASE-IV PART E4,,2025-04,11-2023,07-2025,224.0,0.0,5.0,20,17,3,0.0,95.0,Other_Power_Transmission,0.0,2.0,1,0
N18000377,TS FOR EVACUATION OF 7GW RE INJECTION AT KHAVDA PS UNDER PHASE- IV PART E4,,2025-05,11-2023,07-2025,224.0,2.64,6.0,20,18,2,1.1785714285714286,94.0,Other_Power_Transmission,0.0,2.0,1,0
N18000377,TS FOR EVACUATION OF 7GW RE INJECTION AT KHAVDA PS UNDER PHASE-IV PART E4,,2025-06,11-2023,07-2025,224.0,15.68,7.0,20,19,1,6.999999999999999,93.0,Other_Power_Transmission,0.0,4.0,1,0
N18000378,TS FOR EVACUATION POWER FROM REZ IN RAJASTHAN (20GW) UNDER PHASE-III PART J,,2024-08,12-2022,03-2025,331.0,7.66,26.0,27,20,7,2.314199395770393,74.0,Other_Power_Transmission,0.0,5.0,1,0
N18000378,TS FOR EVACUATION POWER FROM REZ IN RAJASTHAN (20GW) UNDER PHASE-III PART J,,2024-12,12-2022,03-2025,331.0,8.66,26.0,27,24,3,2.6163141993957706,74.0,Other_Power_Transmission,0.0,5.0,1,0
N18000378,TS FOR EVACUATION POWER FROM REZ IN RAJASTHAN (20GW) UNDER PHASE-III PART J,,2025-01,12-2022,03-2025,331.0,8.66,26.0,27,25,2,2.6163141993957706,74.0,Other_Power_Transmission,0.0,5.0,1,0
N18000378,TS FOR EVACUATION POWER FROM REZ IN RAJASTHAN (20GW) UNDER PHASE-III PART J,,2025-02,12-2022,03-2025,331.0,8.66,26.0,27,26,1,2.6163141993957706,74.0,Other_Power_Transmission,0.0,12.0,1,0
N18000378,TS FOR EVACUATION POWER FROM REZ IN RAJASTHAN (20GW) UNDER PHASE-III PART J,,2025-03,12-2022,03-2025,331.0,8.66,26.0,27,27,0,2.6163141993957706,74.0,Other_Power_Transmission,0.0,13.0,1,0
N18000378,TS FOR EVACUATION POWER FROM REZ IN RAJASTHAN (20GW) UNDER PHASE-III PART J,,2025-04,03-2025,04-2026,331.0,8.66,26.0,13,1,12,2.6163141993957706,74.0,Other_Power_Transmission,0.0,0.0,0,0
N18000378,TS FOR EVACUATION POWER FROM REZ IN RAJASTHAN (20GW) UNDER PHASE-III PART J,,2025-05,12-2022,03-2025,331.0,8.66,26.0,27,29,-2,2.6163141993957706,74.0,Other_Power_Transmission,0.0,13.0,1,0
N18000378,TS FOR EVACUATION POWER FROM REZ IN RAJASTHAN (20GW) UNDER PHASE-III PART J,,2025-06,12-2022,03-2025,331.0,18.23,27.0,27,30,-3,5.507552870090635,73.0,Other_Power_Transmission,0.0,13.0,1,0
N18000379,TS FOR EVACUATION POWER FROM REZ IN RAJASTHAN (20GW) UNDER PHASE-III PART E2,,2024-08,11-2023,06-2025,428.0,0.0,1.0,19,9,10,0.0,99.0,Other_Power_Transmission,0.0,0.0,0,0
N18000379,1354 TS FOR EVACUATION POWER FROM REZ IN RAJASTHAN (20GW) UNDER PHASE-III PART E2,,2024-09,11-2023,06-2025,428.0,0.0,1.0,19,10,9,0.0,99.0,Other_Power_Transmission,0.0,0.0,0,0
N18000379,TS FOR EVACUATION POWER FROM REZ IN RAJASTHAN (20GW) UNDER PHASE-III PART E2,,2024-11,11-2023,06-2025,428.0,0.0,3.0,19,12,7,0.0,97.0,Other_Power_Transmission,0.0,0.0,0,0
N18000379,TS FOR EVACUATION POWER FROM REZ IN RAJASTHAN (20GW) UNDER PHASE-III PART E2,,2024-12,11-2023,06-2025,428.0,0.0,6.0,19,13,6,0.0,94.0,Other_Power_Transmission,0.0,0.0,0,0
N18000379,TS FOR EVACUATION POWER FROM REZ IN RAJASTHAN (20GW) UNDER PHASE-III PART E2,,2025-01,11-2023,06-2025,428.0,0.0,6.0,19,14,5,0.0,94.0,Other_Power_Transmission,0.0,0.0,0,0
N18000379,TS FOR EVACUATION POWER FROM REZ IN RAJASTHAN (20GW) UNDER PHASE-III PART E2,,2025-02,11-2023,06-2025,428.0,0.0,6.0,19,15,4,0.0,94.0,Other_Power_Transmission,0.0,0.0,0,0
N18000379,TS FOR EVACUATION POWER FROM REZ IN RAJASTHAN (20GW) UNDER PHASE-III PART E2,,2025-03,11-2023,06-2025,428.0,0.0,20.0,19,16,3,0.0,80.0,Other_Power_Transmission,0.0,0.0,0,0
N18000379,TS FOR EVACUATION POWER FROM REZ IN RAJASTHAN (20GW) UNDER PHASE-III PART E2,,2025-04,11-2023,06-2025,428.0,0.0,35.0,19,17,2,0.0,65.0,Other_Power_Transmission,0.0,3.0,1,0
N18000379,TS FOR EVACUATION POWER FROM REZ IN RAJASTHAN (20GW) UNDER PHASE-III PART E2,,2025-05,11-2023,06-2025,428.0,51.42,42.0,19,18,1,12.014018691588785,58.0,Other_Power_Transmission,0.0,3.0,1,0
N18000379,TS FOR EVACUATION POWER FROM REZ IN RAJASTHAN (20GW) UNDER PHASE-III PART E2,,2025-06,11-2023,06-2025,428.0,85.6,45.0,19,19,0,20.0,55.0,Other_Power_Transmission,0.0,3.0,1,0
N18000380,TRANSMISSION SCHEME FOR SOLAR ENERGY ZONE IN ANANTHPURAM (2500MW) AND KURNOOL (1000MW),,2024-08,09-2023,03-2025,1249.0,83.51,10.0,18,11,7,6.6861489191353085,90.0,Transmission_System,0.0,6.0,1,0
N18000380,TRANSMISSION SCHEME FOR SOLAR ENERGY ZONE IN ANANTHPURAM (2500MW) AND KURNOOL (1000MW),,2024-09,09-2023,03-2025,1249.0,93.81,15.0,18,12,6,7.510808646917535,85.0,Transmission_System,0.0,6.0,1,0
N18000380,TRANSMISSION SCHEME FOR SOLAR ENERGY ZONE IN ANANTHPURAM (2500MW) AND KURNOOL (1000MW),,2024-11,09-2023,03-2025,1249.0,144.81,39.0,18,14,4,11.594075260208166,61.0,Transmission_System,0.0,6.0,1,0
N18000380,TRANSMISSION SCHEME FOR SOLAR ENERGY ZONE IN ANANTHPURAM (2500MW) AND KURNOOL (1000MW),,2024-12,09-2023,03-2025,1249.0,175.81,43.0,18,15,3,14.076060848678942,57.0,Transmission_System,0.0,6.0,1,0
N18000380,TRANSMISSION SCHEME FOR SOLAR ENERGY ZONE IN ANANTHPURAM (2500MW) AND KURNOOL (1000MW),,2025-01,09-2023,03-2025,1249.0,226.81,46.0,18,16,2,18.159327461969575,54.0,Transmission_System,0.0,6.0,1,0
N18000380,TRANSMISSION SCHEME FOR SOLAR ENERGY ZONE IN ANANTHPURAM (2500MW) AND KURNOOL (1000MW),,2025-02,09-2023,03-2025,1249.0,270.81,50.0,18,17,1,21.68214571657326,50.0,Transmission_System,0.0,6.0,1,0
N18000380,TRANSMISSION SCHEME FOR SOLAR ENERGY ZONE IN ANANTHPURAM (2500MW) AND KURNOOL (1000MW),,2025-03,09-2023,03-2025,1249.0,340.81,52.0,18,18,0,27.286629303442755,48.0,Transmission_System,0.0,6.0,1,0
N18000380,TRANSMISSION SCHEME FOR SOLAR ENERGY ZONE IN ANANTHPURAM (2500MW) AND KURNOOL (1000MW),,2025-04,09-2023,03-2025,1249.0,418.81,53.0,18,19,-1,33.531625300240194,47.0,Transmission_System,0.0,6.0,1,0
N18000380,TRANSMISSION SCHEME FOR SOLAR ENERGY ZONE IN ANANTHPURAM (2500MW) AND KURNOOL (1000MW),,2025-05,09-2023,03-2025,1249.0,568.7,56.7,18,20,-2,45.53242594075261,43.3,Transmission_System,0.0,6.0,1,0
N18000380,TRANSMISSION SCHEME FOR SOLAR ENERGY ZONE IN ANANTHPURAM (2500MW) AND KURNOOL (1000MW),,2025-06,09-2023,03-2025,1249.0,761.69,67.5,18,21,-3,60.98398718975181,32.5,Transmission_System,0.0,6.0,1,0
N18000383,TS FOR EVACUATION OF POWER FROM POTENTIAL RE ZONE IN KHAVDA AREA OF GUJARAT UNDER PH-IV PART E3,,2024-09,07-2023,07-2025,334.0,0.0,0.0,24,14,10,0.0,100.0,Transmission_System,0.0,0.0,0,0
N18000383,TS FOR EVACUATION OF POWER FROM POTENTIAL RE ZONE IN KHAVDA AREA OF GUJARAT UNDER PH-IV PART E3,,2024-12,07-2023,07-2025,334.0,0.0,3.0,24,17,7,0.0,97.0,Transmission_System,0.0,0.0,0,0
N18000383,TS FOR EVACUATION OF POWER FROM POTENTIAL RE ZONE IN KHAVDA AREA OF GUJARAT UNDER PH-IV PART E3,,2025-01,07-2023,07-2025,334.0,0.0,4.0,24,18,6,0.0,96.0,Transmission_System,0.0,0.0,0,0
N18000383,TS FOR EVACUATION OF POWER FROM POTENTIAL RE ZONE IN KHAVDA AREA OF GUJARAT UNDER PH-IV PART E3,,2025-02,07-2023,07-2025,334.0,0.0,6.0,24,19,5,0.0,94.0,Transmission_System,0.0,0.0,0,0
N18000383,TS FOR EVACUATION OF POWER FROM POTENTIAL RE ZONE IN KHAVDA AREA OF GUJARAT UNDER PH-IV PART E3,,2025-03,07-2023,07-2025,334.0,0.0,12.0,24,20,4,0.0,88.0,Transmission_System,0.0,0.0,0,0
N18000383,TS FOR EVACUATION OF POWER FROM POTENTIAL RE ZONE IN KHAVDA AREA OF GUJARAT UNDER PH-IV PART E3,,2025-04,07-2023,07-2025,334.0,0.0,15.0,24,21,3,0.0,85.0,Transmission_System,0.0,1.0,1,0
N18000383,TS FOR EVACUATION OF POWER FROM POTENTIAL RE ZONE IN KHAVDA AREA OF GUJARAT UNDER PH-IV PART E3,,2025-05,07-2023,07-2025,334.0,33.54,18.0,24,22,2,10.04191616766467,82.0,Transmission_System,0.0,1.0,1,0
N18000383,TS FOR EVACUATION OF POWER FROM POTENTIAL RE ZONE IN KHAVDA AREA OF GUJARAT UNDER PH-IV PART E3,,2025-06,07-2023,07-2025,334.0,63.46,21.0,24,23,1,19.0,79.0,Transmission_System,0.0,2.0,1,0
N18000384,TS FOR EVACUATION OF ADDITIONAL 7GW RE POWER FROM KHAVDA RE PARK UNDER PHASE-III PART B [VATAMAN TRA,,2024-08,12-2023,12-2025,3752.0,113.02,1.0,24,8,16,3.0122601279317696,99.0,Other_Power_Transmission,0.0,0.0,0,0
N18000384,TS FOR EVACUATION OF ADDITIONAL 7GW RE POWER FROM KHAVDA RE PARK UNDER PHASE-III PART B [VATAMAN TRA,,2024-09,12-2023,12-2025,3752.0,187.02,1.0,24,9,15,4.98454157782516,99.0,Other_Power_Transmission,0.0,0.0,0,0
N18000384,TS FOR EVACUATION OF ADDITIONAL 7GW RE POWER FROM KHAVDA RE PARK UNDER PHASE-III PART B [VATAMAN TRA,,2024-11,12-2023,12-2025,3752.0,292.02,1.6,24,11,13,7.7830490405117265,98.4,Other_Power_Transmission,0.0,0.0,0,0
N18000384,TS FOR EVACUATION OF ADDITIONAL 7GW RE POWER FROM KHAVDA RE PARK UNDER PHASE-III PART B [VATAMAN TRA,,2024-12,12-2023,12-2025,3752.0,351.02,4.0,24,12,12,9.355543710021323,96.0,Other_Power_Transmission,0.0,0.0,0,0
N18000384,TS FOR EVACUATION OF ADDITIONAL 7GW RE POWER FROM KHAVDA RE PARK UNDER PHASE-III PART B [VATAMAN TRA,,2025-01,12-2023,12-2025,3752.0,357.02,5.0,24,13,11,9.51545842217484,95.0,Other_Power_Transmission,0.0,0.0,0,0
N18000384,TS FOR EVACUATION OF ADDITIONAL 7GW RE POWER FROM KHAVDA RE PARK UNDER PHASE-III PART B [VATAMAN TRA,,2025-02,12-2023,12-2025,3752.0,497.02,7.0,24,14,10,13.24680170575693,93.0,Other_Power_Transmission,0.0,0.0,0,0
N18000384,TS FOR EVACUATION OF ADDITIONAL 7GW RE POWER FROM KHAVDA RE PARK UNDER PHASE-III PART B [VATAMAN TRA,,2025-03,12-2023,12-2025,3752.0,617.02,9.0,24,15,9,16.445095948827294,91.0,Other_Power_Transmission,0.0,0.0,0,0
N18000384,TS FOR EVACUATION OF ADDITIONAL 7GW RE POWER FROM KHAVDA RE PARK UNDER PHASE-III PART B [VATAMAN TRA,,2025-04,12-2023,12-2025,3752.0,797.02,12.0,24,16,8,21.242537313432834,88.0,Other_Power_Transmission,0.0,6.0,1,0
N18000384,TS FOR EVACUATION OF ADDITIONAL 7GW RE POWER FROM KHAVDA RE PARK UNDER PHASE-III PART B [VATAMAN TRA,,2025-05,12-2023,12-2025,3752.0,1365.02,13.9,24,17,7,36.381130063965884,86.1,Other_Power_Transmission,0.0,6.0,1,0
N18000384,TS FOR EVACUATION OF ADDITIONAL 7GW RE POWER FROM KHAVDA RE PARK UNDER PHASE-III PART B [VATAMAN TRA,,2025-06,12-2023,12-2025,3752.0,1463.23,20.0,24,18,6,38.99866737739872,80.0,Other_Power_Transmission,0.0,6.0,1,0
N18000385,TS FOR INTRGRATION OF RE ZONE (PHASE II) IN KOPPAL II (PHASE A&B) AND GADAG II (PHASE A) IN KARNATAK,,2024-08,12-2023,12-2025,2889.0,0.0,0.0,24,8,16,0.0,100.0,Other_Power_Transmission,0.0,0.0,0,0
N18000385,TS FOR INTRGRATION OF RE ZONE (PHASE II) IN KOPPAL II (PHASE A&B) AND GADAG II (PHASE A) IN KARNATAK,,2024-09,12-2023,12-2025,2889.0,0.0,0.0,24,9,15,0.0,100.0,Other_Power_Transmission,0.0,0.0,0,0
N18000385,TS FOR INTRGRATION OF RE ZONE (PHASE II) IN KOPPAL II (PHASE A and B) AND GADAG II (PHASE A) IN KARN,,2024-12,12-2023,12-2025,2889.0,207.0,11.0,24,12,12,7.165109034267912,89.0,Other_Power_Transmission,0.0,0.0,0,0
N18000385,TS FOR INTRGRATION OF RE ZONE (PHASE II) IN KOPPAL II (PHASE A and B) AND GADAG II (PHASE A) IN KARN,,2025-01,12-2023,12-2025,2889.0,250.0,13.0,24,13,11,8.653513326410522,87.0,Other_Power_Transmission,0.0,0.0,0,0
N18000385,TS FOR INTRGRATION OF RE ZONE (PHASE II) IN KOPPAL II (PHASE A and B) AND GADAG II (PHASE A) IN KARN,,2025-02,12-2023,12-2025,2889.0,319.0,17.0,24,14,10,11.041883004499827,83.0,Other_Power_Transmission,0.0,0.0,0,0
N18000385,TS FOR INTRGRATION OF RE ZONE (PHASE II) IN KOPPAL II (PHASE A and B) AND GADAG II (PHASE A) IN KARN,,2025-03,12-2023,12-2025,2889.0,413.0,20.0,24,15,9,14.295604015230184,80.0,Other_Power_Transmission,0.0,0.0,0,0
N18000385,TS FOR INTRGRATION OF RE ZONE (PHASE II) IN KOPPAL II (PHASE A and B) AND GADAG II (PHASE A) IN KARN,,2025-04,12-2023,12-2025,2889.0,602.0,24.9,24,16,8,20.837660089996536,75.1,Other_Power_Transmission,0.0,0.0,0,0
N18000385,TS FOR INTRGRATION OF RE ZONE (PHASE II) IN KOPPAL II (PHASE A and B) AND GADAG II (PHASE A) IN KARN,,2025-05,12-2023,12-2025,2889.0,891.98,28.5,24,17,7,30.87504326756663,71.5,Other_Power_Transmission,0.0,0.0,0,0
N18000385,TS FOR INTRGRATION OF RE ZONE (PHASE II) IN KOPPAL II (PHASE A and B) AND GADAG II (PHASE A) IN KARN,,2025-06,12-2023,12-2025,2889.0,1011.29,36.7,24,18,6,35.00484596746279,63.3,Other_Power_Transmission,0.0,0.0,0,0
N18000386,TS FOR EVACUATION OF POWER FROM RAJASTHAN REZ PH-IV (PART-1) [BIKANER COMPLEX] PART A [BIKANER III N,,2024-08,12-2023,12-2025,2998.0,107.08,3.0,24,8,16,3.5717144763175455,97.0,Transmission_System,0.0,0.0,0,0
N18000386,TS FOR EVACUATION OF POWER FROM RAJASTHAN REZ PH-IV (PART-1) [BIKANER COMPLEX] PART A [BIKANER III N,,2024-11,12-2023,12-2025,2998.0,239.98,15.0,24,11,13,8.004669779853234,85.0,Transmission_System,0.0,0.0,0,0
N18000386,TS FOR EVACUATION OF POWER FROM RAJASTHAN REZ PH-IV (PART-1) [BIKANER COMPLEX] PART A [BIKANER III N,,2024-12,12-2023,12-2025,2998.0,269.98,26.0,24,12,12,9.005336891260841,74.0,Transmission_System,0.0,0.0,0,0
N18000386,TS FOR EVACUATION OF POWER FROM RAJASTHAN REZ PH-IV (PART-1) [BIKANER COMPLEX] PART A [BIKANER III N,,2025-01,12-2023,12-2025,2998.0,356.98,26.0,24,13,11,11.907271514342895,74.0,Transmission_System,0.0,0.0,0,0
N18000386,TS FOR EVACUATION OF POWER FROM RAJASTHAN REZ PH-IV (PART-1) [BIKANER COMPLEX] PART A [BIKANER III N,,2025-02,12-2023,12-2025,2998.0,420.98,35.0,24,14,10,14.04202801867912,65.0,Transmission_System,0.0,0.0,0,0
N18000386,TS FOR EVACUATION OF POWER FROM RAJASTHAN REZ PH-IV (PART-1) [BIKANER COMPLEX] PART A [BIKANER III N,,2025-03,12-2023,12-2025,2998.0,527.98,39.0,24,15,9,17.611074049366245,61.0,Transmission_System,0.0,0.0,0,0
N18000386,TS FOR EVACUATION OF POWER FROM RAJASTHAN REZ PH-IV (PART-1) [BIKANER COMPLEX] PART A [BIKANER III N,,2025-04,12-2023,12-2025,2998.0,729.98,42.2,24,16,8,24.34889926617745,57.8,Transmission_System,0.0,0.0,0,0
N18000386,TS FOR EVACUATION OF POWER FROM RAJASTHAN REZ PH-IV (PART-1) [BIKANER COMPLEX] PART A [BIKANER III N,,2025-05,12-2023,12-2025,2998.0,1112.98,45.3,24,17,7,37.124082721814545,54.7,Transmission_System,0.0,0.0,0,0
N18000386,TS FOR EVACUATION OF POWER FROM RAJASTHAN REZ PH-IV (PART-1) [BIKANER COMPLEX] PART A [BIKANER III N,,2025-06,12-2023,12-2025,2998.0,1439.18,47.1,24,18,6,48.00466977985324,52.9,Transmission_System,0.0,0.0,0,0
N18000387,TS FOR EVACUATION OF POWER FROM RAJASTHAN REZ PH-IV (PART-1) [BIKANER COMPLEX] PART D [NEEMRANA II B,,2024-11,12-2023,12-2025,2056.0,215.0,20.0,24,11,13,10.457198443579767,80.0,Transmission_System,0.0,0.0,0,0
N18000387,TS FOR EVACUATION OF POWER FROM RAJASTHAN REZ PH-IV (PART-1) [BIKANER COMPLEX] PART D [NEEMRANA II B,,2024-12,12-2023,12-2025,2056.0,263.0,25.0,24,12,12,12.791828793774318,75.0,Transmission_System,0.0,0.0,0,0
N18000387,TS FOR EVACUATION OF POWER FROM RAJASTHAN REZ PH-IV (PART-1) [BIKANER COMPLEX] PART D [NEEMRANA II B,,2025-01,12-2023,12-2025,2056.0,426.0,30.0,24,13,11,20.719844357976655,70.0,Transmission_System,0.0,0.0,0,0
N18000387,TS FOR EVACUATION OF POWER FROM RAJASTHAN REZ PH-IV (PART-1) [BIKANER COMPLEX] PART D [NEEMRANA II B,,2025-02,12-2023,12-2025,2056.0,542.0,33.0,24,14,10,26.361867704280158,67.0,Transmission_System,0.0,0.0,0,0
N18000387,TS FOR EVACUATION OF POWER FROM RAJASTHAN REZ PH-IV (PART-1) [BIKANER COMPLEX] PART D [NEEMRANA II B,,2025-03,12-2023,12-2025,2056.0,660.0,43.0,24,15,9,32.1011673151751,57.0,Transmission_System,0.0,0.0,0,0
N18000387,TS FOR EVACUATION OF POWER FROM RAJASTHAN REZ PH-IV (PART-1) [BIKANER COMPLEX] PART D [NEEMRANA II B,,2025-04,12-2023,12-2025,2056.0,847.0,47.0,24,16,8,41.19649805447471,53.0,Transmission_System,0.0,0.0,0,0
N18000387,TS FOR EVACUATION OF POWER FROM RAJASTHAN REZ PH-IV (PART-1) [BIKANER COMPLEX] PART D [NEEMRANA II B,,2025-05,12-2023,12-2025,2056.0,1318.23,50.7,24,17,7,64.11624513618676,49.3,Transmission_System,0.0,0.0,0,0
N18000387,TS FOR EVACUATION OF POWER FROM RAJASTHAN REZ PH-IV (PART-1) [BIKANER COMPLEX] PART D [NEEMRANA II B,,2025-06,12-2023,12-2025,2056.0,1318.23,53.3,24,18,6,64.11624513618676,46.7,Transmission_System,0.0,0.0,0,0
N18000388,"TS FOR SOLAR ENERGY ZONE IN BIDAR (2500MW), KARNATAKA [BIDAR TRANSMISSION LTD]",,2024-08,02-2024,02-2026,2148.0,0.0,3.0,24,6,18,0.0,97.0,Other_Power_Transmission,0.0,0.0,0,0
N18000388,"TS FOR SOLAR ENERGY ZONE IN BIDAR (2500MW), KARNATAKA [BIDAR TRANSMISSION LTD]",,2024-09,02-2024,02-2026,2148.0,0.0,3.0,24,7,17,0.0,97.0,Other_Power_Transmission,0.0,0.0,0,0
N18000388,"TS FOR SOLAR ENERGY ZONE IN BIDAR (2500MW), KARNATAKA [BIDAR TRANSMISSION LTD]",,2024-11,02-2024,02-2026,2148.0,173.0,17.0,24,9,15,8.054003724394786,83.0,Other_Power_Transmission,0.0,0.0,0,0
N18000388,"TS FOR SOLAR ENERGY ZONE IN BIDAR (2500MW), KARNATAKA [BIDAR TRANSMISSION LTD]",,2024-12,02-2024,02-2026,2148.0,224.0,23.0,24,10,14,10.42830540037244,77.0,Other_Power_Transmission,0.0,0.0,0,0
N18000388,"TS FOR SOLAR ENERGY ZONE IN BIDAR (2500MW), KARNATAKA [BIDAR TRANSMISSION LTD]",,2025-01,02-2024,02-2026,2148.0,318.0,28.0,24,11,13,14.804469273743019,72.0,Other_Power_Transmission,0.0,0.0,0,0
N18000388,"TS FOR SOLAR ENERGY ZONE IN BIDAR (2500MW), KARNATAKA [BIDAR TRANSMISSION LTD]",,2025-02,02-2024,02-2026,2148.0,354.0,30.0,24,12,12,16.480446927374302,70.0,Other_Power_Transmission,0.0,0.0,0,0
N18000388,"TS FOR SOLAR ENERGY ZONE IN BIDAR (2500MW), KARNATAKA [BIDAR TRANSMISSION LTD]",,2025-03,02-2024,02-2026,2148.0,436.0,36.0,24,13,11,20.297951582867785,64.0,Other_Power_Transmission,0.0,0.0,0,0
N18000388,"TS FOR SOLAR ENERGY ZONE IN BIDAR (2500MW), KARNATAKA [BIDAR TRANSMISSION LTD]",,2025-04,02-2024,02-2026,2148.0,557.0,36.0,24,14,10,25.931098696461824,64.0,Other_Power_Transmission,0.0,0.0,0,0
N18000388,"TS FOR SOLAR ENERGY ZONE IN BIDAR (2500MW), KARNATAKA [BIDAR TRANSMISSION LTD]",,2025-05,02-2024,02-2026,2148.0,846.6,43.8,24,15,9,39.41340782122905,56.2,Other_Power_Transmission,0.0,0.0,0,0
N18000388,"TS FOR SOLAR ENERGY ZONE IN BIDAR (2500MW), KARNATAKA [BIDAR TRANSMISSION LTD]",,2025-06,02-2024,02-2026,2148.0,923.47,52.2,24,16,8,42.992085661080075,47.8,Other_Power_Transmission,0.0,0.0,0,0
N18000389,TS FOR EVACUATION OF POWER FROM REZ IN RAJASTHAN (20GW) UNDER PH-III PART D [SIKAR KHETRI TRANSMISSI,,2024-11,02-2024,08-2025,2000.0,272.94,18.0,18,9,9,13.647,82.0,Transmission_System,0.0,0.0,0,0
N18000389,TS FOR EVACUATION OF POWER FROM REZ IN RAJASTHAN (20GW) UNDER PH-III PART D [SIKAR KHETRI TRANSMISSI,,2024-12,02-2024,08-2025,2000.0,393.0,28.0,18,10,8,19.650000000000002,72.0,Transmission_System,0.0,0.0,0,0
N18000389,TS FOR EVACUATION OF POWER FROM REZ IN RAJASTHAN (20GW) UNDER PH-III PART D [SIKAR KHETRI TRANSMISSI,,2025-01,02-2024,08-2025,2000.0,482.0,32.0,18,11,7,24.099999999999998,68.0,Transmission_System,0.0,0.0,0,0
N18000389,TS FOR EVACUATION OF POWER FROM REZ IN RAJASTHAN (20GW) UNDER PH-III PART D [SIKAR KHETRI TRANSMISSI,,2025-02,02-2024,08-2025,2000.0,535.0,43.0,18,12,6,26.75,57.0,Transmission_System,0.0,0.0,0,0
N18000389,TS FOR EVACUATION OF POWER FROM REZ IN RAJASTHAN (20GW) UNDER PH-III PART D [SIKAR KHETRI TRANSMISSI,,2025-03,02-2024,08-2025,2000.0,683.0,47.0,18,13,5,34.150000000000006,53.0,Transmission_System,0.0,0.0,0,0
N18000389,TS FOR EVACUATION OF POWER FROM REZ IN RAJASTHAN (20GW) UNDER PH- III PART D [SIKAR KHETRI TRANSMISSI,,2025-04,02-2024,08-2025,2000.0,823.0,50.9,18,14,4,41.15,49.1,Transmission_System,0.0,0.0,0,0
N18000389,TS FOR EVACUATION OF POWER FROM REZ IN RAJASTHAN (20GW) UNDER PH-III PART D [SIKAR KHETRI TRANSMISSI,,2025-05,02-2024,08-2025,2000.0,823.0,51.0,18,15,3,41.15,49.0,Transmission_System,0.0,0.0,0,0
N18000389,TS FOR EVACUATION OF POWER FROM REZ IN RAJASTHAN (20GW) UNDER PH-III PART D [SIKAR KHETRI TRANSMISSI,,2025-06,02-2024,08-2025,2000.0,1200.0,58.0,18,16,2,60.0,42.0,Transmission_System,0.0,1.0,1,0
N18000390,TS FOR EVACUATION OF POWER FROM 7GW REZ IN KHAVDA AREA UNDER PHASE-IV PART E2,,2024-09,05-2024,05-2026,679.0,0.0,0.0,24,4,20,0.0,100.0,Transmission_System,0.0,0.0,0,0
N18000390,TS FOR EVACUATION OF POWER FROM 7GW REZ IN KHAVDA AREA UNDER PHASE-IV PART E2,,2024-11,05-2024,05-2026,679.0,0.0,0.0,24,6,18,0.0,100.0,Transmission_System,0.0,0.0,0,0
N18000390,TS FOR EVACUATION OF POWER FROM 7GW REZ IN KHAVDA AREA UNDER PHASE-IV PART E2,,2024-12,05-2024,05-2026,679.0,0.0,3.0,24,7,17,0.0,97.0,Transmission_System,0.0,0.0,0,0
N18000390,TS FOR EVACUATION OF POWER FROM 7GW REZ IN KHAVDA AREA UNDER PHASE-IV PART E2,,2025-01,05-2024,05-2026,679.0,0.0,4.0,24,8,16,0.0,96.0,Transmission_System,0.0,0.0,0,0
N18000390,TS FOR EVACUATION OF POWER FROM 7GW REZ IN KHAVDA AREA UNDER PHASE-IV PART E2,,2025-02,05-2024,05-2026,679.0,0.0,6.0,24,9,15,0.0,94.0,Transmission_System,0.0,0.0,0,0
N18000390,TS FOR EVACUATION OF POWER FROM 7GW REZ IN KHAVDA AREA UNDER PHASE-IV PART E2,,2025-03,05-2024,05-2026,679.0,0.0,9.0,24,10,14,0.0,91.0,Transmission_System,0.0,0.0,0,0
N18000390,TS FOR EVACUATION OF POWER FROM 7GW REZ IN KHAVDA AREA UNDER PHASE-IV PART E2,,2025-04,05-2024,05-2026,679.0,0.0,12.0,24,11,13,0.0,88.0,Transmission_System,0.0,0.0,0,0
N18000390,TS FOR EVACUATION OF POWER FROM 7GW REZ IN KHAVDA AREA UNDER PHASE- IV PART E2,,2025-05,05-2024,05-2026,679.0,47.74,15.0,24,12,12,7.030927835051546,85.0,Transmission_System,0.0,0.0,0,0
N18000390,TS FOR EVACUATION OF POWER FROM 7GW REZ IN KHAVDA AREA UNDER PHASE-IV PART E2,,2025-06,05-2024,05-2026,679.0,67.9,16.8,24,13,11,10.0,83.2,Transmission_System,0.0,-3.0,0,0
N18000391,TS FOR EVACUATION POWER FROM RAJASTHAN REZ PH-IV (PART-2:5.5GW) PART-B (JAISALMER/BARMER COMPLEX),,2024-11,08-2024,08-2026,3279.0,0.0,0.0,24,3,21,0.0,100.0,Other_Power_Transmission,0.0,0.0,0,0
N18000391,TS FOR EVACUATION POWER FROM RAJASTHAN REZ PH-IV (PART-2:5.5GW) PART- B (JAISALMER/BARMER COMPLEX),,2024-12,08-2024,08-2026,3279.0,34.0,2.0,24,4,20,1.0369014943580361,98.0,Other_Power_Transmission,0.0,0.0,0,0
N18000391,TS FOR EVACUATION POWER FROM RAJASTHAN REZ PH-IV (PART-2:5.5GW) PART-B (JAISALMER/BARMER COMPLEX),,2025-01,08-2024,08-2026,3279.0,34.0,4.0,24,5,19,1.0369014943580361,96.0,Other_Power_Transmission,0.0,0.0,0,0
N18000391,TS FOR EVACUATION POWER FROM RAJASTHAN REZ PH-IV (PART-2:5.5GW) PART-B (JAISALMER/BARMER COMPLEX),,2025-02,08-2024,08-2026,3279.0,43.0,7.0,24,6,18,1.3113754193351632,93.0,Other_Power_Transmission,0.0,0.0,0,0
N18000391,TS FOR EVACUATION POWER FROM RAJASTHAN REZ PH-IV (PART-2:5.5GW) PART-B (JAISALMER/BARMER COMPLEX),,2025-03,08-2024,08-2026,3279.0,61.0,7.0,24,7,17,1.8603232692894174,93.0,Other_Power_Transmission,0.0,0.0,0,0
N18000391,TS FOR EVACUATION POWER FROM RAJASTHAN REZ PH-IV (PART-2:5.5GW) PART-B (JAISALMER/BARMER COMPLEX),,2025-04,08-2024,08-2026,3279.0,134.0,10.9,24,8,16,4.086611771881672,89.1,Other_Power_Transmission,0.0,0.0,0,0
N18000391,TS FOR EVACUATION POWER FROM RAJASTHAN REZ PH-IV (PART-2:5.5GW) PART-B (JAISALMER/BARMER COMPLEX),,2025-05,08-2024,08-2026,3279.0,293.9,16.4,24,9,15,8.963098505641963,83.6,Other_Power_Transmission,0.0,0.0,0,0
N18000391,TS FOR EVACUATION POWER FROM RAJASTHAN REZ PH-IV (PART-2:5.5GW) PART-B (JAISALMER/BARMER COMPLEX),,2025-06,08-2024,08-2026,3279.0,491.85,18.6,24,10,14,15.0,81.4,Other_Power_Transmission,0.0,0.0,0,0
N18000392,TS FOR EVACUATION POWER RAJASTHAN REZ PH-IV (PART- 2:5.5GW) (JAISALMER/BARMER COMPLEX): PART-C,,2024-11,08-2024,08-2026,2708.0,0.0,0.0,24,3,21,0.0,100.0,Other_Power_Transmission,0.0,0.0,0,0
N18000392,TS FOR EVACUATION POWER RAJASTHAN REZ PH-IV (PART-2:5.5GW) (JAISALMER/BARMER COMPLEX): PART-C,,2024-12,08-2024,08-2026,2708.0,25.0,5.0,24,4,20,0.9231905465288036,95.0,Other_Power_Transmission,0.0,0.0,0,0
N18000392,TS FOR EVACUATION POWER RAJASTHAN REZ PH-IV (PART-2:5.5GW) (JAISALMER/BARMER COMPLEX): PART- C,,2025-01,08-2024,08-2026,2708.0,27.0,6.0,24,5,19,0.9970457902511078,94.0,Other_Power_Transmission,0.0,0.0,0,0
N18000392,TS FOR EVACUATION POWER RAJASTHAN REZ PH-IV (PART- 2:5.5GW) (JAISALMER/BARMER COMPLEX): PART-C,,2025-02,08-2024,08-2026,2708.0,27.0,6.0,24,6,18,0.9970457902511078,94.0,Other_Power_Transmission,0.0,0.0,0,0
N18000392,TS FOR EVACUATION POWER RAJASTHAN REZ PH-IV (PART- 2:5.5GW) (JAISALMER/BARMER COMPLEX): PART-C,,2025-03,08-2024,08-2026,2708.0,45.0,15.0,24,7,17,1.6617429837518465,85.0,Other_Power_Transmission,0.0,0.0,0,0
N18000392,TS FOR EVACUATION POWER RAJASTHAN REZ PH-IV (PART- 2:5.5GW) (JAISALMER/BARMER COMPLEX): PART-C,,2025-04,08-2024,08-2026,2708.0,75.0,18.7,24,8,16,2.769571639586411,81.3,Other_Power_Transmission,0.0,0.0,0,0
N18000392,TS FOR EVACUATION POWER RAJASTHAN REZ PH-IV (PART-2:5.5GW) (JAISALMER/BARMER COMPLEX): PART-C,,2025-05,08-2024,08-2026,2708.0,189.9,21.7,24,9,15,7.012555391432793,78.3,Other_Power_Transmission,0.0,0.0,0,0
N18000392,TS FOR EVACUATION POWER RAJASTHAN REZ PH-IV (PART-2:5.5GW) (JAISALMER/BARMER COMPLEX): PART- C,,2025-06,08-2024,08-2026,2708.0,622.84,25.7,24,10,14,23.0,74.3,Other_Power_Transmission,0.0,0.0,0,0
N18000393,TS FOR EVACUATION POWER FROM RAJASTHAN REZ PH-IV (PART-2:5.5GW) (JAISALMER/BARMER COMPLEX) PART-C,,2024-12,08-2024,08-2026,2227.0,0.0,5.0,24,4,20,0.0,95.0,Other_Power_Transmission,0.0,0.0,0,0
N18000393,TS FOR EVACUATION POWER FROM RAJASTHAN REZ PH-IV (PART-2:5.5GW) (JAISALMER/BARMER COMPLEX) PART-C,,2025-01,08-2024,08-2026,2227.0,0.0,6.0,24,5,19,0.0,94.0,Other_Power_Transmission,0.0,0.0,0,0
N18000393,TS FOR EVACUATION POWER FROM RAJASTHAN REZ PH-IV (PART-2:5.5GW) (JAISALMER/BARMER COMPLEX) PART-C,,2025-02,08-2024,08-2026,2227.0,66.0,9.0,24,6,18,2.9636281993713514,91.0,Other_Power_Transmission,0.0,0.0,0,0
N18000393,TS FOR EVACUATION POWER FROM RAJASTHAN REZ PH-IV (PART-2:5.5GW) (JAISALMER/BARMER COMPLEX) PART-C,,2025-03,08-2024,08-2026,2227.0,72.0,10.0,24,7,17,3.2330489447687474,90.0,Other_Power_Transmission,0.0,0.0,0,0
N18000393,TS FOR EVACUATION POWER FROM RAJASTHAN REZ PH-IV (PART-2:5.5GW) (JAISALMER/BARMER COMPLEX) PART-C,,2025-04,08-2024,08-2026,2227.0,123.0,13.5,24,8,16,5.523125280646609,86.5,Other_Power_Transmission,0.0,0.0,0,0
N18000393,TS FOR EVACUATION POWER FROM RAJASTHAN REZ PH-IV (PART-2:5.5GW) (JAISALMER/BARMER COMPLEX) PART-C,,2025-05,08-2024,08-2026,2227.0,292.59,16.4,24,9,15,13.138302649303995,83.6,Other_Power_Transmission,0.0,0.0,0,0
N18000393,TS FOR EVACUATION POWER FROM RAJASTHAN REZ PH-IV (PART-2:5.5GW) (JAISALMER/BARMER COMPLEX) PART- C,,2025-06,08-2024,08-2026,2227.0,489.94,18.6,24,10,14,22.0,81.4,Other_Power_Transmission,0.0,0.0,0,0
N18000394,TS FOR EVACUATION POWER FROM RAJASTHAN REZ PH-IV (PART-2:5.5GW) (JAISALMER/BARMER COMPLEX) PART-E,,2024-11,08-2024,08-2026,3251.0,0.0,0.0,24,3,21,0.0,100.0,Other_Power_Transmission,0.0,0.0,0,0
N18000394,TS FOR EVACUATION POWER FROM RAJASTHAN REZ PH-IV (PART-2:5.5GW) (JAISALMER/BARMER COMPLEX) PART-E,,2024-12,08-2024,08-2026,3251.0,39.0,5.0,24,4,20,1.1996308828052906,95.0,Other_Power_Transmission,0.0,0.0,0,0
N18000394,TS FOR EVACUATION POWER FROM RAJASTHAN REZ PH-IV (PART-2:5.5GW) (JAISALMER/BARMER COMPLEX) PART-E,,2025-01,08-2024,08-2026,3251.0,62.0,6.0,24,5,19,1.9071055059981543,94.0,Other_Power_Transmission,0.0,0.0,0,0
N18000394,TS FOR EVACUATION POWER FROM RAJASTHAN REZ PH-IV (PART-2:5.5GW) (JAISALMER/BARMER COMPLEX) PART-E,,2025-02,08-2024,08-2026,3251.0,75.0,7.0,24,6,18,2.3069824669332513,93.0,Other_Power_Transmission,0.0,0.0,0,0
N18000394,TS FOR EVACUATION POWER FROM RAJASTHAN REZ PH-IV (PART-2:5.5GW) (JAISALMER/BARMER COMPLEX) PART-E,,2025-03,08-2024,08-2026,3251.0,139.0,9.0,24,7,17,4.275607505382959,91.0,Other_Power_Transmission,0.0,0.0,0,0
N18000394,TS FOR EVACUATION POWER FROM RAJASTHAN REZ PH-IV (PART-2:5.5GW) (JAISALMER/BARMER COMPLEX) PART-E,,2025-04,08-2024,08-2026,3251.0,241.0,11.6,24,8,16,7.4131036604121805,88.4,Other_Power_Transmission,0.0,0.0,0,0
N18000394,TS FOR EVACUATION POWER FROM RAJASTHAN REZ PH-IV (PART-2:5.5GW) (JAISALMER/BARMER COMPLEX) PART-E,,2025-05,08-2024,08-2026,3251.0,426.6,13.4,24,9,15,13.122116271916335,86.6,Other_Power_Transmission,0.0,0.0,0,0
N18000394,TS FOR EVACUATION POWER FROM RAJASTHAN REZ PH-IV (PART-2:5.5GW) (JAISALMER/BARMER COMPLEX) PART- E,,2025-06,08-2024,08-2026,3251.0,650.2,16.2,24,10,14,20.0,83.8,Other_Power_Transmission,0.0,0.0,0,0
N18000395,AUGMENTATION OF 1500MVA 3RD 765/400KV TRANSFORMATION CAPACITY AT KURNOOL NEW SUBSTATION,,2024-12,05-2023,09-2025,164.0,4.0,2.0,28,19,9,2.4390243902439024,98.0,Substation_Grid_Equipment,0.0,0.0,0,0
N18000395,AUGMENTATION OF 1500MVA 3RD 765/400KV TRANSFORMATION CAPACITY AT KURNOOL NEW SUBSTATION,,2025-01,05-2023,09-2025,164.0,5.0,9.0,28,20,8,3.048780487804878,91.0,Substation_Grid_Equipment,0.0,0.0,0,0
N18000395,AUGMENTATION OF 1500MVA 3RD 765/400KV TRANSFORMATION CAPACITY AT KURNOOL NEW SUBSTATION,,2025-02,05-2023,09-2025,164.0,66.0,12.0,28,21,7,40.243902439024396,88.0,Substation_Grid_Equipment,0.0,0.0,0,0
N18000395,AUGMENTATION OF 1500MVA 3RD 765/400KV TRANSFORMATION CAPACITY AT KURNOOL NEW SUBSTATION,,2025-03,05-2023,09-2025,164.0,66.0,15.0,28,22,6,40.243902439024396,85.0,Substation_Grid_Equipment,0.0,0.0,0,0
N18000395,AUGMENTATION OF 1500MVA 3RD 765/400KV TRANSFORMATION CAPACITY AT KURNOOL NEW SUBSTATION,,2025-04,05-2023,09-2025,164.0,66.0,15.0,28,23,5,40.243902439024396,85.0,Substation_Grid_Equipment,0.0,0.0,0,0
N18000395,AUGMENTATION OF 1500MVA 3RD 765/400KV TRANSFORMATION CAPACITY AT KURNOOL NEW SUBSTATION,,2025-05,05-2023,09-2025,164.0,60.0,21.0,28,24,4,36.58536585365854,79.0,Substation_Grid_Equipment,0.0,0.0,0,0
N18000395,AUGMENTATION OF 1500MVA 3RD 765/400KV TRANSFORMATION CAPACITY AT KURNOOL NEW SUBSTATION,,2025-06,05-2023,09-2025,164.0,60.0,33.0,28,25,3,36.58536585365854,67.0,Substation_Grid_Equipment,0.0,0.0,0,0
N18000396,ADDITIONAL TRANSMISSION SYSTEM FOR EVACUATION OF POWER FROM BHADLA-III PS AS PART OF RAJASTHAN REZ P,,2025-02,08-2024,02-2026,369.0,0.0,1.0,18,6,12,0.0,99.0,Transmission_System,0.0,0.0,0,0
N18000396,ADDITIONAL TRANSMISSION SYSTEM FOR EVACUATION OF POWER FROM BHADLA-III PS AS PART OF RAJASTHAN REZ P,,2025-03,08-2024,02-2026,369.0,0.0,1.0,18,7,11,0.0,99.0,Transmission_System,0.0,0.0,0,0
N18000396,ADDITIONAL TRANSMISSION SYSTEM FOR EVACUATION OF POWER FROM BHADLA-III PS AS PART OF RAJASTHAN REZ P,,2025-04,08-2024,02-2026,369.0,0.0,1.0,18,8,10,0.0,99.0,Transmission_System,0.0,0.0,0,0
N18000396,ADDITIONAL TRANSMISSION SYSTEM FOR EVACUATION OF POWER FROM BHADLA-III PS AS PART OF RAJASTHAN REZ P,,2025-05,08-2024,02-2026,369.0,0.0,1.0,18,9,9,0.0,99.0,Transmission_System,0.0,0.0,0,0
N18000396,ADDITIONAL TRANSMISSION SYSTEM FOR EVACUATION OF POWER FROM BHADLA-III PS AS PART OF RAJASTHAN REZ P,,2025-06,08-2024,02-2026,369.0,10.3,3.8,18,10,8,2.791327913279133,96.2,Transmission_System,0.0,0.0,0,0
N18000397,TRANSMISSION SYSTEM STRENGTHENING FOR INTERCONNECTIONS OF BHADLA-III AND BIKANER III COMPLEX [SPV NA,,2025-02,08-2024,08-2026,1382.0,0.0,1.0,24,6,18,0.0,99.0,Transmission_System,0.0,0.0,0,0
N18000397,TRANSMISSION SYSTEM STRENGTHENING FOR INTERCONNECTIONS OF BHADLA- III AND BIKANER III COMPLEX [SPV NA,,2025-03,08-2024,08-2026,1382.0,0.0,1.0,24,7,17,0.0,99.0,Transmission_System,0.0,0.0,0,0
N18000397,TRANSMISSION SYSTEM STRENGTHENING FOR INTERCONNECTIONS OF BHADLA-III AND BIKANER III COMPLEX [SPV NA,,2025-04,08-2024,08-2026,1382.0,0.0,1.0,24,8,16,0.0,99.0,Transmission_System,0.0,0.0,0,0
N18000397,TRANSMISSION SYSTEM STRENGTHENING FOR INTERCONNECTIONS OF BHADLA-III AND BIKANER III COMPLEX [SPV NA,,2025-05,08-2024,08-2026,1382.0,0.0,1.0,24,9,15,0.0,99.0,Transmission_System,0.0,0.0,0,0
N18000397,TRANSMISSION SYSTEM STRENGTHENING FOR INTERCONNECTIONS OF BHADLA-III AND BIKANER III COMPLEX [SPV NA,,2025-06,08-2024,08-2026,1382.0,27.6,1.0,24,10,14,1.9971056439942114,99.0,Transmission_System,0.0,0.0,0,0
N18000398,AUGMENTATION OF TRANSFORMATION CAPACITY AT JAM KHAMBHALIYA PS [GIS] [SPV NAME POWERGRID JAM KHAMBHAL,,2025-02,10-2024,07-2026,329.0,0.0,1.0,21,4,17,0.0,99.0,Substation_Grid_Equipment,0.0,0.0,0,0
N18000398,AUGMENTATION OF TRANSFORMATION CAPACITY AT JAM KHAMBHALIYA PS [GIS] [SPV NAME POWERGRID JAM KHAMBHAL,,2025-03,10-2024,07-2026,329.0,0.0,1.0,21,5,16,0.0,99.0,Substation_Grid_Equipment,0.0,0.0,0,0
N18000398,AUGMENTATION OF TRANSFORMATION CAPACITY AT JAM KHAMBHALIYA PS [GIS] [SPV NAME POWERGRID JAM KHAMBHAL,,2025-04,10-2024,07-2026,329.0,0.0,1.0,21,6,15,0.0,99.0,Substation_Grid_Equipment,0.0,0.0,0,0
N18000398,AUGMENTATION OF TRANSFORMATION CAPACITY AT JAM KHAMBHALIYA PS [GIS] [SPV NAME POWERGRID JAM KHAMBHAL,,2025-05,10-2024,07-2026,329.0,0.0,1.0,21,7,14,0.0,99.0,Substation_Grid_Equipment,0.0,0.0,0,0
N18000398,AUGMENTATION OF TRANSFORMATION CAPACITY AT JAM KHAMBHALIYA PS [GIS] [SPV NAME POWERGRID JAM KHAMBHAL,,2025-06,10-2024,07-2026,329.0,9.87,1.0,21,8,13,3.0,99.0,Substation_Grid_Equipment,0.0,0.0,0,0
N18000399,TRANSMISSION SYSTEM FOR EVACUATION OF POWER FROM RAJASTHAN REZ PH-IV [PART-2 5.5GW] [JAISALMER/BARME,,2025-01,10-2024,10-2026,3674.0,54.0,1.0,24,3,21,1.4697876973326074,99.0,Transmission_System,0.0,0.0,0,0
N18000399,TRANSMISSION SYSTEM FOR EVACUATION OF POWER FROM RAJASTHAN REZ PH-IV [PART-2 5.5GW] [JAISALMER/BARME,,2025-02,10-2024,10-2026,3674.0,74.0,1.0,24,4,20,2.014153511159499,99.0,Transmission_System,0.0,0.0,0,0
N18000399,TRANSMISSION SYSTEM FOR EVACUATION OF POWER FROM RAJASTHAN REZ PH-IV [PART-2 5.5GW] [JAISALMER/BARME,,2025-03,10-2024,10-2026,3674.0,74.0,1.0,24,5,19,2.014153511159499,99.0,Transmission_System,0.0,0.0,0,0
N18000399,TRANSMISSION SYSTEM FOR EVACUATION OF POWER FROM RAJASTHAN REZ PH-IV [PART-2 5.5GW] [JAISALMER/BARME,,2025-04,10-2024,10-2026,3674.0,81.0,7.0,24,6,18,2.2046815459989113,93.0,Transmission_System,0.0,0.0,0,0
N18000399,TRANSMISSION SYSTEM FOR EVACUATION OF POWER FROM RAJASTHAN REZ PH-IV [PART-2 5.5GW] [JAISALMER/BARME,,2025-05,10-2024,10-2026,3674.0,234.57,10.3,24,7,17,6.384594447468698,89.7,Transmission_System,0.0,0.0,0,0
N18000399,TRANSMISSION SYSTEM FOR EVACUATION OF POWER FROM RAJASTHAN REZ PH-IV [PART-2 5.5GW] [JAISALMER/BARME,,2025-06,10-2024,10-2026,3674.0,345.36,12.7,24,8,16,9.400108873162766,87.3,Transmission_System,0.0,0.0,0,0
N18000400,TRANSMISSION SYSTEM FOR EVACUATION OF POWER FROM POTENTIAL RENEWABLE ENERGY ZONE IN KHAVDA AREA OF G,,2025-01,10-2024,10-2026,4766.0,65.0,1.0,24,3,21,1.3638271086865297,99.0,Transmission_System,0.0,0.0,0,0
N18000400,TRANSMISSION SYSTEM FOR EVACUATION OF POWER FROM POTENTIAL RENEWABLE ENERGY ZONE IN KHAVDA AREA OF G,,2025-02,10-2024,10-2026,4766.0,65.0,1.0,24,4,20,1.3638271086865297,99.0,Transmission_System,0.0,0.0,0,0
N18000400,TRANSMISSION SYSTEM FOR EVACUATION OF POWER FROM POTENTIAL RENEWABLE ENERGY ZONE IN KHAVDA AREA OF G,,2025-03,10-2024,10-2026,4766.0,110.0,1.0,24,5,19,2.308015107007973,99.0,Transmission_System,0.0,0.0,0,0
N18000400,TRANSMISSION SYSTEM FOR EVACUATION OF POWER FROM POTENTIAL RENEWABLE ENERGY ZONE IN KHAVDA AREA OF G,,2025-04,10-2024,10-2026,4766.0,155.0,2.5,24,6,18,3.252203105329417,97.5,Transmission_System,0.0,0.0,0,0
N18000400,TRANSMISSION SYSTEM FOR EVACUATION OF POWER FROM POTENTIAL RENEWABLE ENERGY ZONE IN KHAVDA AREA OF G,,2025-05,10-2024,10-2026,4766.0,280.03,4.2,24,7,17,5.875577003776752,95.8,Transmission_System,0.0,0.0,0,0
N18000400,TRANSMISSION SYSTEM FOR EVACUATION OF POWER FROM POTENTIAL RENEWABLE ENERGY ZONE IN KHAVDA AREA OF G,,2025-06,10-2024,10-2026,4766.0,333.62,5.1,24,8,16,7.000000000000001,94.9,Transmission_System,0.0,0.0,0,0
N18000401,TRANSMISSION SYSTEM FOR EVACUATION OF POWER FROM RAJASTHAN REZ PH -IV [PART-2 5.5 GW] [JAISALMER/BAR,,2025-05,11-2024,11-2026,2735.0,0.0,0.7,24,6,18,0.0,99.3,Transmission_System,0.0,0.0,0,0
N18000401,TRANSMISSION SYSTEM FOR EVACUATION OF POWER FROM RAJASTHAN REZ PH -IV [PART-2 5.5 GW] [JAISALMER/BAR,,2025-06,11-2024,11-2026,2735.0,27.35,3.8,24,7,17,1.0,96.2,Transmission_System,0.0,0.0,0,0
N18000402,PROVISION OF DYNAMIC REACTIVE COMPENSATION AT KHAVDA POOLING STATION 1 [KPS1] AND KHAVDA POOLING STA,,2025-02,11-2024,11-2026,501.0,0.0,6.0,24,3,21,0.0,94.0,Substation_Grid_Equipment,0.0,-6.0,0,0
N18000402,PROVISION OF DYNAMIC REACTIVE COMPENSATION AT KHAVDA POOLING STATION 1 [KPS1] AND KHAVDA POOLING STA,,2025-03,11-2024,11-2026,501.0,0.0,1.0,24,4,20,0.0,99.0,Substation_Grid_Equipment,0.0,0.0,0,0
N18000402,PROVISION OF DYNAMIC REACTIVE COMPENSATION AT KHAVDA POOLING STATION 1 [KPS1] AND KHAVDA POOLING STA,,2025-04,11-2024,11-2026,501.0,0.0,1.0,24,5,19,0.0,99.0,Substation_Grid_Equipment,0.0,0.0,0,0
N18000402,PROVISION OF DYNAMIC REACTIVE COMPENSATION AT KHAVDA POOLING STATION 1 [KPS1] AND KHAVDA POOLING STA,,2025-05,11-2024,11-2026,501.0,0.0,1.0,24,6,18,0.0,99.0,Substation_Grid_Equipment,0.0,0.0,0,0
N18000402,PROVISION OF DYNAMIC REACTIVE COMPENSATION AT KHAVDA POOLING STATION 1 [KPS1] AND KHAVDA POOLING STA,,2025-06,11-2024,11-2026,501.0,5.01,1.0,24,7,17,1.0,99.0,Substation_Grid_Equipment,0.0,0.0,0,0
N18000404,TRANSMISSION SYSTEM FOR EVACUATION OF POWER FROM RAJASTHAN REZ PH-IV [PART-3 (6 GW)] [BIKANER COMPLE,,2025-05,11-2024,11-2026,5357.0,67.82,3.7,24,6,18,1.2660070935224939,96.3,Transmission_System,0.0,0.0,0,0
N18000404,TRANSMISSION SYSTEM FOR EVACUATION OF POWER FROM RAJASTHAN REZ PH-IV [PART-3 (6 GW)] [BIKANER COMPLE,,2025-06,11-2024,11-2026,5357.0,107.14,3.8,24,7,17,2.0,96.2,Transmission_System,0.0,0.0,0,0
N18000405,TRANSMISSION SYSTEM FOR EVACUATION OF POWER FROM POTENTIAL RENEWABLE ENERGY ZONE IN KHAVDA AREA OF G,,2025-02,11-2024,05-2029,24819.0,1340.0,1.0,54,3,51,5.399089407308916,99.0,Transmission_System,0.0,0.0,0,0
N18000405,TRANSMISSION SYSTEM FOR EVACUATION OF POWER FROM POTENTIAL RENEWABLE ENERGY ZONE IN KHAVDA AREA OF G,,2025-03,11-2024,05-2029,24819.0,1340.0,1.0,54,4,50,5.399089407308916,99.0,Transmission_System,0.0,0.0,0,0
N18000405,TRANSMISSION SYSTEM FOR EVACUATION OF POWER FROM POTENTIAL RENEWABLE ENERGY ZONE IN KHAVDA AREA OF G,,2025-04,11-2024,05-2029,24819.0,1340.0,1.0,54,5,49,5.399089407308916,99.0,Transmission_System,0.0,0.0,0,0
N18000405,TRANSMISSION SYSTEM FOR EVACUATION OF POWER FROM POTENTIAL RENEWABLE ENERGY ZONE IN KHAVDA AREA OF G,,2025-05,11-2024,05-2029,24819.0,1454.4,1.0,54,6,48,5.860026592529917,99.0,Transmission_System,0.0,0.0,0,0
N18000405,TRANSMISSION SYSTEM FOR EVACUATION OF POWER FROM POTENTIAL RENEWABLE ENERGY ZONE IN KHAVDA AREA OF G,,2025-06,11-2024,05-2029,24819.0,1240.3,1.0,54,7,47,4.997381038720335,99.0,Transmission_System,0.0,0.0,0,0
N18000407,TRANSMISSION SYSTEM FOR EVACUATION OF POWER FROM RAJASTHAN REZ PH-IV (PART-4: 3.5 GW): PART A,,2025-06,12-2024,12-2026,5846.0,198.76,2.1,24,6,18,3.399931577146767,97.9,Transmission_System,0.0,0.0,0,0
N18000408,TRANSMISSION SYSTEM UNDER ISTS FOR EVACUATION OF POWER FROM KUDANKULAM UNIT - 3 AND 4 (2X1000 MW),,2025-06,01-2025,07-2028,548.0,9.32,2.5,42,5,37,1.700729927007299,97.5,Transmission_System,0.0,0.0,0,0
