project_code,project_name,snapshot_date,start_date,original_doc,original_cost_cr,cumulative_expenditure_cr,physical_progress_pct,planned_duration_months,elapsed_months,months_to_original_target,expenditure_pct_of_original_cost,project_category,target_cost_overrun_pct,target_schedule_overrun_months,delay_flag,cost_overrun_flag
400005,Transmission Network Expansion in Gujarat to increase its ATC from ISTS Part B,2025-07-01,2022-07-01,06-2023,4546.26,4148.46,93.0,11,36,-25,91.24995050876984,Transmission_System,0.0,30.0,1,0
400005,Transmission Network Expansion in Gujarat to increase its ATC from ISTS Part B,2025-08-01,2022-07-01,06-2023,4546.26,4172.96,93.0,11,37,-26,91.78885501489135,Transmission_System,0.0,30.0,1,0
400005,Transmission Network Expansion in Gujarat to increase its ATC from ISTS Part B,2025-09-01,2022-07-01,06-2023,4546.26,4210.29,93.0,11,38,-27,92.60996951340222,Transmission_System,0.0,30.0,1,0
400005,Transmission Network Expansion in Gujarat to increase its ATC from ISTS Part B,2025-10-01,2022-07-01,06-2023,4546.26,4210.3,93.0,11,39,-28,92.61018947442513,Transmission_System,0.0,30.0,1,0
400005,Transmission Network Expansion in Gujarat to increase its ATC from ISTS Part B,2025-11-01,2022-07-01,06-2023,4546.26,4318.95,94.0,11,40,-29,95.00006598830686,Transmission_System,0.0,30.0,1,0
400005,Transmission Network Expansion in Gujarat to increase its ATC from ISTS Part B,2025-12-01,2022-07-01,06-2023,4546.26,4358.49,95.0,11,41,-30,95.86979187288011,Transmission_System,0.0,33.0,1,0
400005,Transmission Network Expansion in Gujarat to increase its ATC from ISTS Part B,2026-01-01,2022-07-01,06-2023,4546.26,4482.15,96.0,11,42,-31,98.58982988214488,Transmission_System,0.0,35.0,1,0
400005,Transmission Network Expansion in Gujarat to increase its ATC from ISTS Part B,2026-02-01,2022-07-01,06-2023,4546.26,4500.79,98.0,11,43,-32,98.99983722884303,Transmission_System,0.0,35.0,1,0
400005,Transmission Network Expansion in Gujarat to increase its ATC from ISTS Part B,2026-03-01,2022-07-01,06-2023,4546.26,4523.49,99.65,11,44,-33,99.49914875084134,Transmission_System,0.0,35.0,1,0
400005,Transmission Network Expansion in Gujarat to increase its ATC from ISTS Part B,2026-04-01,2022-07-01,06-2023,4546.26,4528.07,99.9,11,45,-34,99.59989089933264,Transmission_System,0.0,35.0,1,0
602223,Comprehensive Scheme for Strengthening of Transmission and Distribution [T&D] Systems [CSST&DS] in Arunachal Pradesh and Sikkim,2025-07-01,2016-01-01,12-2018,4754.42,7321.07,81.0,35,114,-79,153.98450284156638,Other_Power_Transmission,0.0,,1,0
602223,Comprehensive Scheme for Strengthening of Transmission and Distribution [T&D] Systems [CSST&DS] in Arunachal Pradesh and Sikkim,2025-08-01,2016-01-01,12-2018,4754.42,7462.2,81.0,35,115,-80,156.95289856596597,Other_Power_Transmission,92.0175331586187,,1,1
602223,Comprehensive Scheme for Strengthening of Transmission and Distribution [T&D] Systems [CSST&DS] in Arunachal Pradesh and Sikkim,2025-09-01,2014-10-01,12-2018,4754.42,7598.33,82.0,50,131,-81,159.8161289915489,Other_Power_Transmission,92.0175331586187,,1,1
602223,Comprehensive Scheme for Strengthening of Transmission and Distribution [T&D] Systems [CSST&DS] in Arunachal Pradesh and Sikkim,2025-10-01,2014-10-01,12-2018,4754.42,7705.14,82.0,50,132,-82,162.06267010487082,Other_Power_Transmission,92.0175331586187,,1,1
602223,Comprehensive Scheme for Strengthening of Transmission and Distribution [T&D] Systems [CSST&DS] in Arunachal Pradesh and Sikkim,2025-11-01,2014-10-01,12-2018,4754.42,7778.18,82.0,50,133,-83,163.5989247899849,Other_Power_Transmission,92.0175331586187,,1,1
602223,Comprehensive Scheme for Strengthening of Transmission and Distribution [T&D] Systems [CSST&DS] in Arunachal Pradesh and Sikkim,2025-12-01,2014-10-01,12-2018,4754.42,7809.22,82.0,50,134,-84,164.25179096503885,Other_Power_Transmission,92.0175331586187,,1,1
602223,Comprehensive Scheme for Strengthening of Transmission and Distribution [T&D] Systems [CSST&DS] in Arunachal Pradesh and Sikkim,2026-01-01,2014-10-01,12-2018,4754.42,7904.16,83.0,50,135,-85,166.24866965896996,Other_Power_Transmission,92.0175331586187,,1,1
602223,Comprehensive Scheme for Strengthening of Transmission and Distribution [T&D] Systems [CSST&DS] in Arunachal Pradesh and Sikkim,2026-02-01,2014-10-01,12-2018,4754.42,7951.63,83.0,50,136,-86,167.24710900593553,Other_Power_Transmission,92.0175331586187,,1,1
602223,Comprehensive Scheme for Strengthening of Transmission and Distribution [T&D] Systems [CSST&DS] in Arunachal Pradesh and Sikkim,2026-03-01,2014-10-01,12-2018,4754.42,8033.8,83.3,50,137,-87,168.97539552668886,Other_Power_Transmission,92.0175331586187,,1,1
602223,Comprehensive Scheme for Strengthening of Transmission and Distribution [T&D] Systems [CSST&DS] in Arunachal Pradesh and Sikkim,2026-04-01,2014-10-01,12-2018,4754.42,8069.4,83.4,50,138,-88,169.72417245426362,Other_Power_Transmission,92.0175331586187,,1,1
602223,Comprehensive Scheme for Strengthening of Transmission and Distribution [T&D] Systems [CSST&DS] in Arunachal Pradesh and Sikkim,2026-05-01,2014-10-01,12-2018,4754.42,8088.57,83.5,50,139,-89,170.12737620992675,Other_Power_Transmission,92.0175331586187,,1,1
602223,Comprehensive Scheme for Strengthening of Transmission and Distribution [T&D] Systems [CSST&DS] in Arunachal Pradesh and Sikkim,2026-06-01,2014-10-01,12-2018,4754.42,8128.74,83.8,50,140,-90,170.97227422061997,Other_Power_Transmission,92.0175331586187,,1,1
606781,Transmission System for Strengthening of Srinagar-Leh Tr. System,2025-07-01,2022-03-01,12-2024,288.71,202.1,59.0,33,40,-7,70.00103910498424,Transmission_System,0.0,9.0,1,0
606781,Transmission System for Strengthening of Srinagar-Leh Tr. System,2025-08-01,2022-03-01,12-2024,288.71,207.8,75.0,33,41,-8,71.97533857504071,Transmission_System,0.0,10.0,1,0
606781,Transmission System for Strengthening of Srinagar-Leh Tr. System,2025-09-01,2022-03-01,12-2024,288.71,242.52,91.0,33,42,-9,84.00124692598109,Transmission_System,0.0,10.0,1,0
606781,Transmission System for Strengthening of Srinagar-Leh Tr. System,2025-10-01,2022-03-01,12-2024,288.71,280.02,99.0,33,43,-10,96.99005922898412,Transmission_System,0.0,11.0,1,0
607709,NORTH EASTERN REGION POWER SYSTEM IMPROVEMENT PROJECT [NERPSIP],2025-07-01,2016-03-01,12-2018,5111.33,5253.47,96.0,33,112,-79,102.78088090575253,Other_Power_Transmission,31.08134282075311,81.0,1,1
607709,NORTH EASTERN REGION POWER SYSTEM IMPROVEMENT PROJECT [NERPSIP],2025-08-01,2016-03-01,12-2018,5111.33,5277.24,96.0,33,113,-80,103.24592620707332,Other_Power_Transmission,31.08134282075311,84.0,1,1
607709,NORTH EASTERN REGION POWER SYSTEM IMPROVEMENT PROJECT [NERPSIP],2025-09-01,2016-03-01,12-2018,5111.33,5295.68,96.0,33,114,-81,103.60669336552326,Other_Power_Transmission,31.08134282075311,84.0,1,1
607709,NORTH EASTERN REGION POWER SYSTEM IMPROVEMENT PROJECT [NERPSIP],2025-10-01,2016-03-01,12-2018,5111.33,5317.79,96.0,33,115,-82,104.03926179683174,Other_Power_Transmission,31.08134282075311,87.0,1,1
607709,NORTH EASTERN REGION POWER SYSTEM IMPROVEMENT PROJECT [NERPSIP],2025-11-01,2016-03-01,12-2018,5111.33,5410.25,96.0,33,116,-83,105.84818432775812,Other_Power_Transmission,31.08134282075311,87.0,1,1
607709,NORTH EASTERN REGION POWER SYSTEM IMPROVEMENT PROJECT [NERPSIP],2025-12-01,2016-03-01,12-2018,5111.33,5442.41,96.0,33,117,-84,106.47737477329775,Other_Power_Transmission,31.08134282075311,87.0,1,1
607709,NORTH EASTERN REGION POWER SYSTEM IMPROVEMENT PROJECT [NERPSIP],2026-01-01,2016-03-01,12-2018,5111.33,5474.57,96.0,33,118,-85,107.10656521883736,Other_Power_Transmission,31.08134282075311,87.0,1,1
607709,NORTH EASTERN REGION POWER SYSTEM IMPROVEMENT PROJECT [NERPSIP],2026-02-01,2016-03-01,12-2018,5111.33,5506.73,96.0,33,119,-86,107.73575566437697,Other_Power_Transmission,31.08134282075311,87.0,1,1
607709,NORTH EASTERN REGION POWER SYSTEM IMPROVEMENT PROJECT [NERPSIP],2026-03-01,2016-03-01,12-2018,5111.33,5577.75,98.87,33,120,-87,109.12521789827696,Other_Power_Transmission,31.08134282075311,,1,1
607709,NORTH EASTERN REGION POWER SYSTEM IMPROVEMENT PROJECT [NERPSIP],2026-04-01,2016-03-01,12-2018,5111.33,5577.75,98.5,33,121,-88,109.12521789827696,Other_Power_Transmission,31.08134282075311,,1,1
607709,NORTH EASTERN REGION POWER SYSTEM IMPROVEMENT PROJECT [NERPSIP],2026-05-01,2016-03-01,12-2018,5111.33,5577.75,99.0,33,122,-89,109.12521789827696,Other_Power_Transmission,31.08134282075311,,1,1
607709,NORTH EASTERN REGION POWER SYSTEM IMPROVEMENT PROJECT [NERPSIP],2026-06-01,2016-03-01,12-2018,5111.33,5577.75,99.1,33,123,-90,109.12521789827696,Other_Power_Transmission,31.08134282075311,,1,1
608301,Transmission system strengthening scheme for evacuation of power from solar energy zones in Rajasthan 8.1 GW under Phase II- Part- G1,2025-07-01,2022-02-01,09-2023,359.47,330.71,93.0,19,41,-22,91.99933235040476,Transmission_System,0.0,26.0,1,0
608301,Transmission system strengthening scheme for evacuation of power from solar energy zones in Rajasthan 8.1 GW under Phase II- Part- G1,2025-08-01,2022-02-01,09-2023,359.47,330.91,93.0,19,42,-23,92.05496981667454,Transmission_System,0.0,26.0,1,0
608301,Transmission system strengthening scheme for evacuation of power from solar energy zones in Rajasthan 8.1 GW under Phase II- Part- G1,2025-09-01,2022-02-01,09-2023,359.47,336.11,94.0,19,43,-24,93.501543939689,Transmission_System,0.0,26.0,1,0
608301,Transmission system strengthening scheme for evacuation of power from solar energy zones in Rajasthan 8.1 GW under Phase II- Part- G1,2025-10-01,2022-02-01,09-2023,359.47,341.49,97.0,19,44,-25,94.99819178234624,Transmission_System,0.0,27.0,1,0
608302,Transmission system for evacuation of Power from Pakaldul HEP in Chenab Valley HEPs - LTA System,2025-07-01,2022-02-01,04-2025,318.12,286.31,99.0,38,41,-3,90.00062869357475,Transmission_System,0.0,4.0,1,0
608302,Transmission system for evacuation of Power from Pakaldul HEP in Chenab Valley HEPs - LTA System,2025-08-01,2022-02-01,04-2025,318.12,287.31,99.0,38,42,-4,90.3149754809506,Transmission_System,0.0,5.0,1,0
608302,Transmission system for evacuation of Power from Pakaldul HEP in Chenab Valley HEPs - LTA System,2025-09-01,2022-02-01,04-2025,318.12,308.58,99.0,38,43,-5,97.00113164843457,Transmission_System,0.0,5.0,1,0
608302,Transmission system for evacuation of Power from Pakaldul HEP in Chenab Valley HEPs - LTA System,2025-10-01,2022-02-01,04-2025,318.12,317.12,100.0,38,44,-6,99.68565321262416,Transmission_System,0.0,7.0,1,0
611656,Transmission scheme for evacuation of 4.5GW RE injection at Khavda PS under Phase II- Part B,2025-07-01,2023-03-01,03-2025,1167.55,1013.39,91.0,24,28,-4,86.7962828144405,Transmission_System,-0.04710719027022,7.0,1,0
611656,Transmission scheme for evacuation of 4.5GW RE injection at Khavda PS under Phase II- Part B,2025-08-01,2023-03-01,03-2025,1167.55,1050.41,93.0,24,29,-5,89.96702496681085,Transmission_System,-0.04710719027022,7.0,1,0
611656,Transmission scheme for evacuation of 4.5GW RE injection at Khavda PS under Phase II- Part B,2025-09-01,2023-03-01,03-2025,1167.55,1105.5,94.0,24,30,-6,94.68545244315018,Transmission_System,-0.04710719027022,7.0,1,0
611656,Transmission scheme for evacuation of 4.5GW RE injection at Khavda PS under Phase II- Part B,2025-10-01,2023-03-01,03-2025,1167.55,1147.74,97.0,24,31,-7,98.30328465590338,Transmission_System,-0.04710719027022,8.0,1,0
611657,Transmission scheme for evacuation of 4.5GW RE injection at Khavda PS under Phase II- Part C,2025-07-01,2023-03-01,03-2025,2820.99,2454.26,84.0,24,28,-4,86.99995391688735,Transmission_System,0.0,8.0,1,0
611657,Transmission scheme for evacuation of 4.5GW RE injection at Khavda PS under Phase II- Part C,2025-08-01,2023-03-01,03-2025,2820.99,2570.25,84.0,24,29,-5,91.11163102315145,Transmission_System,0.0,8.0,1,0
611657,Transmission scheme for evacuation of 4.5GW RE injection at Khavda PS under Phase II- Part C,2025-09-01,2023-03-01,03-2025,2820.99,2639.03,90.0,24,30,-6,93.54978216867129,Transmission_System,0.0,8.0,1,0
611657,Transmission scheme for evacuation of 4.5GW RE injection at Khavda PS under Phase II- Part C,2025-10-01,2023-03-01,03-2025,2820.99,2736.36,93.0,24,31,-7,96.99998936543554,Transmission_System,0.0,9.0,1,0
611657,Transmission scheme for evacuation of 4.5GW RE injection at Khavda PS under Phase II- Part C,2025-11-01,2023-03-01,03-2025,2820.99,2783.19,95.0,24,32,-8,98.66004487786203,Transmission_System,0.0,9.0,1,0
611657,Transmission scheme for evacuation of 4.5GW RE injection at Khavda PS under Phase II- Part C,2025-12-01,2023-03-01,03-2025,2820.99,2783.19,98.0,24,33,-9,98.66004487786203,Transmission_System,0.0,10.0,1,0
611659,Transmission system strengthening scheme for evacuation of power from solar energy zones in Rajasthan[8.1 GW] under phase-II- Part E,2025-07-01,2023-03-01,09-2024,1433.28,1341.7,93.0,18,28,-10,93.6104599240902,Transmission_System,-0.0195356106273702,13.0,1,0
611659,Transmission system strengthening scheme for evacuation of power from solar energy zones in Rajasthan[8.1 GW] under phase-II- Part E,2025-08-01,2023-03-01,09-2024,1433.28,1359.63,95.0,18,29,-11,94.86143670462158,Transmission_System,-0.0195356106273702,13.0,1,0
611659,Transmission system strengthening scheme for evacuation of power from solar energy zones in Rajasthan[8.1 GW] under phase-II- Part E,2025-09-01,2023-03-01,09-2024,1433.28,1390.01,97.0,18,30,-12,96.98105045769144,Transmission_System,-0.0195356106273702,13.0,1,0
611659,Transmission system strengthening scheme for evacuation of power from solar energy zones in Rajasthan[8.1 GW] under phase-II- Part E,2025-10-01,2023-03-01,09-2024,1433.28,1418.67,98.0,18,31,-13,98.9806597454789,Transmission_System,-0.0195356106273702,14.0,1,0
611659,Transmission system strengthening scheme for evacuation of power from solar energy zones in Rajasthan[8.1 GW] under phase-II- Part E,2025-11-01,2023-03-01,09-2024,1433.28,1418.67,98.0,18,32,-14,98.9806597454789,Transmission_System,-0.0195356106273702,15.0,1,0
611660,Establishment of Khavda Pooling Station-2 KPS2 in Khavda RE Park KPS2 TRANSMISSION SYSTEM LIMITED,2025-07-01,2023-03-01,12-2024,966.79,894.76,95.0,21,28,-7,92.54957126159766,Substation_Grid_Equipment,0.0,8.0,1,0
611660,Establishment of Khavda Pooling Station-2 KPS2 in Khavda RE Park KPS2 TRANSMISSION SYSTEM LIMITED,2025-08-01,2023-03-01,12-2024,966.79,904.52,95.0,21,29,-8,93.55909763237104,Substation_Grid_Equipment,0.0,10.0,1,0
611660,Establishment of Khavda Pooling Station-2 KPS2 in Khavda RE Park KPS2 TRANSMISSION SYSTEM LIMITED,2025-09-01,2023-03-01,12-2024,966.79,911.97,96.0,21,30,-9,94.32968897071754,Substation_Grid_Equipment,0.0,10.0,1,0
611660,Establishment of Khavda Pooling Station-2 KPS2 in Khavda RE Park KPS2 TRANSMISSION SYSTEM LIMITED,2025-10-01,2023-03-01,12-2024,966.79,936.24,97.0,21,31,-10,96.84005833738456,Substation_Grid_Equipment,0.0,11.0,1,0
611737,Western Region Expansion Scheme-XXV,2025-07-01,2023-02-01,11-2023,385.84,378.16,96.0,9,29,-20,98.00953763217916,Transmission_System,0.0,22.0,1,0
611737,Western Region Expansion Scheme-XXV,2025-08-01,2023-02-01,11-2023,385.84,378.17,97.0,9,30,-21,98.01212938005392,Transmission_System,0.0,25.0,1,0
611737,Western Region Expansion Scheme-XXV,2025-09-01,2023-02-01,11-2023,385.84,378.74,97.0,9,31,-22,98.15985900891562,Transmission_System,0.0,25.0,1,0
611737,Western Region Expansion Scheme-XXV,2025-10-01,2023-02-01,11-2023,385.84,382.4,100.0,9,32,-23,99.10843873108024,Transmission_System,0.0,23.0,1,0
611947,Transmission System for Evacuation of Power from REZ in Rajasthan 20GW under Phase III- Part E2,2025-07-01,2023-11-01,06-2025,428.3,107.07,46.0,19,20,-1,24.998832593976186,Transmission_System,0.0,3.0,1,0
611947,Transmission System for Evacuation of Power from REZ in Rajasthan 20GW under Phase III- Part E2,2025-08-01,2023-11-01,06-2025,428.3,179.89,51.0,19,21,-2,42.00093392481905,Transmission_System,0.0,6.0,1,0
611947,Transmission System for Evacuation of Power from REZ in Rajasthan 20GW under Phase III- Part E2,2025-09-01,2023-11-01,06-2025,428.3,205.58,54.0,19,22,-3,47.99906607518095,Transmission_System,0.0,6.0,1,0
611947,Transmission System for Evacuation of Power from REZ in Rajasthan 20GW under Phase III- Part E2,2025-10-01,2023-11-01,06-2025,428.3,291.24,73.0,19,23,-4,67.99906607518095,Transmission_System,0.0,9.0,1,0
611947,Transmission System for Evacuation of Power from REZ in Rajasthan 20GW under Phase III- Part E2,2025-11-01,2023-11-01,06-2025,428.3,308.38,80.0,19,24,-5,72.00093392481904,Transmission_System,0.0,9.0,1,0
611947,Transmission System for Evacuation of Power from REZ in Rajasthan 20GW under Phase III- Part E2,2025-12-01,2023-11-01,06-2025,428.3,334.08,82.0,19,25,-6,78.00140088722857,Transmission_System,0.0,9.0,1,0
611947,Transmission System for Evacuation of Power from REZ in Rajasthan 20GW under Phase III- Part E2,2026-01-01,2023-11-01,06-2025,428.3,351.21,84.0,19,26,-7,82.00093392481904,Transmission_System,0.0,9.0,1,0
611947,Transmission System for Evacuation of Power from REZ in Rajasthan 20GW under Phase III- Part E2,2026-02-01,2023-11-01,06-2025,428.3,372.62,89.0,19,27,-8,86.99976651879524,Transmission_System,0.0,9.0,1,0
611947,Transmission System for Evacuation of Power from REZ in Rajasthan 20GW under Phase III- Part E2,2026-03-01,2023-11-01,06-2025,428.3,406.88,97.4,19,28,-9,94.99883259397618,Transmission_System,0.0,12.0,1,0
611947,Transmission System for Evacuation of Power from REZ in Rajasthan 20GW under Phase III- Part E2,2026-04-01,2023-11-01,06-2025,428.3,415.45,98.4,19,29,-10,96.99976651879524,Transmission_System,0.0,12.0,1,0
611948,Transmission system for evacuation of power from REZ in Rajasthan 20 GW under Phase-III part H,2025-07-01,2023-10-01,04-2025,2211.29,1780.53,72.0,18,21,-3,80.51996798248986,Transmission_System,0.0,8.0,1,0
611948,Transmission system for evacuation of power from REZ in Rajasthan 20 GW under Phase-III part H,2025-08-01,2023-10-01,04-2025,2211.29,1817.46,80.0,18,22,-4,82.1900338716315,Transmission_System,0.0,8.0,1,0
611948,Transmission system for evacuation of power from REZ in Rajasthan 20 GW under Phase-III part H,2025-09-01,2023-10-01,04-2025,2211.29,1879.59,84.0,18,23,-5,84.99970605393233,Transmission_System,0.0,8.0,1,0
611948,Transmission system for evacuation of power from REZ in Rajasthan 20 GW under Phase-III part H,2025-10-01,2023-10-01,04-2025,2211.29,1945.93,88.0,18,24,-6,87.99976484314585,Transmission_System,0.0,9.0,1,0
611948,Transmission system for evacuation of power from REZ in Rajasthan 20 GW under Phase-III part H,2025-11-01,2023-10-01,04-2025,2211.29,1975.34,92.0,18,25,-7,89.32975774321775,Transmission_System,0.0,9.0,1,0
611948,Transmission system for evacuation of power from REZ in Rajasthan 20 GW under Phase-III part H,2025-12-01,2023-10-01,04-2025,2211.29,2081.24,94.0,18,26,-8,94.11881752280344,Transmission_System,0.0,11.0,1,0
611948,Transmission system for evacuation of power from REZ in Rajasthan 20 GW under Phase-III part H,2026-01-01,2023-10-01,04-2025,2211.29,2087.01,95.0,18,27,-9,94.37975118595934,Transmission_System,0.0,11.0,1,0
611948,Transmission system for evacuation of power from REZ in Rajasthan 20 GW under Phase-III part H,2026-02-01,2023-10-01,04-2025,2211.29,2100.72,96.0,18,28,-10,94.99975127640428,Transmission_System,0.0,11.0,1,0
611948,Transmission system for evacuation of power from REZ in Rajasthan 20 GW under Phase-III part H,2026-03-01,2023-10-01,04-2025,2211.29,2122.84,97.68,18,29,-11,96.00007235595513,Transmission_System,0.0,14.0,1,0
611949,Transmission system for evacuation of power from REZ in Rajasthan 20 GW under Phase-III part C1,2025-07-01,2023-10-01,04-2025,1796.02,1201.17,79.0,18,21,-3,66.87954477121636,Transmission_System,0.0,6.0,1,0
611949,Transmission system for evacuation of power from REZ in Rajasthan 20 GW under Phase-III part C1,2025-08-01,2023-10-01,04-2025,1796.02,1247.87,83.0,18,22,-4,69.47973853297847,Transmission_System,0.0,6.0,1,0
611949,Transmission system for evacuation of power from REZ in Rajasthan 20 GW under Phase-III part C1,2025-09-01,2023-10-01,04-2025,1796.02,1347.01,85.0,18,23,-5,74.99972160666363,Transmission_System,0.0,11.0,1,0
611949,Transmission system for evacuation of power from REZ in Rajasthan 20 GW under Phase-III part C1,2025-10-01,2023-10-01,04-2025,1796.02,1436.81,89.0,18,24,-6,79.99966592799635,Transmission_System,0.0,11.0,1,0
611949,Transmission system for evacuation of power from REZ in Rajasthan 20 GW under Phase-III part C1,2025-11-01,2023-10-01,04-2025,1796.02,1580.49,92.0,18,25,-7,87.99957684212872,Transmission_System,0.0,11.0,1,0
611949,Transmission system for evacuation of power from REZ in Rajasthan 20 GW under Phase-III part C1,2025-12-01,2023-10-01,04-2025,1796.02,1621.79,94.0,18,26,-8,90.29910580060356,Transmission_System,0.0,11.0,1,0
611949,Transmission system for evacuation of power from REZ in Rajasthan 20 GW under Phase-III part C1,2026-02-01,2023-10-01,04-2025,1796.02,1688.25,96.0,18,28,-10,93.99951002772798,Transmission_System,0.0,13.0,1,0
611949,Transmission system for evacuation of power from REZ in Rajasthan 20 GW under Phase-III part C1,2026-03-01,2023-10-01,04-2025,1796.02,1724.17,98.47,18,29,-11,95.99948775626108,Transmission_System,0.0,13.0,1,0
611950,Transmission system for evacuation of power from REZ in Rajasthan 20 GW under Phase-III part B1,2025-07-01,2023-09-01,04-2025,2190.54,1740.6,77.0,19,22,-3,79.45985921279684,Transmission_System,0.0,8.0,1,0
611950,Transmission system for evacuation of power from REZ in Rajasthan 20 GW under Phase-III part B1,2025-08-01,2023-09-01,04-2025,2190.54,1870.72,83.0,19,23,-4,85.39994704502087,Transmission_System,0.0,8.0,1,0
611950,Transmission system for evacuation of power from REZ in Rajasthan 20 GW under Phase-III part B1,2025-09-01,2023-09-01,04-2025,2190.54,1905.77,89.0,19,24,-5,87.00000913016882,Transmission_System,0.0,8.0,1,0
611950,Transmission system for evacuation of power from REZ in Rajasthan 20 GW under Phase-III part B1,2025-10-01,2023-09-01,04-2025,2190.54,1949.58,91.0,19,25,-6,88.99997260949355,Transmission_System,0.0,8.0,1,0
611950,Transmission system for evacuation of power from REZ in Rajasthan 20 GW under Phase-III part B1,2025-11-01,2023-09-01,04-2025,2190.54,2000.84,96.0,19,26,-7,91.34003487724488,Transmission_System,0.0,8.0,1,0
611950,Transmission system for evacuation of power from REZ in Rajasthan 20 GW under Phase-III part B1,2025-12-01,2023-09-01,04-2025,2190.54,2079.44,98.0,19,27,-8,94.9281912222557,Transmission_System,0.0,9.0,1,0
611950,Transmission system for evacuation of power from REZ in Rajasthan 20 GW under Phase-III part B1,2026-01-01,2023-09-01,04-2025,2190.54,2139.44,99.0,19,28,-9,97.66724186730214,Transmission_System,0.0,10.0,1,0
611951,Transmission system for evacuation of power from REZ in Rajasthan 20GW under Phase-III Part E1,2025-07-01,2023-08-01,02-2025,688.74,585.42,93.0,18,23,-5,84.99869326596394,Transmission_System,0.0,7.0,1,0
611951,Transmission system for evacuation of power from REZ in Rajasthan 20GW under Phase-III Part E1,2025-08-01,2023-08-01,02-2025,688.74,587.42,96.0,18,24,-6,85.2890786073119,Transmission_System,0.0,7.0,1,0
611951,Transmission system for evacuation of power from REZ in Rajasthan 20GW under Phase-III Part E1,2025-09-01,2023-08-01,02-2025,688.74,633.42,97.0,18,25,-7,91.96794145831517,Transmission_System,0.0,7.0,1,0
611951,Transmission system for evacuation of power from REZ in Rajasthan 20GW under Phase-III Part E1,2025-10-01,2023-08-01,02-2025,688.74,654.3,97.0,18,26,-8,94.99956442198796,Transmission_System,0.0,10.0,1,0
611951,Transmission system for evacuation of power from REZ in Rajasthan 20GW under Phase-III Part E1,2025-11-01,2023-08-01,02-2025,688.74,668.0,98.0,18,27,-9,96.98870401022155,Transmission_System,0.0,10.0,1,0
611951,Transmission system for evacuation of power from REZ in Rajasthan 20GW under Phase-III Part E1,2025-12-01,2023-08-01,02-2025,688.74,685.29,99.0,18,28,-10,99.49908528617476,Transmission_System,0.0,11.0,1,0
611951,Transmission system for evacuation of power from REZ in Rajasthan 20GW under Phase-III Part E1,2026-01-01,2023-08-01,02-2025,688.74,685.98,99.0,18,29,-11,99.5992682289398,Transmission_System,0.0,12.0,1,0
611951,Transmission system for evacuation of power from REZ in Rajasthan 20GW under Phase-III Part E1,2026-02-01,2023-08-01,02-2025,688.74,686.67,99.0,18,30,-12,99.69945117170484,Transmission_System,0.0,12.0,1,0
611951,Transmission system for evacuation of power from REZ in Rajasthan 20GW under Phase-III Part E1,2026-03-01,2023-08-01,02-2025,688.74,686.67,99.7,18,31,-13,99.69945117170484,Transmission_System,0.0,14.0,1,0
611966,Transmission System for Evacuation of power from Potential RE Zone in Khavda Area of Gujarat under phase IV 7GW-Part E4,2025-07-01,2023-11-01,07-2025,224.41,22.44,9.0,20,20,0,9.9995543870594,Transmission_System,0.0,4.0,1,0
611966,Transmission System for Evacuation of power from Potential RE Zone in Khavda Area of Gujarat under phase IV 7GW-Part E4,2025-08-01,2023-11-01,07-2025,224.41,24.64,10.0,20,21,-1,10.97990285637895,Transmission_System,0.0,5.0,1,0
611966,Transmission System for Evacuation of power from Potential RE Zone in Khavda Area of Gujarat under phase IV 7GW-Part E4,2025-09-01,2023-11-01,07-2025,224.41,25.8,12.0,20,22,-2,11.496813867474712,Transmission_System,0.0,5.0,1,0
611966,Transmission System for Evacuation of power from Potential RE Zone in Khavda Area of Gujarat under phase IV 7GW-Part E4,2025-10-01,2023-11-01,07-2025,224.41,33.66,18.0,20,23,-3,14.999331580589098,Transmission_System,0.0,8.0,1,0
611966,Transmission System for Evacuation of power from Potential RE Zone in Khavda Area of Gujarat under phase IV 7GW-Part E4,2025-11-01,2023-11-01,07-2025,224.41,89.66,44.0,20,24,-4,39.95365625417762,Transmission_System,0.0,8.0,1,0
611966,Transmission System for Evacuation of power from Potential RE Zone in Khavda Area of Gujarat under phase IV 7GW-Part E4,2025-12-01,2023-11-01,07-2025,224.41,109.96,49.0,20,25,-5,48.99959894835346,Transmission_System,0.0,8.0,1,0
611966,Transmission System for Evacuation of power from Potential RE Zone in Khavda Area of Gujarat under phase IV 7GW-Part E4,2026-01-01,2023-11-01,07-2025,224.41,121.18,63.0,20,26,-6,53.99937614188316,Transmission_System,0.0,8.0,1,0
611966,Transmission System for Evacuation of power from Potential RE Zone in Khavda Area of Gujarat under phase IV 7GW-Part E4,2026-02-01,2023-11-01,07-2025,224.41,161.57,74.0,20,27,-7,71.99768281270887,Transmission_System,0.0,8.0,1,0
611966,Transmission System for Evacuation of power from Potential RE Zone in Khavda Area of Gujarat under phase IV 7GW-Part E4,2026-03-01,2023-11-01,07-2025,224.41,197.47,90.8,20,28,-8,87.99518738024152,Transmission_System,0.0,9.0,1,0
611966,Transmission System for Evacuation of power from Potential RE Zone in Khavda Area of Gujarat under phase IV 7GW-Part E4,2026-04-01,2023-11-01,07-2025,224.41,206.45,94.8,20,29,-9,91.99679158682768,Transmission_System,0.0,9.0,1,0
611966,Transmission System for Evacuation of power from Potential RE Zone in Khavda Area of Gujarat under phase IV 7GW-Part E4,2026-05-01,2023-11-01,07-2025,224.41,215.43,99.6,20,30,-10,95.99839579341383,Transmission_System,0.0,10.0,1,0
611966,Transmission System for Evacuation of power from Potential RE Zone in Khavda Area of Gujarat under phase IV 7GW-Part E4,2026-06-01,2023-11-01,07-2025,224.41,224.41,100.0,20,31,-11,100.0,Transmission_System,0.0,10.0,1,0
611967,Transmission Scheme for Solar Energy Zone in Ananthpuram 2500MW and Kurnool 1000MW,2025-07-01,2023-09-01,09-2025,1248.69,820.26,78.0,24,22,2,65.68964274559738,Transmission_System,0.0,7.0,1,0
611967,Transmission Scheme for Solar Energy Zone in Ananthpuram 2500MW and Kurnool 1000MW,2025-08-01,2023-09-01,09-2025,1248.69,860.97,82.0,24,23,1,68.94985945270643,Transmission_System,0.0,7.0,1,0
611967,Transmission Scheme for Solar Energy Zone in Ananthpuram 2500MW and Kurnool 1000MW,2025-09-01,2023-09-01,09-2025,1248.69,924.03,84.0,24,24,0,73.99995194964322,Transmission_System,0.0,6.0,1,0
611967,Transmission Scheme for Solar Energy Zone in Ananthpuram 2500MW and Kurnool 1000MW,2025-10-01,2023-09-01,09-2025,1248.69,998.95,87.0,24,25,-1,79.99983983214408,Transmission_System,0.0,6.0,1,0
611967,Transmission Scheme for Solar Energy Zone in Ananthpuram 2500MW and Kurnool 1000MW,2025-11-01,2023-09-01,09-2025,1248.69,1023.92,90.0,24,26,-2,81.99953551321785,Transmission_System,0.0,6.0,1,0
611967,Transmission Scheme for Solar Energy Zone in Ananthpuram 2500MW and Kurnool 1000MW,2025-12-01,2023-09-01,09-2025,1248.69,1077.61,91.0,24,27,-3,86.29924160520224,Transmission_System,0.0,6.0,1,0
611967,Transmission Scheme for Solar Energy Zone in Ananthpuram 2500MW and Kurnool 1000MW,2026-01-01,2023-09-01,09-2025,1248.69,1102.46,93.0,24,28,-4,88.28932721492123,Transmission_System,0.0,6.0,1,0
611967,Transmission Scheme for Solar Energy Zone in Ananthpuram 2500MW and Kurnool 1000MW,2026-02-01,2023-09-01,09-2025,1248.69,1173.76,96.0,24,29,-5,93.99931127821957,Transmission_System,0.0,6.0,1,0
611967,Transmission Scheme for Solar Energy Zone in Ananthpuram 2500MW and Kurnool 1000MW,2026-03-01,2023-09-01,09-2025,1248.69,1198.74,97.52,24,30,-6,95.9998077985729,Transmission_System,0.0,7.0,1,0
612134,Transmission System for Evacuation of power from Rajasthan REZ Ph-IV [Part-1] [Bikaner Complex] Part A [Bikaner Neemrana  Transmission Ltd],2025-07-01,2023-12-01,12-2025,2998.34,1592.11,49.0,24,19,5,53.099715175730566,Transmission_System,0.0,3.0,1,0
612134,Transmission System for Evacuation of power from Rajasthan REZ Ph-IV [Part-1] [Bikaner Complex] Part A [Bikaner Neemrana  Transmission Ltd],2025-08-01,2023-12-01,12-2025,2998.34,1703.11,51.0,24,20,4,56.80176364254888,Transmission_System,0.0,3.0,1,0
612134,Transmission System for Evacuation of power from Rajasthan REZ Ph-IV [Part-1] [Bikaner Complex] Part A [Bikaner Neemrana  Transmission Ltd],2025-09-01,2023-12-01,12-2025,2998.34,1978.9,54.0,24,21,3,65.99985325213285,Transmission_System,0.0,6.0,1,0
612134,Transmission System for Evacuation of power from Rajasthan REZ Ph-IV [Part-1] [Bikaner Complex] Part A [Bikaner Neemrana  Transmission Ltd],2025-10-01,2023-12-01,12-2025,2998.34,2008.88,57.0,24,22,2,66.99973985605368,Transmission_System,0.0,6.0,1,0
612134,Transmission System for Evacuation of power from Rajasthan REZ Ph-IV [Part-1] [Bikaner Complex] Part A [Bikaner Neemrana  Transmission Ltd],2025-11-01,2023-12-01,12-2025,2998.34,2098.83,60.0,24,23,1,69.99973318569607,Transmission_System,0.0,6.0,1,0
612134,Transmission System for Evacuation of power from Rajasthan REZ Ph-IV [Part-1] [Bikaner Complex] Part A [Bikaner Neemrana  Transmission Ltd],2025-12-01,2023-12-01,12-2025,2998.34,2158.8,62.0,24,24,0,71.99983991141765,Transmission_System,0.0,6.0,1,0
612134,Transmission System for Evacuation of power from Rajasthan REZ Ph-IV [Part-1] [Bikaner Complex] Part A [Bikaner Neemrana Transmission Ltd],2026-01-01,2023-12-01,12-2025,2998.34,2248.75,64.0,24,25,-1,74.99983324106006,Transmission_System,0.0,6.0,1,0
612134,Transmission System for Evacuation of power from Rajasthan REZ Ph-IV [Part-1] [Bikaner Complex] Part A [Bikaner Neemrana  Transmission Ltd],2026-02-01,2023-12-01,12-2025,2998.34,2278.73,65.0,24,26,-2,75.99971984498089,Transmission_System,0.0,6.0,1,0
612134,Transmission System for Evacuation of power from Rajasthan REZ Ph-IV [Part-1] [Bikaner Complex] Part A [Bikaner Neemrana  Transmission Ltd],2026-03-01,2023-12-01,12-2025,2998.34,2278.73,68.21,24,27,-3,75.99971984498089,Transmission_System,0.0,12.0,1,0
612138,"Transmission Scheme for Solar Energy Zone in Bidar [2500 MW], Karnataka [Bidar Transmission Ltd]",2025-09-01,2024-02-01,02-2026,2147.62,1310.04,64.0,24,19,5,60.9996181819875,Transmission_System,0.0,4.0,1,0
612138,"Transmission Scheme for Solar Energy Zone in Bidar [2500 MW], Karnataka [Bidar Transmission Ltd]",2025-10-01,2024-02-01,02-2026,2147.62,1438.9,67.0,24,20,4,66.99974855886983,Transmission_System,0.0,4.0,1,0
612138,"Transmission Scheme for Solar Energy Zone in Bidar [2500 MW], Karnataka [Bidar Transmission Ltd]",2025-11-01,2024-02-01,02-2026,2147.62,1505.69,71.0,24,21,3,70.10970283383467,Transmission_System,0.0,4.0,1,0
612138,"Transmission Scheme for Solar Energy Zone in Bidar [2500 MW], Karnataka [Bidar Transmission Ltd]",2025-12-01,2024-02-01,02-2026,2147.62,1685.45,79.0,24,22,2,78.47989867853717,Transmission_System,0.0,4.0,1,0
612138,"Transmission Scheme for Solar Energy Zone in Bidar [2500 MW], Karnataka [Bidar Transmission Ltd]",2026-01-01,2024-02-01,02-2026,2147.62,1769.42,82.0,24,23,1,82.38980825285665,Transmission_System,0.0,4.0,1,0
612138,"Transmission Scheme for Solar Energy Zone in Bidar [2500 MW], Karnataka [Bidar Transmission Ltd]",2026-03-01,2024-02-01,02-2026,2147.62,1825.47,87.32,24,25,-1,84.99967405779422,Transmission_System,0.0,4.0,1,0
612139,Transmission system for Evacuation of Additional 7 GW RE power from Khavda RE park under Phase-III Part B [Vataman Transmission Limited],2025-07-01,2023-12-01,12-2025,3751.82,1500.72,21.0,24,19,5,39.999786770154216,Transmission_System,0.0,6.0,1,0
612139,Transmission system for Evacuation of Additional 7 GW RE power from Khavda RE park under Phase-III Part B [Vataman Transmission Limited],2025-08-01,2023-12-01,12-2025,3751.82,1575.72,22.0,24,20,4,41.998816574355914,Transmission_System,0.0,6.0,1,0
612139,Transmission system for Evacuation of Additional 7 GW RE power from Khavda RE park under Phase-III Part B [Vataman Transmission Limited],2025-09-01,2023-12-01,12-2025,3751.82,1688.32,25.0,24,21,3,45.00002665373072,Transmission_System,0.0,12.0,1,0
612139,Transmission system for Evacuation of Additional 7 GW RE power from Khavda RE park under Phase-III Part B [Vataman Transmission Limited],2025-10-01,2023-12-01,12-2025,3751.82,1688.32,28.0,24,22,2,45.00002665373072,Transmission_System,0.0,12.0,1,0
612139,Transmission system for Evacuation of Additional 7 GW RE power from Khavda RE park under Phase-III Part B [Vataman Transmission Limited],2025-11-01,2023-12-01,12-2025,3751.82,2025.98,32.0,24,23,1,53.99992536955397,Transmission_System,0.0,12.0,1,0
612139,Transmission system for Evacuation of Additional 7 GW RE power from Khavda RE park under Phase-III Part B [Vataman Transmission Limited],2025-12-01,2023-12-01,12-2025,3751.82,2101.02,38.0,24,24,0,56.00002132298457,Transmission_System,0.0,12.0,1,0
612139,Transmission system for Evacuation of Additional 7 GW RE power from Khavda RE park under Phase-III Part B [Vataman Transmission Limited],2026-01-01,2023-12-01,12-2025,3751.82,2138.53,42.0,24,25,-1,56.99980276239266,Transmission_System,0.0,12.0,1,0
612139,Transmission system for Evacuation of Additional 7 GW RE power from Khavda RE park under Phase-III Part B [Vataman Transmission Limited],2026-02-01,2023-12-01,12-2025,3751.82,2176.05,50.0,24,26,-2,57.99985073910795,Transmission_System,0.0,12.0,1,0
612139,Transmission system for Evacuation of Additional 7 GW RE power from Khavda RE park under Phase-III Part B [Vataman Transmission Limited],2026-03-01,2023-12-01,12-2025,3751.82,2194.81,55.23,24,27,-3,58.499874727465595,Transmission_System,0.0,12.0,1,0
612140,Transmission Scheme for Integration of Renewable Energy Zone [Phase II] in Koppal II [Phase A&B] and gadag II[Phase A] in Karnataka [POWERGRID KOPPAL GADAG TRANSMISSION LIMITED],2025-08-01,2023-12-01,12-2025,2889.39,1332.21,46.0,24,20,4,46.10696375359505,Transmission_System,0.0,3.0,1,0
612140,Transmission Scheme for Integration of Renewable Energy Zone [Phase II] in Koppal II [Phase A&B] and gadag II[Phase A] in Karnataka [POWERGRID KOPPAL GADAG TRANSMISSION LIMITED],2025-09-01,2023-12-01,12-2025,2889.39,1462.89,50.0,24,21,3,50.6297176912774,Transmission_System,0.0,3.0,1,0
612140,Transmission Scheme for Integration of Renewable Energy Zone [Phase II] in Koppal II [Phase A&B] and gadag II[Phase A] in Karnataka [POWERGRID KOPPAL GADAG TRANSMISSION LIMITED],2025-10-01,2023-12-01,12-2025,2889.39,1533.89,54.0,24,22,2,53.08698375781739,Transmission_System,0.0,6.0,1,0
612140,Transmission Scheme for Integration of Renewable Energy Zone [Phase II] in Koppal II [Phase A&B] and gadag II[Phase A] in Karnataka [POWERGRID KOPPAL GADAG TRANSMISSION LIMITED],2025-11-01,2023-12-01,12-2025,2889.39,1733.63,61.0,24,23,1,59.99986156247513,Transmission_System,0.0,6.0,1,0
612140,Transmission Scheme for Integration of Renewable Energy Zone [Phase II] in Koppal II [Phase A&B] and gadag II[Phase A] in Karnataka [POWERGRID KOPPAL GADAG TRANSMISSION LIMITED],2025-12-01,2023-12-01,12-2025,2889.39,1841.69,68.0,24,24,0,63.73975129698657,Transmission_System,0.0,6.0,1,0
612140,Transmission Scheme for Integration of Renewable Energy Zone [Phase II] in Koppal II [Phase A&B] and gadag II[Phase A] in Karnataka [POWERGRID KOPPAL GADAG TRANSMISSION LIMITED],2026-01-01,2023-12-01,12-2025,2889.39,2033.26,72.0,24,25,-1,70.36987045708611,Transmission_System,0.0,6.0,1,0
612140,Transmission Scheme for Integration of Renewable Energy Zone [Phase II] in Koppal II [Phase A&B] and gadag II[Phase A] in Karnataka [POWERGRID KOPPAL GADAG TRANSMISSION LIMITED],2026-02-01,2023-12-01,12-2025,2889.39,2080.36,76.0,24,26,-2,71.99997231249503,Transmission_System,0.0,6.0,1,0
612140,Transmission Scheme for Integration of Renewable Energy Zone [Phase II] in Koppal II [Phase A&B] and gadag II[Phase A] in Karnataka [POWERGRID KOPPAL GADAG TRANSMISSION LIMITED],2026-03-01,2023-12-01,12-2025,2889.39,2224.83,80.41,24,27,-3,76.99998961718563,Transmission_System,0.0,9.0,1,0
612856,Augmentation of 1x1500 MVA 3rd  765/400 kV transformation capacity at Kurnool New Substation,2025-07-01,2023-12-01,09-2025,163.61,50.72,39.0,21,19,2,31.000550088625385,Substation_Grid_Equipment,0.0,2.0,1,0
612856,Augmentation of 1x1500 MVA 3rd  765/400 kV transformation capacity at Kurnool New Substation,2025-08-01,2023-12-01,09-2025,163.61,60.53,42.0,21,20,1,36.99651610537253,Substation_Grid_Equipment,0.0,2.0,1,0
612856,Augmentation of 1x1500 MVA 3rd  765/400 kV transformation capacity at Kurnool New Substation,2025-09-01,2023-12-01,09-2025,163.61,71.98,56.0,21,21,0,43.99486583949636,Substation_Grid_Equipment,0.0,4.0,1,0
612856,Augmentation of 1x1500 MVA 3rd  765/400 kV transformation capacity at Kurnool New Substation,2025-10-01,2023-12-01,09-2025,163.61,85.07,62.0,21,22,-1,51.99559929099687,Substation_Grid_Equipment,0.0,4.0,1,0
612856,Augmentation of 1x1500 MVA 3rd  765/400 kV transformation capacity at Kurnool New Substation,2025-11-01,2023-12-01,09-2025,163.61,88.34,82.0,21,23,-2,53.9942546299126,Substation_Grid_Equipment,0.0,4.0,1,0
612856,Augmentation of 1x1500 MVA 3rd  765/400 kV transformation capacity at Kurnool New Substation,2025-12-01,2023-12-01,09-2025,163.61,111.04,82.0,21,24,-3,67.868712181407,Substation_Grid_Equipment,0.0,6.0,1,0
612856,Augmentation of 1x1500 MVA 3rd  765/400 kV transformation capacity at Kurnool New Substation,2026-01-01,2023-12-01,09-2025,163.61,134.08,83.0,21,25,-4,81.95098099138195,Substation_Grid_Equipment,0.0,6.0,1,0
612856,Augmentation of 1x1500 MVA 3rd  765/400 kV transformation capacity at Kurnool New Substation,2026-02-01,2023-12-01,09-2025,163.61,145.61,91.0,21,26,-5,88.99822749220708,Substation_Grid_Equipment,0.0,6.0,1,0
617179,Transmission Scheme for evacuation of Power from Ratle HEP [850 MW] & kiru [624 MW] Part B,2025-09-01,2024-07-01,07-2026,218.6,1.01,0.0,24,14,10,0.4620311070448308,Transmission_System,0.0,8.0,1,0
617179,Transmission Scheme for evacuation of Power from Ratle HEP [850 MW] & kiru [624 MW] Part B,2025-10-01,2024-07-01,07-2026,218.6,2.11,0.0,24,15,9,0.9652333028362304,Transmission_System,0.0,8.0,1,0
617179,Transmission Scheme for evacuation of Power from Ratle HEP [850 MW] & kiru [624 MW] Part B,2026-01-01,2024-07-01,07-2026,218.6,2.71,1.0,24,18,6,1.2397072278133576,Transmission_System,0.0,8.0,1,0
617179,Transmission Scheme for evacuation of Power from Ratle HEP [850 MW] & kiru [624 MW] Part B,2026-02-01,2024-07-01,07-2026,218.6,3.28,1.0,24,19,5,1.5004574565416284,Transmission_System,0.0,8.0,1,0
617179,Transmission Scheme for evacuation of Power from Ratle HEP [850 MW] & kiru [624 MW] Part B,2026-03-01,2024-07-01,07-2026,218.6,3.28,1.5,24,20,4,1.5004574565416284,Transmission_System,0.0,11.0,1,0
617179,Transmission Scheme for evacuation of Power from Ratle HEP [850 MW] & kiru [624 MW] Part B,2026-04-01,2024-07-01,07-2026,218.6,3.72,1.7,24,21,3,1.7017383348581887,Transmission_System,0.0,11.0,1,0
617179,Transmission Scheme for evacuation of Power from Ratle HEP [850 MW] & kiru [624 MW] Part B,2026-05-01,2024-07-01,07-2026,218.6,3.72,1.7,24,22,2,1.7017383348581887,Transmission_System,0.0,11.0,1,0
617179,Transmission Scheme for evacuation of Power from Ratle HEP [850 MW] & kiru [624 MW] Part B,2026-06-01,2024-07-01,07-2026,218.6,3.72,1.7,24,23,1,1.7017383348581887,Transmission_System,0.0,11.0,1,0
617269,Transmission System for Strengthening to facilitate evacuation of power from Bhadla/Bikaner Complex,2026-06-01,2024-12-01,06-2026,212.81,9.98,11.17,18,18,0,4.689629246745923,Transmission_System,0.0,6.0,1,0
617270,Eastern Region  Expansion Scheme-44 [ERES-44],2025-10-01,2024-11-01,05-2026,408.94,0.32,0.0,18,11,7,0.0782510881791949,Transmission_System,0.0,10.0,1,0
617270,Eastern Region  Expansion Scheme-44 [ERES-44],2025-11-01,2024-11-01,05-2026,408.94,0.32,0.0,18,12,6,0.0782510881791949,Transmission_System,0.0,1.0,1,0
617270,Eastern Region  Expansion Scheme-44 [ERES-44],2025-12-01,2024-11-01,05-2026,408.94,0.4,0.0,18,13,5,0.0978138602239937,Transmission_System,0.0,10.0,1,0
617270,Eastern Region  Expansion Scheme-44 [ERES-44],2026-01-01,2024-11-01,05-2026,408.94,2.04,0.0,18,14,4,0.4988506871423681,Transmission_System,0.0,10.0,1,0
617270,Eastern Region  Expansion Scheme-44 [ERES-44],2026-02-01,2024-11-01,05-2026,408.94,4.09,1.0,18,15,3,1.0001467207903358,Transmission_System,0.0,10.0,1,0
617270,Eastern Region  Expansion Scheme-44 [ERES-44],2026-03-01,2024-11-01,05-2026,408.94,4.09,1.1,18,16,2,1.0001467207903358,Transmission_System,0.0,13.0,1,0
617270,Eastern Region  Expansion Scheme-44 [ERES-44],2026-04-01,2024-11-01,05-2026,408.94,6.13,1.5,18,17,1,1.4989974079327042,Transmission_System,0.0,13.0,1,0
617270,Eastern Region  Expansion Scheme-44 [ERES-44],2026-05-01,2024-11-01,05-2026,408.94,6.13,1.5,18,18,0,1.4989974079327042,Transmission_System,0.0,13.0,1,0
617270,Eastern Region  Expansion Scheme-44 [ERES-44],2026-06-01,2024-11-01,05-2026,408.94,6.13,1.5,18,19,-1,1.4989974079327042,Transmission_System,0.0,13.0,1,0
617271,Eastern Region  Expansion Scheme-43 [ERES-43],2025-09-01,2024-09-01,03-2026,342.69,0.7,0.0,18,12,6,0.2042662464618168,Transmission_System,0.0,3.0,1,0
617271,Eastern Region  Expansion Scheme-43 [ERES-43],2025-11-01,2024-09-01,03-2026,342.69,0.71,0.0,18,14,4,0.2071843356969855,Transmission_System,0.0,3.0,1,0
617271,Eastern Region  Expansion Scheme-43 [ERES-43],2025-12-01,2024-09-01,03-2026,342.69,6.85,4.0,18,15,3,1.9988911260906357,Transmission_System,0.0,3.0,1,0
617271,Eastern Region  Expansion Scheme-43 [ERES-43],2026-01-01,2024-09-01,03-2026,342.69,41.22,9.0,18,16,2,12.02836382736584,Transmission_System,0.0,3.0,1,0
617271,Eastern Region  Expansion Scheme-43 [ERES-43],2026-02-01,2024-09-01,03-2026,342.69,61.3,21.0,18,17,1,17.887887011584812,Transmission_System,0.0,3.0,1,0
617271,Eastern Region  Expansion Scheme-43 [ERES-43],2026-03-01,2024-09-01,03-2026,342.69,97.66,29.36,18,18,0,28.49805947065861,Transmission_System,0.0,3.0,1,0
617271,Eastern Region  Expansion Scheme-43 [ERES-43],2026-04-01,2024-09-01,03-2026,342.69,102.8,29.73,18,19,-1,29.99795733753538,Transmission_System,0.0,6.0,1,0
617271,Eastern Region  Expansion Scheme-43 [ERES-43],2026-05-01,2024-09-01,03-2026,342.69,119.94,29.73,18,20,-2,34.99956228661472,Transmission_System,0.0,6.0,1,0
617271,Eastern Region  Expansion Scheme-43 [ERES-43],2026-06-01,2024-09-01,03-2026,342.69,137.07,29.73,18,21,-3,39.998249146458896,Transmission_System,0.0,6.0,1,0
617326,Implementation of Transmission Systems in the State of Jharkhand consisting of 400/220/132/33 kV transmission lines and substations under Jharkhand Consultancy Project,2025-12-01,2012-02-01,03-2026,1842.25,1648.05,95.0,169,166,3,89.4585425430859,Substation_Grid_Equipment,0.0,5.0,1,0
617326,Implementation of Transmission Systems in the State of Jharkhand consisting of 400/220/132/33 kV transmission lines and substations under Jharkhand Consultancy Project,2026-01-01,2012-02-01,03-2026,1842.25,1648.05,95.0,169,167,2,89.4585425430859,Substation_Grid_Equipment,0.0,5.0,1,0
617326,Implementation of Transmission Systems in the State of Jharkhand consisting of 400/220/132/33 kV transmission lines and substations under Jharkhand Consultancy Project,2026-02-01,2012-02-01,03-2026,1842.25,1648.05,95.0,169,168,1,89.4585425430859,Substation_Grid_Equipment,0.0,5.0,1,0
617326,Implementation of Transmission Systems in the State of Jharkhand consisting of 400/220/132/33 kV transmission lines and substations under Jharkhand Consultancy Project,2026-03-01,2012-02-01,03-2026,1842.25,1648.05,95.4,169,169,0,89.4585425430859,Substation_Grid_Equipment,0.0,5.0,1,0
617326,Implementation of Transmission Systems in the State of Jharkhand consisting of 400/220/132/33 kV transmission lines and substations under Jharkhand Consultancy Project,2026-04-01,2012-02-01,03-2026,1842.25,1648.05,96.0,169,170,-1,89.4585425430859,Substation_Grid_Equipment,0.0,5.0,1,0
617326,Implementation of Transmission Systems in the State of Jharkhand consisting of 400/220/132/33 kV transmission lines and substations under Jharkhand Consultancy Project,2026-05-01,2012-02-01,03-2026,1842.25,1648.05,96.2,169,171,-2,89.4585425430859,Substation_Grid_Equipment,0.0,5.0,1,0
617326,Implementation of Transmission Systems in the State of Jharkhand consisting of 400/220/132/33 kV transmission lines and substations under Jharkhand Consultancy Project,2026-06-01,2012-02-01,03-2026,1842.25,1648.05,96.3,169,172,-3,89.4585425430859,Substation_Grid_Equipment,0.0,5.0,1,0
617391,Augmentation of Transformation Capacity at Bhuj-II PS [GIS],2025-09-01,2025-02-01,11-2026,488.29,0.11,0.0,21,7,14,0.0225275963054742,Substation_Grid_Equipment,0.0,4.0,1,0
617391,Augmentation of Transformation Capacity at Bhuj-II PS [GIS],2025-10-01,2025-02-01,11-2026,488.29,0.12,0.0,21,8,13,0.0245755596059718,Substation_Grid_Equipment,0.0,4.0,1,0
617391,Augmentation of Transformation Capacity at Bhuj-II PS [GIS],2025-11-01,2025-02-01,11-2026,488.29,0.22,0.0,21,9,12,0.0450551926109484,Substation_Grid_Equipment,0.0,4.0,1,0
617391,Augmentation of Transformation Capacity at Bhuj-II PS [GIS],2025-12-01,2025-02-01,11-2026,488.29,0.98,0.0,21,10,11,0.2007004034487702,Substation_Grid_Equipment,0.0,4.0,1,0
617391,Augmentation of Transformation Capacity at Bhuj-II PS [GIS],2026-01-01,2025-02-01,11-2026,488.29,2.44,0.0,21,11,10,0.4997030453214278,Substation_Grid_Equipment,0.0,4.0,1,0
617391,Augmentation of Transformation Capacity at Bhuj-II PS [GIS],2026-03-01,2025-02-01,11-2026,488.29,4.88,1.0,21,13,8,0.9994060906428556,Substation_Grid_Equipment,0.0,7.0,1,0
617391,Augmentation of Transformation Capacity at Bhuj-II PS [GIS],2026-04-01,2025-02-01,11-2026,488.29,5.86,1.5,21,14,7,1.200106494091626,Substation_Grid_Equipment,0.0,7.0,1,0
617391,Augmentation of Transformation Capacity at Bhuj-II PS [GIS],2026-05-01,2025-02-01,11-2026,488.29,5.86,2.7,21,15,6,1.200106494091626,Substation_Grid_Equipment,0.0,7.0,1,0
617391,Augmentation of Transformation Capacity at Bhuj-II PS [GIS],2026-06-01,2025-02-01,11-2026,488.29,9.76,4.5,21,16,5,1.9988121812857111,Substation_Grid_Equipment,0.0,7.0,1,0
617801,Provision of ICT Augmentation & Bus Reactor at Bhuj-II PS,2025-10-01,2025-03-01,12-2026,581.74,0.2,0.0,21,7,14,0.0343796197614054,Substation_Grid_Equipment,0.0,3.0,1,0
617801,Provision of ICT Augmentation & Bus Reactor at Bhuj-II PS,2025-11-01,2025-03-01,12-2026,581.74,0.2,0.0,21,8,13,0.0343796197614054,Substation_Grid_Equipment,0.0,3.0,1,0
617801,Provision of ICT Augmentation & Bus Reactor at Bhuj-II PS,2025-12-01,2025-03-01,12-2026,581.74,1.16,0.0,21,9,12,0.1994017946161515,Substation_Grid_Equipment,0.0,3.0,1,0
617801,Provision of ICT Augmentation & Bus Reactor at Bhuj-II PS,2026-01-01,2025-03-01,12-2026,581.74,2.91,0.0,21,10,11,0.5002234675284492,Substation_Grid_Equipment,0.0,3.0,1,0
617801,Provision of ICT Augmentation & Bus Reactor at Bhuj-II PS,2026-02-01,2025-03-01,12-2026,581.74,5.81,1.0,21,11,10,0.998727954068828,Substation_Grid_Equipment,0.0,3.0,1,0
617801,Provision of ICT Augmentation & Bus Reactor at Bhuj-II PS,2026-03-01,2025-03-01,12-2026,581.74,6.98,1.2,21,12,9,1.1998487296730498,Substation_Grid_Equipment,0.0,6.0,1,0
617801,Provision of ICT Augmentation & Bus Reactor at Bhuj-II PS,2026-04-01,2025-03-01,12-2026,581.74,7.08,1.5,21,13,8,1.2170385395537524,Substation_Grid_Equipment,0.0,6.0,1,0
617801,Provision of ICT Augmentation & Bus Reactor at Bhuj-II PS,2026-05-01,2025-03-01,12-2026,581.74,11.63,2.0,21,14,7,1.9991748891257264,Substation_Grid_Equipment,0.0,6.0,1,0
617801,Provision of ICT Augmentation & Bus Reactor at Bhuj-II PS,2026-06-01,2025-03-01,12-2026,581.74,17.45,6.0,21,15,6,2.9996218241826247,Substation_Grid_Equipment,0.0,6.0,1,0
619029,Transmission System for Reliable Power Supply to Dholera,2026-02-01,2024-09-01,03-2026,319.42,19.16,9.0,18,17,1,5.9983720493394275,Transmission_System,0.0,6.0,1,0
619029,Transmission System for Reliable Power Supply to Dholera,2026-03-01,2024-09-01,03-2026,319.42,46.31,15.0,18,18,0,14.49815290213512,Transmission_System,0.0,9.0,1,0
619029,Transmission System for Reliable Power Supply to Dholera,2026-04-01,2024-09-01,03-2026,319.42,51.1,18.0,18,19,-1,15.997745914469975,Transmission_System,0.0,9.0,1,0
619029,Transmission System for Reliable Power Supply to Dholera,2026-05-01,2024-09-01,03-2026,319.42,51.1,21.0,18,20,-2,15.997745914469975,Transmission_System,0.0,9.0,1,0
619029,Transmission System for Reliable Power Supply to Dholera,2026-06-01,2024-09-01,03-2026,319.42,63.88,31.0,18,21,-3,19.998747730261098,Transmission_System,0.0,9.0,1,0
900808,Transmission System for Kurnool Wind Energy Zone/ Solar Energy Zone  Part-A and Part-B,2025-07-01,2023-03-01,11-2024,3546.94,3121.3,94.0,20,28,-8,87.99979700812531,Transmission_System,0.0,13.0,1,0
900808,Transmission System for Kurnool Wind Energy Zone/ Solar Energy Zone  Part-A and Part-B,2025-08-01,2023-03-01,11-2024,3546.94,3192.25,95.0,20,29,-9,90.00011277326372,Transmission_System,0.0,13.0,1,0
900808,Transmission System for Kurnool Wind Energy Zone/ Solar Energy Zone  Part-A and Part-B,2025-09-01,2023-03-01,11-2024,3546.94,3263.18,96.0,20,30,-10,91.99986467208352,Transmission_System,0.0,13.0,1,0
900808,Transmission System for Kurnool Wind Energy Zone/ Solar Energy Zone  Part-A and Part-B,2025-10-01,2023-03-01,11-2024,3546.94,3369.59,97.0,20,31,-11,94.99991542005222,Transmission_System,0.0,14.0,1,0
900808,Transmission System for Kurnool Wind Energy Zone/ Solar Energy Zone  Part-A and Part-B,2025-11-01,2023-03-01,11-2024,3546.94,3404.59,98.0,20,32,-12,95.98668147755532,Transmission_System,0.0,14.0,1,0
900808,Transmission System for Kurnool Wind Energy Zone/ Solar Energy Zone  Part-A and Part-B,2025-12-01,2023-03-01,11-2024,3546.94,3440.49,98.0,20,33,-13,96.99882151939416,Transmission_System,0.0,16.0,1,0
900808,Transmission System for Kurnool Wind Energy Zone/ Solar Energy Zone  Part-A and Part-B,2026-01-01,2023-03-01,11-2024,3546.94,3476.0,99.0,20,34,-14,97.99996616802088,Transmission_System,0.0,16.0,1,0
900808,Transmission System for Kurnool Wind Energy Zone/ Solar Energy Zone  Part-A and Part-B,2026-02-01,2023-03-01,11-2024,3546.94,3511.47,99.0,20,35,-15,98.99998308401044,Transmission_System,0.0,16.0,1,0
900808,Transmission System for Kurnool Wind Energy Zone/ Solar Energy Zone  Part-A and Part-B,2026-03-01,2023-03-01,11-2024,3546.94,3529.2,99.68,20,36,-16,99.49985057542555,Transmission_System,0.0,18.0,1,0
900808,Transmission System for Kurnool Wind Energy Zone/ Solar Energy Zone  Part-A and Part-B,2026-04-01,2023-03-01,11-2024,3546.94,3532.75,99.69,20,37,-17,99.59993684697233,Transmission_System,0.0,18.0,1,0
900808,Transmission System for Kurnool Wind Energy Zone/ Solar Energy Zone  Part-A and Part-B,2026-05-01,2023-03-01,11-2024,3546.94,3532.75,99.69,20,38,-18,99.59993684697233,Transmission_System,0.0,18.0,1,0
N18000184,ESTABLISHMENT OF FIBER OPTIC COMMUNICATION SYSTEM IN NR UNDER FIBER OPTIC EXPANSION PROJECT (ADDITIO,2024-08-01,2015-03-01,03-2018,197.4,161.89,96.0,36,113,-77,82.0111448834853,Other_Power_Transmission,0.0,81.0,1,0
N18000184,ESTABLISHMENT OF FIBER OPTIC COMMUNICATION SYSTEM IN NR UNDER FIBER OPTIC EXPANSION PROJECT (ADDITIO,2024-11-01,2015-03-01,03-2018,197.4,162.89,98.0,36,116,-80,82.5177304964539,Other_Power_Transmission,0.0,81.0,1,0
N18000249,COMPREHENSIVE SCHEME FOR THE STRENGHTENING OF THE TRANSMISSION AND DISTRIBUTION SYSTEM IN A P,2024-08-01,2014-12-01,12-2018,4754.42,6684.4,77.1,48,116,-68,140.59338468204322,Other_Power_Transmission,92.0175331586187,75.0,1,1
N18000249,1123 COMPREHENSIVE SCHEME FOR THE STRENGHTENING OF THE TRANSMISSION AND DISTRIBUTION SYSTEM IN A P,2024-09-01,2014-12-01,12-2018,4754.42,6724.24,77.14,48,117,-69,141.43134178301452,Other_Power_Transmission,92.0175331586187,75.0,1,1
N18000249,COMPREHENSIVE SCHEME FOR THE STRENGHTENING OF THE TRANSMISSION AND DISTRIBUTION SYSTEM IN A P,2024-11-01,2014-12-01,12-2018,4754.42,6869.5,77.6,48,119,-71,144.4866040442367,Other_Power_Transmission,92.0175331586187,75.0,1,1
N18000249,COMPREHENSIVE SCHEME FOR THE STRENGHTENING OF THE TRANSMISSION AND DISTRIBUTION SYSTEM IN A P,2024-12-01,2014-12-01,12-2018,4754.42,6894.16,77.6,48,120,-72,145.0052792980006,Other_Power_Transmission,92.0175331586187,75.0,1,1
N18000249,COMPREHENSIVE SCHEME FOR THE STRENGHTENING OF THE TRANSMISSION AND DISTRIBUTION SYSTEM IN A P,2025-01-01,2014-12-01,12-2018,4754.42,6938.35,77.9,48,121,-73,145.93473020894243,Other_Power_Transmission,92.0175331586187,75.0,1,1
N18000249,COMPREHENSIVE SCHEME FOR THE STRENGHTENING OF THE TRANSMISSION AND DISTRIBUTION SYSTEM IN A P,2025-02-01,2014-12-01,12-2018,4754.42,7009.75,79.5,48,122,-74,147.4364906760446,Other_Power_Transmission,92.0175331586187,75.0,1,1
N18000249,COMPREHENSIVE SCHEME FOR THE STRENGHTENING OF THE TRANSMISSION AND DISTRIBUTION SYSTEM IN A P,2025-03-01,2014-12-01,12-2018,4754.42,7602.44,80.0,48,123,-75,159.9025748671762,Other_Power_Transmission,92.0175331586187,,1,1
N18000249,COMPREHENSIVE SCHEME FOR THE STRENGHTENING OF THE TRANSMISSION AND DISTRIBUTION SYSTEM IN A P,2025-04-01,2018-12-01,03-2025,4754.42,7602.44,81.0,75,76,-1,159.9025748671762,Other_Power_Transmission,92.0175331586187,48.0,1,1
N18000249,COMPREHENSIVE SCHEME FOR THE STRENGHTENING OF THE TRANSMISSION AND DISTRIBUTION SYSTEM IN A P,2025-05-01,2014-12-01,12-2018,4754.42,7602.44,81.5,48,125,-77,159.9025748671762,Other_Power_Transmission,92.0175331586187,,1,1
N18000249,COMPREHENSIVE SCHEME FOR THE STRENGHTENING OF THE TRANSMISSION AND DISTRIBUTION SYSTEM IN A P,2025-06-01,2014-12-01,12-2018,4754.42,7602.44,81.7,48,126,-78,159.9025748671762,Other_Power_Transmission,92.0175331586187,,1,1
N18000250,NORTH EASTERN REGION POWER SYSTEM IMPROVEMENT PROJECT (NERPSIP) FOR SIX (6) STATES,2024-08-01,2014-12-01,12-2018,5111.33,4925.53,95.0,48,116,-68,96.36493828416478,Other_Power_Transmission,31.08134282075311,75.0,1,1
N18000250,NORTH EASTERN REGION POWER SYSTEM IMPROVEMENT PROJECT (NERPSIP) FOR SIX (6) STATES,2024-11-01,2014-12-01,12-2018,5111.33,4987.61,95.3,48,119,-71,97.57949496510692,Other_Power_Transmission,31.08134282075311,75.0,1,1
N18000250,NORTH EASTERN REGION POWER SYSTEM IMPROVEMENT PROJECT (NERPSIP) FOR SIX (6) STATES,2024-12-01,2014-12-01,12-2018,5111.33,5020.56,95.4,48,120,-72,98.22414127047168,Other_Power_Transmission,31.08134282075311,75.0,1,1
N18000250,NORTH EASTERN REGION POWER SYSTEM IMPROVEMENT PROJECT (NERPSIP) FOR SIX (6) STATES,2025-01-01,2014-12-01,12-2018,5111.33,5026.36,95.5,48,121,-73,98.33761467171948,Other_Power_Transmission,31.08134282075311,75.0,1,1
N18000250,NORTH EASTERN REGION POWER SYSTEM IMPROVEMENT PROJECT (NERPSIP) FOR SIX (6) STATES,2025-02-01,2014-12-01,12-2018,5111.33,5066.06,95.6,48,122,-74,99.11432053888127,Other_Power_Transmission,31.08134282075311,78.0,1,1
N18000250,NORTH EASTERN REGION POWER SYSTEM IMPROVEMENT PROJECT (NERPSIP) FOR SIX (6) STATES,2025-03-01,2014-12-01,12-2018,5111.33,5276.39,95.7,48,123,-75,103.22929648447663,Other_Power_Transmission,31.08134282075311,78.0,1,1
N18000250,NORTH EASTERN REGION POWER SYSTEM IMPROVEMENT PROJECT (NERPSIP) FOR SIX (6) STATES,2025-04-01,2018-12-01,03-2025,5111.33,5276.39,95.8,75,76,-1,103.22929648447663,Other_Power_Transmission,31.08134282075311,3.0,1,1
N18000250,NORTH EASTERN REGION POWER SYSTEM IMPROVEMENT PROJECT (NERPSIP) FOR SIX (6) STATES,2025-05-01,2014-12-01,12-2018,5111.33,5276.39,95.9,48,125,-77,103.22929648447663,Other_Power_Transmission,31.08134282075311,81.0,1,1
N18000250,NORTH EASTERN REGION POWER SYSTEM IMPROVEMENT PROJECT (NERPSIP) FOR SIX (6) STATES,2025-06-01,2014-12-01,12-2018,5111.33,5230.02,96.0,48,126,-78,102.32209620587987,Other_Power_Transmission,31.08134282075311,81.0,1,1
N18000264,HVDC BIPOLE LINK BETWEEN WR AND SR -NORTH TRICHUR - SCHEME -II AC SYSTEM STRENGTHENING AT PUGALUR EN,2024-08-01,2017-08-01,02-2020,1931.39,1962.64,99.0,30,84,-54,101.61800568502476,Substation_Grid_Equipment,36.45871626134546,67.0,1,1
N18000264,HVDC BIPOLE LINK BETWEEN WR AND SR -NORTH TRICHUR - SCHEME -II AC SYSTEM STRENGTHENING AT PUGALUR EN,2024-11-01,2017-08-01,02-2020,1931.39,1972.44,99.0,30,87,-57,102.12541226784856,Substation_Grid_Equipment,36.45871626134546,67.0,1,1
N18000264,HVDC BIPOLE LINK BETWEEN WR AND SR - NORTH TRICHUR - SCHEME -II AC SYSTEM STRENGTHENING AT PUGALUR EN,2024-12-01,2017-08-01,02-2020,1931.39,1972.44,99.0,30,88,-58,102.12541226784856,Substation_Grid_Equipment,36.45871626134546,67.0,1,1
N18000264,HVDC BIPOLE LINK BETWEEN WR AND SR -NORTH TRICHUR - SCHEME -II AC SYSTEM STRENGTHENING AT PUGALUR EN,2025-01-01,2017-08-01,02-2020,1931.39,1972.44,99.0,30,89,-59,102.12541226784856,Substation_Grid_Equipment,36.45871626134546,67.0,1,1
N18000300,TRANSMISSION SYSTEM STRENGTHENING SCHEME FOR EVACUATION OF POWER FROM SOLAR ENERGY ZONES IN RAJASTHA,2024-08-01,2021-05-01,09-2022,1184.88,840.52,97.0,16,39,-23,70.93714131388832,Transmission_System,0.0,23.0,1,0
N18000306,TRANSMISSION SYSTEM STRENGTHENING SCHEME FOR EVACUATION OF POWER FROM SOLAR ENERGY ZONES IN RAJASTHA,2024-08-01,2021-06-01,12-2022,1562.0,1161.25,92.0,18,38,-20,74.3437900128041,Transmission_System,0.0,24.0,1,0
N18000306,TRANSMISSION SYSTEM STRENGTHENING SCHEME FOR EVACUATION OF POWER FROM SOLAR ENERGY ZONES IN RAJASTHA,2024-11-01,2021-06-01,12-2022,1562.0,1292.25,99.0,18,41,-23,82.73047375160051,Transmission_System,0.0,24.0,1,0
N18000307,TRANSMISSION SYSTEM STRENGTHENING SCHEME FOR EVACUATION OF POWER FROM SOLAR ENERGY ZONES IN RAJASTHA,2024-08-01,2021-06-01,12-2022,1006.0,879.31,95.0,18,38,-20,87.40656063618289,Transmission_System,0.0,24.0,1,0
N18000307,TRANSMISSION SYSTEM STRENGTHENING SCHEME FOR EVACUATION OF POWER FROM SOLAR ENERGY ZONES IN RAJASTHA,2024-11-01,2021-06-01,12-2022,1006.0,884.11,100.0,18,41,-23,87.88369781312127,Transmission_System,0.0,22.0,1,0
N18000316,NORTH EASTERN REGION STRENGTHENING SCHEME-XII,2024-08-01,2021-05-01,03-2023,576.42,418.46,100.0,22,39,-17,72.59637070191874,Other_Power_Transmission,0.0,17.0,1,0
N18000316,NORTH EASTERN REGION STRENGTHENING SCHEME-XII,2024-11-01,2021-05-01,03-2023,576.42,419.96,100.0,22,42,-20,72.85659761979113,Other_Power_Transmission,0.0,17.0,1,0
N18000328,TS FOR EVACUATION OF POWER FROM PAKALDUL HEP IN CHENAB VALLEY HEPS - LTA SYSTEM,2024-08-01,2022-02-01,04-2025,318.12,139.55,83.0,38,30,8,43.8670941782975,Transmission_System,0.0,0.0,0,0
N18000328,TS FOR EVACUATION OF POWER FROM PAKALDUL HEP IN CHENAB VALLEY HEPS - LTA SYSTEM,2024-11-01,2022-02-01,04-2025,318.12,146.75,86.0,38,33,5,46.1303910474035,Transmission_System,0.0,0.0,0,0
N18000328,TS FOR EVACUATION OF POWER FROM PAKALDUL HEP IN CHENAB VALLEY HEPS - LTA SYSTEM,2024-12-01,2022-02-01,04-2025,318.12,151.75,88.0,38,34,4,47.70212498428266,Transmission_System,0.0,0.0,0,0
N18000328,TS FOR EVACUATION OF POWER FROM PAKALDUL HEP IN CHENAB VALLEY HEPS - LTA SYSTEM,2025-01-01,2022-02-01,04-2025,318.12,154.75,90.0,38,35,3,48.64516534641016,Transmission_System,0.0,0.0,0,0
N18000328,TS FOR EVACUATION OF POWER FROM PAKALDUL HEP IN CHENAB VALLEY HEPS - LTA SYSTEM,2025-02-01,2022-02-01,04-2025,318.12,157.75,94.0,38,36,2,49.58820570853766,Transmission_System,0.0,0.0,0,0
N18000328,TS FOR EVACUATION OF POWER FROM PAKALDUL HEP IN CHENAB VALLEY HEPS - LTA SYSTEM,2025-03-01,2022-02-01,04-2025,318.12,157.75,94.0,38,37,1,49.58820570853766,Transmission_System,0.0,0.0,0,0
N18000328,TS FOR EVACUATION OF POWER FROM PAKALDUL HEP IN CHENAB VALLEY HEPS - LTA SYSTEM,2025-04-01,2022-02-01,04-2025,318.12,169.75,95.0,38,38,0,53.36036715704765,Transmission_System,0.0,2.0,1,0
N18000328,TS FOR EVACUATION OF POWER FROM PAKALDUL HEP IN CHENAB VALLEY HEPS - LTA SYSTEM,2025-05-01,2022-02-01,04-2025,318.12,169.75,98.0,38,39,-1,53.36036715704765,Transmission_System,0.0,2.0,1,0
N18000328,TS FOR EVACUATION OF POWER FROM PAKALDUL HEP IN CHENAB VALLEY HEPS - LTA SYSTEM,2025-06-01,2022-02-01,04-2025,318.12,254.5,98.0,38,40,-2,80.00125738714951,Transmission_System,0.0,4.0,1,0
N18000330,TRANSMISSION SYSTEM STRENGTHENING FOR SRINAGAR-LEH TRANSMISSION SYSTEM,2024-11-01,2022-03-01,12-2024,288.71,131.79,44.0,33,32,1,45.64788195767379,Transmission_System,0.0,9.0,1,0
N18000330,TRANSMISSION SYSTEM STRENGTHENING FOR SRINAGAR-LEH TRANSMISSION SYSTEM,2024-12-01,2022-03-01,12-2024,288.71,133.79,47.0,33,33,0,46.34061861383395,Transmission_System,0.0,9.0,1,0
N18000330,TRANSMISSION SYSTEM STRENGTHENING FOR SRINAGAR-LEH TRANSMISSION SYSTEM,2025-01-01,2022-03-01,12-2024,288.71,133.79,47.0,33,34,-1,46.34061861383395,Transmission_System,0.0,9.0,1,0
N18000330,TRANSMISSION SYSTEM STRENGTHENING FOR SRINAGAR-LEH TRANSMISSION SYSTEM,2025-02-01,2022-03-01,12-2024,288.71,143.79,48.0,33,35,-2,49.804301894634754,Transmission_System,0.0,7.0,1,0
N18000330,TRANSMISSION SYSTEM STRENGTHENING FOR SRINAGAR-LEH TRANSMISSION SYSTEM,2025-03-01,2022-03-01,12-2024,288.71,144.79,48.0,33,36,-3,50.15067022271483,Transmission_System,0.0,7.0,1,0
N18000330,TRANSMISSION SYSTEM STRENGTHENING FOR SRINAGAR-LEH TRANSMISSION SYSTEM,2025-04-01,2022-03-01,12-2024,288.71,144.79,48.0,33,37,-4,50.15067022271483,Transmission_System,0.0,7.0,1,0
N18000330,TRANSMISSION SYSTEM STRENGTHENING FOR SRINAGAR-LEH TRANSMISSION SYSTEM,2025-05-01,2022-03-01,12-2024,288.71,149.79,48.0,33,38,-5,51.88251186311523,Transmission_System,0.0,7.0,1,0
N18000330,TRANSMISSION SYSTEM STRENGTHENING FOR SRINAGAR-LEH TRANSMISSION SYSTEM,2025-06-01,2022-03-01,12-2024,288.71,199.53,48.0,33,39,-6,69.11087250181845,Transmission_System,0.0,9.0,1,0
N18000331,TRANSMISSION SYSTEM STRENGTHENING SCHEME FOR EVACUATION OF POWER FROM SOLAR ENERGY ZONES IN RAJASTHA,2024-08-01,2022-02-01,09-2023,359.47,191.87,63.0,19,30,-11,53.37580326591927,Transmission_System,0.0,15.0,1,0
N18000331,TRANSMISSION SYSTEM STRENGTHENING SCHEME FOR EVACUATION OF POWER FROM SOLAR ENERGY ZONES IN RAJASTHA,2024-11-01,2022-02-01,09-2023,359.47,234.97,73.0,19,33,-14,65.36567724705816,Transmission_System,0.0,18.0,1,0
N18000331,TRANSMISSION SYSTEM STRENGTHENING SCHEME FOR EVACUATION OF POWER FROM SOLAR ENERGY ZONES IN RAJASTHA,2025-01-01,2022-02-01,09-2023,359.47,271.16,79.0,19,35,-16,75.43327676857596,Transmission_System,0.0,18.0,1,0
N18000331,TRANSMISSION SYSTEM STRENGTHENING SCHEME FOR EVACUATION OF POWER FROM SOLAR ENERGY ZONES IN RAJASTHA,2025-02-01,2022-02-01,09-2023,359.47,290.16,94.0,19,36,-17,80.71883606420563,Transmission_System,0.0,20.0,1,0
N18000331,TRANSMISSION SYSTEM STRENGTHENING SCHEME FOR EVACUATION OF POWER FROM SOLAR ENERGY ZONES IN RAJASTHA,2025-03-01,2022-02-01,09-2023,359.47,292.16,82.0,19,37,-18,81.2752107269035,Transmission_System,0.0,20.0,1,0
N18000331,TRANSMISSION SYSTEM STRENGTHENING SCHEME FOR EVACUATION OF POWER FROM SOLAR ENERGY ZONES IN RAJASTHA,2025-04-01,2022-02-01,09-2023,359.47,314.16,84.0,19,38,-19,87.39533201657996,Transmission_System,0.0,21.0,1,0
N18000331,TRANSMISSION SYSTEM STRENGTHENING SCHEME FOR EVACUATION OF POWER FROM SOLAR ENERGY ZONES IN RAJASTHA,2025-05-01,2022-02-01,09-2023,359.47,319.16,90.0,19,39,-20,88.78626867332461,Transmission_System,0.0,22.0,1,0
N18000331,TRANSMISSION SYSTEM STRENGTHENING SCHEME FOR EVACUATION OF POWER FROM SOLAR ENERGY ZONES IN RAJASTHA,2025-06-01,2022-02-01,09-2023,359.47,327.28,90.0,19,40,-21,91.0451498038779,Transmission_System,0.0,23.0,1,0
N18000332,TRANSMISSION SYSTEM STRENGTHENING SCHEME FOR EVACUATION OF POWER FROM SOLAR ENERGY ZONES IN RAJASTHA,2024-08-01,2022-05-01,11-2023,1666.0,1290.22,80.0,18,27,-9,77.44417767106843,Transmission_System,0.0,13.0,1,0
N18000332,TRANSMISSION SYSTEM STRENGTHENING SCHEME FOR EVACUATION OF POWER FROM SOLAR ENERGY ZONES IN RAJASTHA,2024-12-01,2022-05-01,11-2023,1666.0,1425.62,83.0,18,31,-13,85.57142857142857,Transmission_System,0.0,16.0,1,0
N18000332,TRANSMISSION SYSTEM STRENGTHENING SCHEME FOR EVACUATION OF POWER FROM SOLAR ENERGY ZONES IN RAJASTHA,2025-01-01,2022-05-01,11-2023,1666.0,1428.62,83.0,18,32,-14,85.75150060024009,Transmission_System,0.0,16.0,1,0
N18000332,TRANSMISSION SYSTEM STRENGTHENING SCHEME FOR EVACUATION OF POWER FROM SOLAR ENERGY ZONES IN RAJASTHA,2025-02-01,2022-05-01,11-2023,1666.0,1442.62,86.0,18,33,-15,86.59183673469387,Transmission_System,0.0,18.0,1,0
N18000332,TRANSMISSION SYSTEM STRENGTHENING SCHEME FOR EVACUATION OF POWER FROM SOLAR ENERGY ZONES IN RAJASTHA,2025-03-01,2022-05-01,11-2023,1666.0,1449.62,88.0,18,34,-16,87.01200480192077,Transmission_System,0.0,18.0,1,0
N18000332,TRANSMISSION SYSTEM STRENGTHENING SCHEME FOR EVACUATION OF POWER FROM SOLAR ENERGY ZONES IN RAJASTHA,2025-04-01,2022-05-01,11-2023,1666.0,1490.62,90.3,18,35,-17,89.47298919567827,Transmission_System,0.0,21.0,1,0
N18000332,TRANSMISSION SYSTEM STRENGTHENING SCHEME FOR EVACUATION OF POWER FROM SOLAR ENERGY ZONES IN RAJASTHA,2025-05-01,2022-05-01,11-2023,1666.0,1511.62,92.7,18,36,-18,90.73349339735891,Transmission_System,33.13325330132052,21.0,1,1
N18000332,TRANSMISSION SYSTEM STRENGTHENING SCHEME FOR EVACUATION OF POWER FROM SOLAR ENERGY ZONES IN RAJASTHA,2025-06-01,2022-05-01,11-2023,1666.0,2029.28,94.1,18,37,-19,121.80552220888354,Transmission_System,33.13325330132052,22.0,1,1
N18000337,TRANSMISSION NETWORK EXPANSION IN GUJARAT TO INCREASE ATC FROM ISTS: PART B,2024-08-01,2022-07-01,06-2023,4546.26,2102.55,63.0,11,25,-14,46.247904871256814,Transmission_System,0.0,18.0,1,0
N18000337,1131 TRANSMISSION NETWORK EXPANSION IN GUJARAT TO INCREASE ATC FROM ISTS: PART B,2024-09-01,2022-07-01,06-2023,4546.26,2180.35,64.0,11,26,-15,47.95920162947125,Transmission_System,0.0,18.0,1,0
N18000337,TRANSMISSION NETWORK EXPANSION IN GUJARAT TO INCREASE ATC FROM ISTS: PART B,2024-11-01,2022-07-01,06-2023,4546.26,2423.35,75.0,11,28,-17,53.304254486105066,Transmission_System,0.0,21.0,1,0
N18000337,TRANSMISSION NETWORK EXPANSION IN GUJARAT TO INCREASE ATC FROM ISTS: PART B,2024-12-01,2022-07-01,06-2023,4546.26,2497.35,80.0,11,29,-18,54.93196605561494,Transmission_System,0.0,21.0,1,0
N18000337,TRANSMISSION NETWORK EXPANSION IN GUJARAT TO INCREASE ATC FROM ISTS: PART B,2025-01-01,2022-07-01,06-2023,4546.26,2550.35,84.0,11,30,-19,56.097759477020674,Transmission_System,0.0,23.0,1,0
N18000337,TRANSMISSION NETWORK EXPANSION IN GUJARAT TO INCREASE ATC FROM ISTS: PART B,2025-02-01,2022-07-01,06-2023,4546.26,2624.35,87.0,11,31,-20,57.72547104653055,Transmission_System,0.0,24.0,1,0
N18000337,TRANSMISSION NETWORK EXPANSION IN GUJARAT TO INCREASE ATC FROM ISTS: PART B,2025-03-01,2022-07-01,06-2023,4546.26,2680.35,89.0,11,32,-21,58.957252774808296,Transmission_System,0.0,24.0,1,0
N18000337,TRANSMISSION NETWORK EXPANSION IN GUJARAT TO INCREASE ATC FROM ISTS: PART B,2025-04-01,2022-07-01,06-2023,4546.26,2785.35,91.0,11,33,-22,61.266843515329086,Transmission_System,0.0,27.0,1,0
N18000337,TRANSMISSION NETWORK EXPANSION IN GUJARAT TO INCREASE ATC FROM ISTS: PART B,2025-05-01,2022-07-01,06-2023,4546.26,3969.34,92.0,11,34,-23,87.3100086664643,Transmission_System,0.0,27.0,1,0
N18000337,TRANSMISSION NETWORK EXPANSION IN GUJARAT TO INCREASE ATC FROM ISTS: PART B,2025-06-01,2022-07-01,06-2023,4546.26,4091.67,93.0,11,35,-24,90.00079185968247,Transmission_System,0.0,27.0,1,0
N18000338,TRANSMISSION NETWORK EXPANSION IN GUJARAT TO INCREASE ATC FROM ISTS: PART C,2024-08-01,2022-07-01,03-2025,186.19,58.93,64.0,32,25,7,31.6504645791933,Transmission_System,0.0,0.0,0,0
N18000338,TRANSMISSION NETWORK EXPANSION IN GUJARAT TO INCREASE ATC FROM ISTS: PART C,2024-11-01,2022-07-01,03-2025,186.19,66.53,68.0,32,28,4,35.73231645093722,Transmission_System,0.0,0.0,0,0
N18000338,TRANSMISSION NETWORK EXPANSION IN GUJARAT TO INCREASE ATC FROM ISTS: PART C,2024-12-01,2022-07-01,03-2025,186.19,67.53,87.0,32,29,3,36.2694022235351,Transmission_System,0.0,0.0,0,0
N18000338,TRANSMISSION NETWORK EXPANSION IN GUJARAT TO INCREASE ATC FROM ISTS: PART C,2025-01-01,2022-07-01,03-2025,186.19,69.53,90.0,32,30,2,37.34357376873087,Transmission_System,0.0,0.0,0,0
N18000338,TRANSMISSION NETWORK EXPANSION IN GUJARAT TO INCREASE ATC FROM ISTS: PART C,2025-02-01,2022-07-01,03-2025,186.19,70.53,91.0,32,31,1,37.880659541328754,Transmission_System,0.0,0.0,0,0
N18000338,TRANSMISSION NETWORK EXPANSION IN GUJARAT TO INCREASE ATC FROM ISTS: PART C,2025-03-01,2022-07-01,03-2025,186.19,71.53,100.0,32,32,0,38.41774531392664,Transmission_System,0.0,0.0,0,0
N18000343,SYSTEM STRENGTHENING SCHEME FOR EASTERN AND NORTH EASTERN REGION,2024-08-01,2022-10-01,10-2025,307.87,72.11,51.0,36,22,14,23.42222366583298,Transmission_System,0.0,0.0,0,0
N18000343,SYSTEM STRENGTHENING SCHEME FOR EASTERN AND NORTH EASTERN REGION,2024-11-01,2022-10-01,10-2025,307.87,101.31,59.0,36,25,11,32.90674635398057,Transmission_System,0.0,0.0,0,0
N18000343,SYSTEM STRENGTHENING SCHEME FOR EASTERN AND NORTH EASTERN REGION,2024-12-01,2022-10-01,10-2025,307.87,125.31,62.0,36,26,10,40.70224445382792,Transmission_System,0.0,0.0,0,0
N18000343,SYSTEM STRENGTHENING SCHEME FOR EASTERN AND NORTH EASTERN REGION,2025-01-01,2022-10-01,10-2025,307.87,135.31,68.0,36,27,9,43.95036866209764,Transmission_System,0.0,0.0,0,0
N18000343,SYSTEM STRENGTHENING SCHEME FOR EASTERN AND NORTH EASTERN REGION,2025-02-01,2022-10-01,10-2025,307.87,163.31,80.0,36,28,8,53.04511644525287,Transmission_System,0.0,0.0,0,0
N18000343,SYSTEM STRENGTHENING SCHEME FOR EASTERN AND NORTH EASTERN REGION,2025-03-01,2022-10-01,10-2025,307.87,184.31,89.0,36,29,7,59.86617728261928,Transmission_System,0.0,0.0,0,0
N18000343,SYSTEM STRENGTHENING SCHEME FOR EASTERN AND NORTH EASTERN REGION,2025-04-01,2022-10-01,10-2025,307.87,184.31,89.0,36,30,6,59.86617728261928,Transmission_System,0.0,0.0,0,0
N18000343,SYSTEM STRENGTHENING SCHEME FOR EASTERN AND NORTH EASTERN REGION,2025-05-01,2022-10-01,10-2025,307.87,234.9,99.9,36,31,5,76.29843765225583,Transmission_System,0.0,-4.0,0,0
N18000343,SYSTEM STRENGTHENING SCHEME FOR EASTERN AND NORTH EASTERN REGION,2025-06-01,2022-10-01,10-2025,307.87,298.87,100.0,36,32,4,97.07668821255724,Transmission_System,0.0,-4.0,0,0
N18000350,WESTERN REGION EXPANSION SCHEME XXV,2024-08-01,2023-02-01,11-2023,385.84,85.61,37.0,9,18,-9,22.187953555878085,Transmission_System,0.0,10.0,1,0
N18000350,WESTERN REGION EXPANSION SCHEME XXV,2024-09-01,2023-02-01,11-2023,385.84,136.71,50.0,9,19,-10,35.43178519593614,Transmission_System,0.0,14.0,1,0
N18000350,WESTERN REGION EXPANSION SCHEME XXV,2024-11-01,2023-02-01,11-2023,385.84,186.71,63.0,9,21,-12,48.39052456976986,Transmission_System,0.0,14.0,1,0
N18000350,WESTERN REGION EXPANSION SCHEME XXV,2024-12-01,2023-02-01,11-2023,385.84,200.71,71.0,9,22,-13,52.0189715944433,Transmission_System,0.0,15.0,1,0
N18000350,WESTERN REGION EXPANSION SCHEME XXV,2025-01-01,2023-02-01,11-2023,385.84,206.71,78.0,9,23,-14,53.57402031930334,Transmission_System,0.0,16.0,1,0
N18000350,WESTERN REGION EXPANSION SCHEME XXV,2025-02-01,2023-02-01,11-2023,385.84,251.71,85.0,9,24,-15,65.23688575575368,Transmission_System,0.0,16.0,1,0
N18000350,WESTERN REGION EXPANSION SCHEME XXV,2025-03-01,2023-02-01,11-2023,385.84,252.71,89.0,9,25,-16,65.49606054323036,Transmission_System,0.0,18.0,1,0
N18000350,WESTERN REGION EXPANSION SCHEME XXV,2025-04-01,2023-02-01,11-2023,385.84,258.71,91.0,9,26,-17,67.0511092680904,Transmission_System,0.0,19.0,1,0
N18000350,WESTERN REGION EXPANSION SCHEME XXV,2025-05-01,2023-02-01,11-2023,385.84,369.79,93.0,9,27,-18,95.8402446609994,Transmission_System,0.0,19.0,1,0
N18000350,WESTERN REGION EXPANSION SCHEME XXV,2025-06-01,2023-02-01,11-2023,385.84,370.41,95.0,9,28,-19,96.00093302923491,Transmission_System,0.0,21.0,1,0
N18000351,EASTERN REGION EXPANSION SCHEME XXIX,2024-08-01,2023-03-01,11-2025,524.04,307.27,56.0,32,17,15,58.634837035340816,Transmission_System,0.0,0.0,0,0
N18000351,EASTERN REGION EXPANSION SCHEME XXIX,2024-11-01,2023-03-01,11-2025,524.04,320.97,58.0,32,20,12,61.24914128692467,Transmission_System,0.0,0.0,0,0
N18000351,EASTERN REGION EXPANSION SCHEME XXIX,2024-12-01,2023-03-01,11-2025,524.04,320.97,72.0,32,21,11,61.24914128692467,Transmission_System,0.0,0.0,0,0
N18000351,EASTERN REGION EXPANSION SCHEME XXIX,2025-01-01,2023-03-01,11-2025,524.04,324.97,75.0,32,22,10,62.01244179833601,Transmission_System,0.0,0.0,0,0
N18000351,EASTERN REGION EXPANSION SCHEME XXIX,2025-02-01,2023-03-01,11-2025,524.04,329.97,84.0,32,23,9,62.9665674376002,Transmission_System,0.0,0.0,0,0
N18000351,EASTERN REGION EXPANSION SCHEME XXIX,2025-03-01,2023-03-01,11-2025,524.04,347.97,92.0,32,24,8,66.40141973895123,Transmission_System,0.0,0.0,0,0
N18000351,EASTERN REGION EXPANSION SCHEME XXIX,2025-04-01,2023-03-01,11-2025,524.04,359.97,99.0,32,25,7,68.69132127318527,Transmission_System,0.0,0.0,0,0
N18000351,EASTERN REGION EXPANSION SCHEME XXIX,2025-05-01,2023-03-01,11-2025,524.04,359.97,99.0,32,26,6,68.69132127318527,Transmission_System,0.0,-5.0,0,0
N18000351,EASTERN REGION EXPANSION SCHEME XXIX,2025-06-01,2023-03-01,11-2025,524.04,482.12,99.8,32,27,5,92.00061064040914,Transmission_System,0.0,-4.0,0,0
N18000352,TRANSMISSION SYSTEM FOR KURNOOL WIND ENERGY ZONE SOLAR ENERGY ZONE (AP) PART-A  PART B,2024-08-01,2023-03-01,11-2024,3546.94,1093.24,45.0,20,17,3,30.82206070584786,Transmission_System,0.0,0.0,0,0
N18000352,TRANSMISSION SYSTEM FOR KURNOOL WIND ENERGY ZONE SOLAR ENERGY ZONE (AP) PART- A  PART B,2024-11-01,2023-03-01,11-2024,3546.94,1687.14,68.0,20,20,0,47.566071035878814,Transmission_System,0.0,4.0,1,0
N18000352,TRANSMISSION SYSTEM FOR KURNOOL WIND ENERGY ZONE SOLAR ENERGY ZONE (AP) PART-A  PART B,2024-12-01,2023-03-01,11-2024,3546.94,1767.14,75.0,20,21,-1,49.82153631017159,Transmission_System,0.0,4.0,1,0
N18000352,TRANSMISSION SYSTEM FOR KURNOOL WIND ENERGY ZONE SOLAR ENERGY ZONE (AP) PART-A  PART B,2025-01-01,2023-03-01,11-2024,3546.94,1940.14,80.0,20,22,-2,54.69897996582971,Transmission_System,0.0,6.0,1,0
N18000352,TRANSMISSION SYSTEM FOR KURNOOL WIND ENERGY ZONE SOLAR ENERGY ZONE (AP) PART- A  PART B,2025-02-01,2023-03-01,11-2024,3546.94,2000.14,84.0,20,23,-3,56.390578921549285,Transmission_System,0.0,6.0,1,0
N18000352,TRANSMISSION SYSTEM FOR KURNOOL WIND ENERGY ZONE SOLAR ENERGY ZONE (AP) PART- A  PART B,2025-03-01,2023-03-01,11-2024,3546.94,2106.14,87.0,20,24,-4,59.3790704099872,Transmission_System,0.0,6.0,1,0
N18000352,TRANSMISSION SYSTEM FOR KURNOOL WIND ENERGY ZONE SOLAR ENERGY ZONE (AP) PART-A  PART B,2025-04-01,2023-03-01,11-2024,3546.94,2202.14,89.0,20,25,-5,62.08562873913852,Transmission_System,0.0,9.0,1,0
N18000352,TRANSMISSION SYSTEM FOR KURNOOL WIND ENERGY ZONE SOLAR ENERGY ZONE (AP) PART-A  PART B,2025-05-01,2023-03-01,11-2024,3546.94,2759.0,97.0,20,26,-6,77.78535864717193,Transmission_System,0.0,9.0,1,0
N18000352,TRANSMISSION SYSTEM FOR KURNOOL WIND ENERGY ZONE SOLAR ENERGY ZONE (AP) PART-A  PART B,2025-06-01,2023-03-01,11-2024,3546.94,2837.55,94.0,20,27,-7,79.99994361336815,Transmission_System,0.0,10.0,1,0
N18000353,ER WR TRANSMISSION LIMITED,2024-08-01,2023-03-01,03-2025,281.16,27.14,26.0,24,17,7,9.652866695120215,Other_Power_Transmission,0.0,0.0,0,0
N18000353,ER WR TRANSMISSION LIMITED,2024-11-01,2023-03-01,03-2025,281.16,54.14,50.0,24,20,4,19.25593967847489,Other_Power_Transmission,0.0,0.0,0,0
N18000353,ER WR TRANSMISSION LIMITED,2024-12-01,2023-03-01,03-2025,281.16,62.14,57.0,24,21,3,22.1012946365059,Other_Power_Transmission,0.0,0.0,0,0
N18000353,ER WR TRANSMISSION LIMITED,2025-01-01,2023-03-01,03-2025,281.16,89.14,63.0,24,22,2,31.704367619860573,Other_Power_Transmission,0.0,0.0,0,0
N18000353,ER WR TRANSMISSION LIMITED,2025-02-01,2023-03-01,03-2025,281.16,99.14,84.0,24,23,1,35.261061317399346,Other_Power_Transmission,0.0,0.0,0,0
N18000353,ER WR TRANSMISSION LIMITED,2025-03-01,2023-03-01,03-2025,281.16,129.14,84.0,24,24,0,45.93114241001564,Other_Power_Transmission,0.0,1.0,1,0
N18000353,ER WR TRANSMISSION LIMITED,2025-04-01,2023-03-01,03-2025,281.16,162.14,91.0,24,25,-1,57.668231611893574,Other_Power_Transmission,0.0,2.0,1,0
N18000353,ER WR TRANSMISSION LIMITED,2025-05-01,2023-03-01,03-2025,281.16,217.88,98.8,24,26,-2,77.49324228197467,Other_Power_Transmission,0.0,3.0,1,0
N18000353,ER WR TRANSMISSION LIMITED,2025-06-01,2023-03-01,03-2025,281.16,281.15,100.0,24,27,-3,99.99644330630244,Other_Power_Transmission,0.0,3.0,1,0
N18000354,TRANSMISSION SYSTEM ASSOCIATED WITH WESTERN REGION EXPANSION SCHEME XXVII,2024-08-01,2023-03-01,09-2024,271.69,108.34,50.0,18,17,1,39.876329640398986,Transmission_System,0.0,1.0,1,0
N18000354,TRANSMISSION SYSTEM ASSOCIATED WITH WESTERN REGION EXPANSION SCHEME XXVII,2024-09-01,2023-03-01,09-2024,271.69,117.04,54.0,18,18,0,43.078508594353856,Transmission_System,0.0,3.0,1,0
N18000354,TRANSMISSION SYSTEM ASSOCIATED WITH WESTERN REGION EXPANSION SCHEME XXVII,2024-11-01,2023-03-01,09-2024,271.69,148.03,69.0,18,20,-2,54.484890868268984,Transmission_System,0.0,4.0,1,0
N18000354,TRANSMISSION SYSTEM ASSOCIATED WITH WESTERN REGION EXPANSION SCHEME XXVII,2024-12-01,2023-03-01,09-2024,271.69,153.03,77.0,18,21,-3,56.32522360042695,Transmission_System,0.0,5.0,1,0
N18000354,TRANSMISSION SYSTEM ASSOCIATED WITH WESTERN REGION EXPANSION SCHEME XXVII,2025-01-01,2023-03-01,09-2024,271.69,173.03,87.0,18,22,-4,63.68655452905886,Transmission_System,0.0,5.0,1,0
N18000354,TRANSMISSION SYSTEM ASSOCIATED WITH WESTERN REGION EXPANSION SCHEME XXVII,2025-02-01,2023-03-01,09-2024,271.69,179.03,97.0,18,23,-5,65.89495380764842,Transmission_System,0.0,7.0,1,0
N18000354,TRANSMISSION SYSTEM ASSOCIATED WITH WESTERN REGION EXPANSION SCHEME XXVII,2025-03-01,2023-03-01,09-2024,271.69,186.03,100.0,18,24,-6,68.47141963266958,Transmission_System,0.0,6.0,1,0
N18000355,TRANSMISSION SYSTEM ASSOCIATED WITH WESTERN REGION EXPANSION SCHEME-XXVIII AND XXIX,2024-08-01,2023-03-01,03-2025,260.3,56.59,60.0,24,17,7,21.740299654245103,Transmission_System,0.0,0.0,0,0
N18000355,TRANSMISSION SYSTEM ASSOCIATED WITH WESTERN REGION EXPANSION SCHEME-XXVIII AND XXIX,2024-09-01,2023-03-01,03-2025,260.3,106.79,78.0,24,18,6,41.02573953131003,Transmission_System,0.0,0.0,0,0
N18000355,TRANSMISSION SYSTEM ASSOCIATED WITH WESTERN REGION EXPANSION SCHEME- XXVIII AND XXIX,2024-11-01,2023-03-01,03-2025,260.3,128.79,89.0,24,20,4,49.477525931617365,Transmission_System,0.0,0.0,0,0
N18000355,TRANSMISSION SYSTEM ASSOCIATED WITH WESTERN REGION EXPANSION SCHEME- XXVIII AND XXIX,2024-12-01,2023-03-01,03-2025,260.3,145.79,94.0,24,21,3,56.0084517864003,Transmission_System,0.0,0.0,0,0
N18000355,TRANSMISSION SYSTEM ASSOCIATED WITH WESTERN REGION EXPANSION SCHEME-XXVIII AND XXIX,2025-01-01,2023-03-01,03-2025,260.3,172.79,98.0,24,22,2,66.38109873223203,Transmission_System,0.0,0.0,0,0
N18000355,TRANSMISSION SYSTEM ASSOCIATED WITH WESTERN REGION EXPANSION SCHEME- XXVIII AND XXIX,2025-02-01,2023-03-01,03-2025,260.3,180.79,98.0,24,23,1,69.45447560507107,Transmission_System,0.0,0.0,0,0
N18000355,TRANSMISSION SYSTEM ASSOCIATED WITH WESTERN REGION EXPANSION SCHEME- XXVIII AND XXIX,2025-03-01,2023-03-01,03-2025,260.3,187.79,100.0,24,24,0,72.14368036880522,Transmission_System,0.0,0.0,0,0
N18000356,TRANSMISSION SYSTEM SCHEME FOR EVACUATION OF POWER FROM REZ RAJASTHAN (8.1 GW) UNDER PHASE-II PART,2024-08-01,2023-03-01,09-2024,1433.28,485.77,40.0,18,17,1,33.89219133735209,Transmission_System,0.0,3.0,1,0
N18000356,1346  TRANSMISSION SYSTEM SCHEME FOR EVACUATION OF POWER FROM REZ RAJASTHAN (8.1 GW) UNDER PHASE-II PART,2024-09-01,2023-03-01,09-2024,1433.28,540.47,40.0,18,18,0,37.70861241348515,Transmission_System,0.0,3.0,1,0
N18000356,TRANSMISSION SYSTEM SCHEME FOR EVACUATION OF POWER FROM REZ RAJASTHAN (8.1 GW) UNDER PHASE-II PART,2024-12-01,2023-03-01,09-2024,1433.28,704.47,72.0,18,21,-3,49.15089863808886,Transmission_System,0.0,6.0,1,0
N18000356,TRANSMISSION SYSTEM SCHEME FOR EVACUATION OF POWER FROM REZ RAJASTHAN (8.1 GW) UNDER PHASE-II PART,2025-01-01,2023-03-01,09-2024,1433.28,801.47,80.0,18,22,-4,55.91859231971422,Transmission_System,0.0,6.0,1,0
N18000356,TRANSMISSION SYSTEM SCHEME FOR EVACUATION OF POWER FROM REZ RAJASTHAN (8.1 GW) UNDER PHASE-II PART,2025-02-01,2023-03-01,09-2024,1433.28,811.47,87.0,18,23,-5,56.61629269926323,Transmission_System,0.0,8.0,1,0
N18000356,TRANSMISSION SYSTEM SCHEME FOR EVACUATION OF POWER FROM REZ RAJASTHAN (8.1 GW) UNDER PHASE-II PART,2025-03-01,2023-03-01,09-2024,1433.28,850.47,89.0,18,24,-6,59.33732417950436,Transmission_System,0.0,8.0,1,0
N18000356,TRANSMISSION SYSTEM SCHEME FOR EVACUATION OF POWER FROM REZ RAJASTHAN (8.1 GW) UNDER PHASE-II PART,2025-04-01,2023-03-01,09-2024,1433.28,956.47,90.7,18,25,-7,66.73294820272383,Transmission_System,0.0,12.0,1,0
N18000356,TRANSMISSION SYSTEM SCHEME FOR EVACUATION OF POWER FROM REZ RAJASTHAN (8.1 GW) UNDER PHASE-II PART,2025-05-01,2023-03-01,09-2024,1433.28,1281.27,91.9,18,26,-8,89.39425653047556,Transmission_System,0.0,12.0,1,0
N18000356,TRANSMISSION SYSTEM SCHEME FOR EVACUATION OF POWER FROM REZ RAJASTHAN (8.1 GW) UNDER PHASE-II PART,2025-06-01,2023-03-01,09-2024,1433.28,1290.22,91.9,18,27,-9,90.01869837017192,Transmission_System,0.0,12.0,1,0
N18000357,ESTABLISHMENT OF KHAVDA POOLING STATION 3 (KPS3) IN KHAVDA RE PARK,2024-08-01,2023-03-01,12-2024,922.3,191.77,25.0,21,17,4,20.792583757996315,Substation_Grid_Equipment,0.0,2.0,1,0
N18000357,ESTABLISHMENT OF KHAVDA POOLING STATION 3 (KPS3) IN KHAVDA RE PARK,2024-09-01,2023-03-01,12-2024,922.3,259.67,30.0,21,18,3,28.154613466334165,Substation_Grid_Equipment,0.0,2.0,1,0
N18000357,ESTABLISHMENT OF KHAVDA POOLING STATION 3 (KPS3) IN KHAVDA RE PARK,2024-12-01,2023-03-01,12-2024,922.3,350.67,70.0,21,21,0,38.02125121977664,Substation_Grid_Equipment,0.0,2.0,1,0
N18000357,ESTABLISHMENT OF KHAVDA POOLING STATION 3 (KPS3) IN KHAVDA RE PARK,2025-01-01,2023-03-01,12-2024,922.3,465.67,74.0,21,22,-1,50.490079149951214,Substation_Grid_Equipment,0.0,3.0,1,0
N18000357,ESTABLISHMENT OF KHAVDA POOLING STATION 3 (KPS3) IN KHAVDA RE PARK,2025-02-01,2023-03-01,12-2024,922.3,513.67,83.0,21,23,-2,55.69445950341537,Substation_Grid_Equipment,0.0,3.0,1,0
N18000357,ESTABLISHMENT OF KHAVDA POOLING STATION 3 (KPS3) IN KHAVDA RE PARK,2025-03-01,2023-03-01,12-2024,922.3,587.67,88.0,21,24,-3,63.71787921500596,Substation_Grid_Equipment,0.0,5.0,1,0
N18000357,ESTABLISHMENT OF KHAVDA POOLING STATION 3 (KPS3) IN KHAVDA RE PARK,2025-04-01,2023-03-01,12-2024,922.3,672.67,88.7,21,25,-4,72.93396942426543,Substation_Grid_Equipment,0.0,5.0,1,0
N18000357,ESTABLISHMENT OF KHAVDA POOLING STATION 3 (KPS3) IN KHAVDA RE PARK,2025-05-01,2023-03-01,12-2024,922.3,823.07,88.7,21,26,-5,89.24102786511982,Substation_Grid_Equipment,0.0,6.0,1,0
N18000357,ESTABLISHMENT OF KHAVDA POOLING STATION 3 (KPS3) IN KHAVDA RE PARK,2025-06-01,2023-03-01,12-2024,922.3,830.14,90.5,21,27,-6,90.00758972134881,Substation_Grid_Equipment,0.0,7.0,1,0
N18000358,TRANSMISSION NETWORK EXPANSION IN GUJARAT ASSOCIATED WITH INTEGRATION OF RE PROJECTS FROM KHAVDA POT,2024-08-01,2023-03-01,03-2025,815.12,7.89,25.0,24,17,7,0.9679556384336048,Transmission_System,0.0,0.0,0,0
N18000358,TRANSMISSION NETWORK EXPANSION IN GUJARAT ASSOCIATED WITH INTEGRATION OF RE PROJECTS FROM KHAVDA POT,2024-09-01,2023-03-01,03-2025,815.12,7.99,26.0,24,18,6,0.9802237707331436,Transmission_System,0.0,0.0,0,0
N18000358,TRANSMISSION NETWORK EXPANSION IN GUJARAT ASSOCIATED WITH INTEGRATION OF RE PROJECTS FROM KHAVDA POT,2024-11-01,2023-03-01,03-2025,815.12,7.99,42.0,24,20,4,0.9802237707331436,Transmission_System,0.0,0.0,0,0
N18000358,TRANSMISSION NETWORK EXPANSION IN GUJARAT ASSOCIATED WITH INTEGRATION OF RE PROJECTS FROM KHAVDA POT,2024-12-01,2023-03-01,03-2025,815.12,7.99,51.0,24,21,3,0.9802237707331436,Transmission_System,0.0,0.0,0,0
N18000358,TRANSMISSION NETWORK EXPANSION IN GUJARAT ASSOCIATED WITH INTEGRATION OF RE PROJECTS FROM KHAVDA POT,2025-01-01,2023-03-01,03-2025,815.12,9.99,59.0,24,22,2,1.225586416723918,Transmission_System,0.0,0.0,0,0
N18000358,TRANSMISSION NETWORK EXPANSION IN GUJARAT ASSOCIATED WITH INTEGRATION OF RE PROJECTS FROM KHAVDA POT,2025-02-01,2023-03-01,03-2025,815.12,10.99,72.0,24,23,1,1.348267739719305,Transmission_System,0.0,1.0,1,0
N18000358,TRANSMISSION NETWORK EXPANSION IN GUJARAT ASSOCIATED WITH INTEGRATION OF RE PROJECTS FROM KHAVDA POT,2025-03-01,2023-03-01,03-2025,815.12,10.99,83.0,24,24,0,1.348267739719305,Transmission_System,0.0,1.0,1,0
N18000358,TRANSMISSION NETWORK EXPANSION IN GUJARAT ASSOCIATED WITH INTEGRATION OF RE PROJECTS FROM KHAVDA POT,2025-04-01,2023-03-01,03-2025,815.12,10.99,88.0,24,25,-1,1.348267739719305,Transmission_System,0.0,3.0,1,0
N18000358,TRANSMISSION NETWORK EXPANSION IN GUJARAT ASSOCIATED WITH INTEGRATION OF RE PROJECTS FROM KHAVDA POT,2025-05-01,2023-03-01,03-2025,815.12,738.03,94.6,24,26,-2,90.5424968102856,Transmission_System,0.0,3.0,1,0
N18000358,TRANSMISSION NETWORK EXPANSION IN GUJARAT ASSOCIATED WITH INTEGRATION OF RE PROJECTS FROM KHAVDA POT,2025-06-01,2023-03-01,03-2025,815.12,758.09,100.0,24,27,-3,93.00348414957308,Transmission_System,0.0,4.0,1,0
N18000359,"KHAVDA-2, GUJARAT- ESTABLISHMENT OF KHAVDA POOLING STATION-2 (KPS2) IN KHAVDA RE PARK",2024-08-01,2023-03-01,12-2024,966.79,120.72,33.0,21,17,4,12.486682733582269,Substation_Grid_Equipment,0.0,2.0,1,0
N18000359,"KHAVDA-2, GUJARAT- ESTABLISHMENT OF KHAVDA POOLING STATION-2 (KPS2) IN KHAVDA RE PARK",2024-09-01,2023-03-01,12-2024,966.79,133.22,37.0,21,18,3,13.779621220740804,Substation_Grid_Equipment,0.0,2.0,1,0
N18000359,"KHAVDA-2, GUJARAT- ESTABLISHMENT OF KHAVDA POOLING STATION-2 (KPS2) IN KHAVDA RE PARK",2024-11-01,2023-03-01,12-2024,966.79,176.22,63.0,21,20,1,18.227329616566163,Substation_Grid_Equipment,0.0,2.0,1,0
N18000359,"KHAVDA-2, GUJARAT- ESTABLISHMENT OF KHAVDA POOLING STATION-2 (KPS2) IN KHAVDA RE PARK",2024-12-01,2023-03-01,12-2024,966.79,293.22,70.0,21,21,0,30.329233856370053,Substation_Grid_Equipment,0.0,2.0,1,0
N18000359,"KHAVDA-2, GUJARAT- ESTABLISHMENT OF KHAVDA POOLING STATION-2 (KPS2) IN KHAVDA RE PARK",2025-01-01,2023-03-01,12-2024,966.79,362.22,74.0,21,22,-1,37.466254305485165,Substation_Grid_Equipment,0.0,3.0,1,0
N18000359,"KHAVDA-2, GUJARAT- ESTABLISHMENT OF KHAVDA POOLING STATION-2 (KPS2) IN KHAVDA RE PARK",2025-02-01,2023-03-01,12-2024,966.79,433.22,82.0,21,23,-2,44.810144912545645,Substation_Grid_Equipment,0.0,3.0,1,0
N18000359,"KHAVDA-2, GUJARAT- ESTABLISHMENT OF KHAVDA POOLING STATION-2 (KPS2) IN KHAVDA RE PARK",2025-03-01,2023-03-01,12-2024,966.79,548.22,90.0,21,24,-3,56.70517899440417,Substation_Grid_Equipment,0.0,5.0,1,0
N18000359,"KHAVDA-2, GUJARAT- ESTABLISHMENT OF KHAVDA POOLING STATION-2 (KPS2) IN KHAVDA RE PARK",2025-04-01,2023-03-01,12-2024,966.79,646.22,93.0,21,25,-4,66.84181673372707,Substation_Grid_Equipment,0.0,5.0,1,0
N18000359,"KHAVDA-2, GUJARAT- ESTABLISHMENT OF KHAVDA POOLING STATION-2 (KPS2) IN KHAVDA RE PARK",2025-05-01,2023-03-01,12-2024,966.79,859.0,93.6,21,26,-5,88.85073283753454,Substation_Grid_Equipment,0.0,6.0,1,0
N18000359,"KHAVDA-2, GUJARAT- ESTABLISHMENT OF KHAVDA POOLING STATION-2 (KPS2) IN KHAVDA RE PARK",2025-06-01,2023-03-01,12-2024,966.79,870.1,93.6,21,27,-6,89.99886221413131,Substation_Grid_Equipment,0.0,8.0,1,0
N18000360,"KHAVDA PHASE-II-PART B, GUJARAT- TRANSMISSION SCHEME FOR EVACUATION OF 4.5 GW RE INJECTION AT KHAVDA",2024-08-01,2023-03-01,03-2025,1167.55,376.14,20.0,24,17,7,32.2161791786219,Transmission_System,0.0,0.0,0,0
N18000360,"KHAVDA PHASE-II-PART B, GUJARAT- TRANSMISSION SCHEME FOR EVACUATION OF 4.5 GW RE INJECTION AT KHAVDA",2024-09-01,2023-03-01,03-2025,1167.55,509.14,22.0,24,18,6,43.6075542803306,Transmission_System,0.0,0.0,0,0
N18000360,"KHAVDA PHASE-II-PART B, GUJARAT- TRANSMISSION SCHEME FOR EVACUATION OF 4.5 GW RE INJECTION AT KHAVDA",2024-11-01,2023-03-01,03-2025,1167.55,521.14,26.0,24,20,4,44.63534752259004,Transmission_System,0.0,0.0,0,0
N18000360,"KHAVDA PHASE-II-PART B, GUJARAT- TRANSMISSION SCHEME FOR EVACUATION OF 4.5 GW RE INJECTION AT KHAVDA",2024-12-01,2023-03-01,03-2025,1167.55,588.14,38.0,24,21,3,50.373859791871865,Transmission_System,0.0,0.0,0,0
N18000360,"KHAVDA PHASE-II-PART B, GUJARAT- TRANSMISSION SCHEME FOR EVACUATION OF 4.5 GW RE INJECTION AT KHAVDA",2025-01-01,2023-03-01,03-2025,1167.55,622.14,47.0,24,22,2,53.285940644940254,Transmission_System,0.0,1.0,1,0
N18000360,"KHAVDA PHASE-II-PART B, GUJARAT- TRANSMISSION SCHEME FOR EVACUATION OF 4.5 GW RE INJECTION AT KHAVDA",2025-02-01,2023-03-01,03-2025,1167.55,651.14,56.0,24,23,1,55.76977431373389,Transmission_System,0.0,3.0,1,0
N18000360,"KHAVDA PHASE-II-PART B, GUJARAT- TRANSMISSION SCHEME FOR EVACUATION OF 4.5 GW RE INJECTION AT KHAVDA",2025-03-01,2023-03-01,03-2025,1167.55,677.14,69.0,24,24,0,57.99665967196266,Transmission_System,0.0,3.0,1,0
N18000360,"KHAVDA PHASE-II-PART B, GUJARAT- TRANSMISSION SCHEME FOR EVACUATION OF 4.5 GW RE INJECTION AT KHAVDA",2025-04-01,2023-03-01,03-2025,1167.55,712.14,83.7,24,25,-1,60.994389961886,Transmission_System,0.0,6.0,1,0
N18000360,"KHAVDA PHASE-II-PART B, GUJARAT- TRANSMISSION SCHEME FOR EVACUATION OF 4.5 GW RE INJECTION AT KHAVDA",2025-05-01,2023-03-01,03-2025,1167.55,950.0,86.1,24,26,-2,81.36696501220506,Transmission_System,0.0,6.0,1,0
N18000360,"KHAVDA PHASE-II-PART B, GUJARAT- TRANSMISSION SCHEME FOR EVACUATION OF 4.5 GW RE INJECTION AT KHAVDA",2025-06-01,2023-03-01,03-2025,1167.55,957.39,90.0,24,27,-3,81.99991435056316,Transmission_System,0.0,6.0,1,0
N18000361,"KHAVDA PHASE-II-PART C, GUJARAT- TRANSMISSION SCHEME FOR EVACUATION OF 4.5 GW RE INJECTION AT KHAVDA",2024-08-01,2023-03-01,03-2025,2820.99,152.1,18.0,24,17,7,5.391724181936129,Transmission_System,0.0,0.0,0,0
N18000361,"KHAVDA PHASE-II-PART C, GUJARAT- TRANSMISSION SCHEME FOR EVACUATION OF 4.5 GW RE INJECTION AT KHAVDA",2024-09-01,2023-03-01,03-2025,2820.99,336.1,19.0,24,18,6,11.914257051602451,Transmission_System,0.0,0.0,0,0
N18000361,"KHAVDA PHASE-II-PART C, GUJARAT- TRANSMISSION SCHEME FOR EVACUATION OF 4.5 GW RE INJECTION AT KHAVDA",2024-11-01,2023-03-01,03-2025,2820.99,1858.46,22.0,24,20,4,65.87970889652215,Transmission_System,0.0,0.0,0,0
N18000361,"KHAVDA PHASE-II-PART C, GUJARAT- TRANSMISSION SCHEME FOR EVACUATION OF 4.5 GW RE INJECTION AT KHAVDA",2024-12-01,2023-03-01,03-2025,2820.99,2002.46,41.0,24,21,3,70.98429983800014,Transmission_System,0.0,0.0,0,0
N18000361,"KHAVDA PHASE-II-PART C, GUJARAT- TRANSMISSION SCHEME FOR EVACUATION OF 4.5 GW RE INJECTION AT KHAVDA",2025-01-01,2023-03-01,03-2025,2820.99,2063.46,52.0,24,22,2,73.14666127848734,Transmission_System,0.0,1.0,1,0
N18000361,"KHAVDA PHASE-II-PART C, GUJARAT- TRANSMISSION SCHEME FOR EVACUATION OF 4.5 GW RE INJECTION AT KHAVDA",2025-02-01,2023-03-01,03-2025,2820.99,2211.46,61.0,24,23,1,78.39304641278417,Transmission_System,0.0,3.0,1,0
N18000361,"KHAVDA PHASE-II-PART C, GUJARAT- TRANSMISSION SCHEME FOR EVACUATION OF 4.5 GW RE INJECTION AT KHAVDA",2025-03-01,2023-03-01,03-2025,2820.99,2304.46,68.0,24,24,0,81.68976139582205,Transmission_System,0.0,3.0,1,0
N18000361,"KHAVDA PHASE-II-PART C, GUJARAT- TRANSMISSION SCHEME FOR EVACUATION OF 4.5 GW RE INJECTION AT KHAVDA",2025-04-01,2023-03-01,03-2025,2820.99,2304.46,68.0,24,25,-1,81.68976139582205,Transmission_System,0.0,3.0,1,0
N18000361,"KHAVDA PHASE-II-PART C, GUJARAT- TRANSMISSION SCHEME FOR EVACUATION OF 4.5 GW RE INJECTION AT KHAVDA",2025-05-01,2023-03-01,03-2025,2820.99,2418.0,76.5,24,26,-2,85.71458955898463,Transmission_System,0.0,6.0,1,0
N18000361,"KHAVDA PHASE-II-PART C, GUJARAT- TRANSMISSION SCHEME FOR EVACUATION OF 4.5 GW RE INJECTION AT KHAVDA",2025-06-01,2023-03-01,03-2025,2820.99,2418.0,82.6,24,27,-3,85.71458955898463,Transmission_System,0.0,6.0,1,0
N18000372,TRANSMISSION SYSTEM FOR EVACUATION OF POWER FROM RAJASTHAN REZ PHASE-IV PART- I (BIKANER COMPLEX) PAR,2024-11-01,2023-06-01,01-2025,202.39,20.04,76.0,19,17,2,9.901674983941897,Transmission_System,0.0,11.0,1,0
N18000372,TRANSMISSION SYSTEM FOR EVACUATION OF POWER FROM RAJASTHAN REZ PHASE-IV PART-I (BIKANER COMPLEX) PAR,2024-12-01,2023-06-01,01-2025,202.39,20.04,89.0,19,18,1,9.901674983941897,Transmission_System,0.0,1.0,1,0
N18000372,TRANSMISSION SYSTEM FOR EVACUATION OF POWER FROM RAJASTHAN REZ PHASE-IV PART-I (BIKANER COMPLEX) PAR,2025-01-01,2023-06-01,01-2025,202.39,20.04,100.0,19,19,0,9.901674983941897,Transmission_System,0.0,1.0,1,0
N18000373,"TS FOR EVACUATION OF POWER FROM REZ IN RAJASTHAN (20GW) UNDER PHASE-III, PART E1",2024-08-01,2023-08-01,02-2025,688.74,121.1,18.0,18,12,6,17.582832418619507,Transmission_System,0.0,0.0,0,0
N18000373,"TS FOR EVACUATION OF POWER FROM REZ IN RAJASTHAN (20GW) UNDER PHASE-III, PART E1",2024-11-01,2023-08-01,02-2025,688.74,121.1,65.0,18,15,3,17.582832418619507,Transmission_System,0.0,0.0,0,0
N18000373,"TS FOR EVACUATION OF POWER FROM REZ IN RAJASTHAN (20GW) UNDER PHASE-III, PART E1",2024-12-01,2023-08-01,02-2025,688.74,215.0,70.0,18,16,2,31.21642419490664,Transmission_System,0.0,0.0,0,0
N18000373,"TS FOR EVACUATION OF POWER FROM REZ IN RAJASTHAN (20GW) UNDER PHASE-III, PART E1",2025-01-01,2023-08-01,02-2025,688.74,264.0,72.0,18,17,1,38.330865057931874,Transmission_System,0.0,1.0,1,0
N18000373,"TS FOR EVACUATION OF POWER FROM REZ IN RAJASTHAN (20GW) UNDER PHASE-III, PART E1",2025-02-01,2023-08-01,02-2025,688.74,315.0,87.0,18,18,0,45.73569126230508,Transmission_System,0.0,2.0,1,0
N18000373,"TS FOR EVACUATION OF POWER FROM REZ IN RAJASTHAN (20GW) UNDER PHASE-III, PART E1",2025-03-01,2023-08-01,02-2025,688.74,330.0,89.0,18,19,-1,47.91358132241484,Transmission_System,0.0,2.0,1,0
N18000373,"TS FOR EVACUATION OF POWER FROM REZ IN RAJASTHAN (20GW) UNDER PHASE-III, PART E1",2025-04-01,2023-08-01,02-2025,688.74,411.0,91.0,18,20,-2,59.674187647007585,Transmission_System,0.0,7.0,1,0
N18000373,"TS FOR EVACUATION OF POWER FROM REZ IN RAJASTHAN (20GW) UNDER PHASE- III, PART E1",2025-05-01,2023-08-01,02-2025,688.74,507.0,92.0,18,21,-3,73.61268403171007,Transmission_System,0.0,7.0,1,0
N18000373,"TS FOR EVACUATION OF POWER FROM REZ IN RAJASTHAN (20GW) UNDER PHASE-III, PART E1",2025-06-01,2023-08-01,02-2025,688.74,564.77,93.0,18,22,-4,82.00046461654615,Transmission_System,0.0,7.0,1,0
N18000374,TS FOR EVACUATION POWER FROM REZ IN RAJASTHAN (20GW) UNDER PHASE-III PART H,2024-08-01,2023-10-01,04-2025,2211.0,183.03,12.0,18,10,8,8.278154681139755,Other_Power_Transmission,0.0,0.0,0,0
N18000374,TS FOR EVACUATION POWER FROM REZ IN RAJASTHAN (20GW) UNDER PHASE-III PART H,2024-11-01,2023-10-01,04-2025,2211.0,458.63,28.0,18,13,5,20.743102668475803,Other_Power_Transmission,0.0,0.0,0,0
N18000374,TS FOR EVACUATION POWER FROM REZ IN RAJASTHAN (20GW) UNDER PHASE-III PART H,2024-12-01,2023-10-01,04-2025,2211.0,603.63,35.0,18,14,4,27.30122116689281,Other_Power_Transmission,0.0,0.0,0,0
N18000374,TS FOR EVACUATION POWER FROM REZ IN RAJASTHAN (20GW) UNDER PHASE-III PART H,2025-01-01,2023-10-01,04-2025,2211.0,720.63,43.0,18,15,3,32.59294436906377,Other_Power_Transmission,0.0,0.0,0,0
N18000374,TS FOR EVACUATION POWER FROM REZ IN RAJASTHAN (20GW) UNDER PHASE-III PART H,2025-02-01,2023-10-01,04-2025,2211.0,905.63,49.0,18,16,2,40.96019900497512,Other_Power_Transmission,0.0,1.0,1,0
N18000374,TS FOR EVACUATION POWER FROM REZ IN RAJASTHAN (20GW) UNDER PHASE-III PART H,2025-03-01,2023-10-01,04-2025,2211.0,1023.63,53.0,18,17,1,46.29715061058345,Other_Power_Transmission,0.0,1.0,1,0
N18000374,TS FOR EVACUATION POWER FROM REZ IN RAJASTHAN (20GW) UNDER PHASE-III PART H,2025-04-01,2023-10-01,04-2025,2211.0,1227.63,57.0,18,18,0,55.52374491180462,Other_Power_Transmission,0.0,4.0,1,0
N18000374,TS FOR EVACUATION POWER FROM REZ IN RAJASTHAN (20GW) UNDER PHASE-III PART H,2025-05-01,2023-10-01,04-2025,2211.0,1551.8,60.9,18,19,-1,70.18543645409316,Other_Power_Transmission,0.0,4.0,1,0
N18000374,TS FOR EVACUATION POWER FROM REZ IN RAJASTHAN (20GW) UNDER PHASE-III PART H,2025-06-01,2023-10-01,04-2025,2211.0,1702.27,69.4,18,20,-2,76.99095431931254,Other_Power_Transmission,0.0,4.0,1,0
N18000375,TS FOR EVACUATION POWER FROM REZ IN RAJASTHAN (20GW) UNDER PHASE-III PART C1,2024-08-01,2023-10-01,04-2025,1796.0,344.08,11.0,18,10,8,19.15812917594655,Other_Power_Transmission,0.0,0.0,0,0
N18000375,TS FOR EVACUATION POWER FROM REZ IN RAJASTHAN (20GW) UNDER PHASE-III PART C1,2024-11-01,2023-10-01,04-2025,1796.0,579.48,33.0,18,13,5,32.26503340757239,Other_Power_Transmission,0.0,6.0,1,0
N18000375,TS FOR EVACUATION POWER FROM REZ IN RAJASTHAN (20GW) UNDER PHASE-III PART C1,2024-12-01,2023-10-01,04-2025,1796.0,627.48,38.0,18,14,4,34.937639198218264,Other_Power_Transmission,0.0,6.0,1,0
N18000375,TS FOR EVACUATION POWER FROM REZ IN RAJASTHAN (20GW) UNDER PHASE-III PART C1,2025-01-01,2023-10-01,04-2025,1796.0,736.48,45.0,18,15,3,41.00668151447662,Other_Power_Transmission,0.0,6.0,1,0
N18000375,TS FOR EVACUATION POWER FROM REZ IN RAJASTHAN (20GW) UNDER PHASE-III PART C1,2025-02-01,2023-10-01,04-2025,1796.0,787.48,56.0,18,16,2,43.84632516703786,Other_Power_Transmission,0.0,6.0,1,0
N18000375,TS FOR EVACUATION POWER FROM REZ IN RAJASTHAN (20GW) UNDER PHASE-III PART C1,2025-03-01,2023-10-01,04-2025,1796.0,873.48,60.0,18,17,1,48.6347438752784,Other_Power_Transmission,0.0,6.0,1,0
N18000375,TS FOR EVACUATION POWER FROM REZ IN RAJASTHAN (20GW) UNDER PHASE-III PART C1,2025-04-01,2025-04-01,10-2025,1796.0,929.48,67.0,6,0,6,51.75278396436526,Other_Power_Transmission,0.0,0.0,0,0
N18000375,TS FOR EVACUATION POWER FROM REZ IN RAJASTHAN (20GW) UNDER PHASE-III PART C1,2025-05-01,2023-10-01,04-2025,1796.0,1069.0,73.6,18,19,-1,59.521158129175944,Other_Power_Transmission,0.0,6.0,1,0
N18000375,TS FOR EVACUATION POWER FROM REZ IN RAJASTHAN (20GW) UNDER PHASE-III PART C1,2025-06-01,2023-10-01,04-2025,1796.0,1149.44,77.3,18,20,-2,64.0,Other_Power_Transmission,0.0,6.0,1,0
N18000376,TS FOR EVACUATION POWER FROM REZ IN RAJASTHAN (20GW) UNDER PHASE-III PART B1,2024-08-01,2023-09-01,04-2025,2191.0,431.06,12.0,19,11,8,19.6741214057508,Other_Power_Transmission,0.0,0.0,0,0
N18000376,TS FOR EVACUATION POWER FROM REZ IN RAJASTHAN (20GW) UNDER PHASE-III PART B1,2024-11-01,2023-09-01,04-2025,2191.0,668.26,42.0,19,14,5,30.50022820629849,Other_Power_Transmission,0.0,0.0,0,0
N18000376,TS FOR EVACUATION POWER FROM REZ IN RAJASTHAN (20GW) UNDER PHASE-III PART B1,2024-12-01,2023-09-01,04-2025,2191.0,738.26,47.0,19,15,4,33.69511638521223,Other_Power_Transmission,0.0,0.0,0,0
N18000376,TS FOR EVACUATION POWER FROM REZ IN RAJASTHAN (20GW) UNDER PHASE-III PART B1,2025-01-01,2023-09-01,04-2025,2191.0,843.26,53.0,19,16,3,38.48744865358284,Other_Power_Transmission,0.0,0.0,0,0
N18000376,TS FOR EVACUATION POWER FROM REZ IN RAJASTHAN (20GW) UNDER PHASE-III PART B1,2025-02-01,2023-09-01,04-2025,2191.0,895.26,58.0,19,17,2,40.860794157918754,Other_Power_Transmission,0.0,2.0,1,0
N18000376,TS FOR EVACUATION POWER FROM REZ IN RAJASTHAN (20GW) UNDER PHASE-III PART B1,2025-03-01,2023-09-01,04-2025,2191.0,980.26,64.0,19,18,1,44.74030123231401,Other_Power_Transmission,0.0,2.0,1,0
N18000376,TS FOR EVACUATION POWER FROM REZ IN RAJASTHAN (20GW) UNDER PHASE-III PART B1,2025-04-01,2023-09-01,04-2025,2191.0,1103.26,64.0,19,19,0,50.35417617526243,Other_Power_Transmission,0.0,4.0,1,0
N18000376,TS FOR EVACUATION POWER FROM REZ IN RAJASTHAN (20GW) UNDER PHASE-III PART B1,2025-05-01,2023-09-01,04-2025,2191.0,1440.66,67.9,19,20,-1,65.75353719762666,Other_Power_Transmission,0.0,4.0,1,0
N18000376,TS FOR EVACUATION POWER FROM REZ IN RAJASTHAN (20GW) UNDER PHASE-III PART B1,2025-06-01,2023-09-01,04-2025,2191.0,1511.45,75.7,19,21,-2,68.98448197170242,Other_Power_Transmission,0.0,5.0,1,0
N18000377,TS FOR EVACUATION OF 7GW RE INJECTION AT KHAVDA PS UNDER PHASE-IV PART E4,2024-09-01,2023-11-01,07-2025,224.0,0.0,0.0,20,10,10,0.0,Other_Power_Transmission,0.0,0.0,0,0
N18000377,TS FOR EVACUATION OF 7GW RE INJECTION AT KHAVDA PS UNDER PHASE-IV PART E4,2024-11-01,2023-11-01,07-2025,224.0,0.0,1.0,20,12,8,0.0,Other_Power_Transmission,0.0,0.0,0,0
N18000377,TS FOR EVACUATION OF 7GW RE INJECTION AT KHAVDA PS UNDER PHASE-IV PART E4,2024-12-01,2023-11-01,07-2025,224.0,0.0,3.0,20,13,7,0.0,Other_Power_Transmission,0.0,0.0,0,0
N18000377,TS FOR EVACUATION OF 7GW RE INJECTION AT KHAVDA PS UNDER PHASE-IV PART E4,2025-01-01,2023-11-01,07-2025,224.0,0.0,3.0,20,14,6,0.0,Other_Power_Transmission,0.0,0.0,0,0
N18000377,TS FOR EVACUATION OF 7GW RE INJECTION AT KHAVDA PS UNDER PHASE-IV PART E4,2025-02-01,2023-11-01,07-2025,224.0,0.0,3.0,20,15,5,0.0,Other_Power_Transmission,0.0,0.0,0,0
N18000377,TS FOR EVACUATION OF 7GW RE INJECTION AT KHAVDA PS UNDER PHASE-IV PART E4,2025-03-01,2023-11-01,07-2025,224.0,0.0,3.0,20,16,4,0.0,Other_Power_Transmission,0.0,0.0,0,0
N18000377,TS FOR EVACUATION OF 7GW RE INJECTION AT KHAVDA PS UNDER PHASE-IV PART E4,2025-04-01,2023-11-01,07-2025,224.0,0.0,5.0,20,17,3,0.0,Other_Power_Transmission,0.0,2.0,1,0
N18000377,TS FOR EVACUATION OF 7GW RE INJECTION AT KHAVDA PS UNDER PHASE- IV PART E4,2025-05-01,2023-11-01,07-2025,224.0,2.64,6.0,20,18,2,1.1785714285714286,Other_Power_Transmission,0.0,2.0,1,0
N18000377,TS FOR EVACUATION OF 7GW RE INJECTION AT KHAVDA PS UNDER PHASE-IV PART E4,2025-06-01,2023-11-01,07-2025,224.0,15.68,7.0,20,19,1,6.999999999999999,Other_Power_Transmission,0.0,4.0,1,0
N18000378,TS FOR EVACUATION POWER FROM REZ IN RAJASTHAN (20GW) UNDER PHASE-III PART J,2024-08-01,2022-12-01,03-2025,331.0,7.66,26.0,27,20,7,2.314199395770393,Other_Power_Transmission,0.0,5.0,1,0
N18000378,TS FOR EVACUATION POWER FROM REZ IN RAJASTHAN (20GW) UNDER PHASE-III PART J,2024-12-01,2022-12-01,03-2025,331.0,8.66,26.0,27,24,3,2.6163141993957706,Other_Power_Transmission,0.0,5.0,1,0
N18000378,TS FOR EVACUATION POWER FROM REZ IN RAJASTHAN (20GW) UNDER PHASE-III PART J,2025-01-01,2022-12-01,03-2025,331.0,8.66,26.0,27,25,2,2.6163141993957706,Other_Power_Transmission,0.0,5.0,1,0
N18000378,TS FOR EVACUATION POWER FROM REZ IN RAJASTHAN (20GW) UNDER PHASE-III PART J,2025-02-01,2022-12-01,03-2025,331.0,8.66,26.0,27,26,1,2.6163141993957706,Other_Power_Transmission,0.0,12.0,1,0
N18000378,TS FOR EVACUATION POWER FROM REZ IN RAJASTHAN (20GW) UNDER PHASE-III PART J,2025-03-01,2022-12-01,03-2025,331.0,8.66,26.0,27,27,0,2.6163141993957706,Other_Power_Transmission,0.0,13.0,1,0
N18000378,TS FOR EVACUATION POWER FROM REZ IN RAJASTHAN (20GW) UNDER PHASE-III PART J,2025-04-01,2025-03-01,04-2026,331.0,8.66,26.0,13,1,12,2.6163141993957706,Other_Power_Transmission,0.0,0.0,0,0
N18000378,TS FOR EVACUATION POWER FROM REZ IN RAJASTHAN (20GW) UNDER PHASE-III PART J,2025-05-01,2022-12-01,03-2025,331.0,8.66,26.0,27,29,-2,2.6163141993957706,Other_Power_Transmission,0.0,13.0,1,0
N18000378,TS FOR EVACUATION POWER FROM REZ IN RAJASTHAN (20GW) UNDER PHASE-III PART J,2025-06-01,2022-12-01,03-2025,331.0,18.23,27.0,27,30,-3,5.507552870090635,Other_Power_Transmission,0.0,13.0,1,0
N18000379,TS FOR EVACUATION POWER FROM REZ IN RAJASTHAN (20GW) UNDER PHASE-III PART E2,2024-08-01,2023-11-01,06-2025,428.0,0.0,1.0,19,9,10,0.0,Other_Power_Transmission,0.0,0.0,0,0
N18000379,1354 TS FOR EVACUATION POWER FROM REZ IN RAJASTHAN (20GW) UNDER PHASE-III PART E2,2024-09-01,2023-11-01,06-2025,428.0,0.0,1.0,19,10,9,0.0,Other_Power_Transmission,0.0,0.0,0,0
N18000379,TS FOR EVACUATION POWER FROM REZ IN RAJASTHAN (20GW) UNDER PHASE-III PART E2,2024-11-01,2023-11-01,06-2025,428.0,0.0,3.0,19,12,7,0.0,Other_Power_Transmission,0.0,0.0,0,0
N18000379,TS FOR EVACUATION POWER FROM REZ IN RAJASTHAN (20GW) UNDER PHASE-III PART E2,2024-12-01,2023-11-01,06-2025,428.0,0.0,6.0,19,13,6,0.0,Other_Power_Transmission,0.0,0.0,0,0
N18000379,TS FOR EVACUATION POWER FROM REZ IN RAJASTHAN (20GW) UNDER PHASE-III PART E2,2025-01-01,2023-11-01,06-2025,428.0,0.0,6.0,19,14,5,0.0,Other_Power_Transmission,0.0,0.0,0,0
N18000379,TS FOR EVACUATION POWER FROM REZ IN RAJASTHAN (20GW) UNDER PHASE-III PART E2,2025-02-01,2023-11-01,06-2025,428.0,0.0,6.0,19,15,4,0.0,Other_Power_Transmission,0.0,0.0,0,0
N18000379,TS FOR EVACUATION POWER FROM REZ IN RAJASTHAN (20GW) UNDER PHASE-III PART E2,2025-03-01,2023-11-01,06-2025,428.0,0.0,20.0,19,16,3,0.0,Other_Power_Transmission,0.0,0.0,0,0
N18000379,TS FOR EVACUATION POWER FROM REZ IN RAJASTHAN (20GW) UNDER PHASE-III PART E2,2025-04-01,2023-11-01,06-2025,428.0,0.0,35.0,19,17,2,0.0,Other_Power_Transmission,0.0,3.0,1,0
N18000379,TS FOR EVACUATION POWER FROM REZ IN RAJASTHAN (20GW) UNDER PHASE-III PART E2,2025-05-01,2023-11-01,06-2025,428.0,51.42,42.0,19,18,1,12.014018691588785,Other_Power_Transmission,0.0,3.0,1,0
N18000379,TS FOR EVACUATION POWER FROM REZ IN RAJASTHAN (20GW) UNDER PHASE-III PART E2,2025-06-01,2023-11-01,06-2025,428.0,85.6,45.0,19,19,0,20.0,Other_Power_Transmission,0.0,3.0,1,0
N18000380,TRANSMISSION SCHEME FOR SOLAR ENERGY ZONE IN ANANTHPURAM (2500MW) AND KURNOOL (1000MW),2024-08-01,2023-09-01,03-2025,1249.0,83.51,10.0,18,11,7,6.6861489191353085,Transmission_System,0.0,6.0,1,0
N18000380,TRANSMISSION SCHEME FOR SOLAR ENERGY ZONE IN ANANTHPURAM (2500MW) AND KURNOOL (1000MW),2024-09-01,2023-09-01,03-2025,1249.0,93.81,15.0,18,12,6,7.510808646917535,Transmission_System,0.0,6.0,1,0
N18000380,TRANSMISSION SCHEME FOR SOLAR ENERGY ZONE IN ANANTHPURAM (2500MW) AND KURNOOL (1000MW),2024-11-01,2023-09-01,03-2025,1249.0,144.81,39.0,18,14,4,11.594075260208166,Transmission_System,0.0,6.0,1,0
N18000380,TRANSMISSION SCHEME FOR SOLAR ENERGY ZONE IN ANANTHPURAM (2500MW) AND KURNOOL (1000MW),2024-12-01,2023-09-01,03-2025,1249.0,175.81,43.0,18,15,3,14.076060848678942,Transmission_System,0.0,6.0,1,0
N18000380,TRANSMISSION SCHEME FOR SOLAR ENERGY ZONE IN ANANTHPURAM (2500MW) AND KURNOOL (1000MW),2025-01-01,2023-09-01,03-2025,1249.0,226.81,46.0,18,16,2,18.159327461969575,Transmission_System,0.0,6.0,1,0
N18000380,TRANSMISSION SCHEME FOR SOLAR ENERGY ZONE IN ANANTHPURAM (2500MW) AND KURNOOL (1000MW),2025-02-01,2023-09-01,03-2025,1249.0,270.81,50.0,18,17,1,21.68214571657326,Transmission_System,0.0,6.0,1,0
N18000380,TRANSMISSION SCHEME FOR SOLAR ENERGY ZONE IN ANANTHPURAM (2500MW) AND KURNOOL (1000MW),2025-03-01,2023-09-01,03-2025,1249.0,340.81,52.0,18,18,0,27.286629303442755,Transmission_System,0.0,6.0,1,0
N18000380,TRANSMISSION SCHEME FOR SOLAR ENERGY ZONE IN ANANTHPURAM (2500MW) AND KURNOOL (1000MW),2025-04-01,2023-09-01,03-2025,1249.0,418.81,53.0,18,19,-1,33.531625300240194,Transmission_System,0.0,6.0,1,0
N18000380,TRANSMISSION SCHEME FOR SOLAR ENERGY ZONE IN ANANTHPURAM (2500MW) AND KURNOOL (1000MW),2025-05-01,2023-09-01,03-2025,1249.0,568.7,56.7,18,20,-2,45.53242594075261,Transmission_System,0.0,6.0,1,0
N18000380,TRANSMISSION SCHEME FOR SOLAR ENERGY ZONE IN ANANTHPURAM (2500MW) AND KURNOOL (1000MW),2025-06-01,2023-09-01,03-2025,1249.0,761.69,67.5,18,21,-3,60.98398718975181,Transmission_System,0.0,6.0,1,0
N18000383,TS FOR EVACUATION OF POWER FROM POTENTIAL RE ZONE IN KHAVDA AREA OF GUJARAT UNDER PH-IV PART E3,2024-09-01,2023-07-01,07-2025,334.0,0.0,0.0,24,14,10,0.0,Transmission_System,0.0,0.0,0,0
N18000383,TS FOR EVACUATION OF POWER FROM POTENTIAL RE ZONE IN KHAVDA AREA OF GUJARAT UNDER PH-IV PART E3,2024-12-01,2023-07-01,07-2025,334.0,0.0,3.0,24,17,7,0.0,Transmission_System,0.0,0.0,0,0
N18000383,TS FOR EVACUATION OF POWER FROM POTENTIAL RE ZONE IN KHAVDA AREA OF GUJARAT UNDER PH-IV PART E3,2025-01-01,2023-07-01,07-2025,334.0,0.0,4.0,24,18,6,0.0,Transmission_System,0.0,0.0,0,0
N18000383,TS FOR EVACUATION OF POWER FROM POTENTIAL RE ZONE IN KHAVDA AREA OF GUJARAT UNDER PH-IV PART E3,2025-02-01,2023-07-01,07-2025,334.0,0.0,6.0,24,19,5,0.0,Transmission_System,0.0,0.0,0,0
N18000383,TS FOR EVACUATION OF POWER FROM POTENTIAL RE ZONE IN KHAVDA AREA OF GUJARAT UNDER PH-IV PART E3,2025-03-01,2023-07-01,07-2025,334.0,0.0,12.0,24,20,4,0.0,Transmission_System,0.0,0.0,0,0
N18000383,TS FOR EVACUATION OF POWER FROM POTENTIAL RE ZONE IN KHAVDA AREA OF GUJARAT UNDER PH-IV PART E3,2025-04-01,2023-07-01,07-2025,334.0,0.0,15.0,24,21,3,0.0,Transmission_System,0.0,1.0,1,0
N18000383,TS FOR EVACUATION OF POWER FROM POTENTIAL RE ZONE IN KHAVDA AREA OF GUJARAT UNDER PH-IV PART E3,2025-05-01,2023-07-01,07-2025,334.0,33.54,18.0,24,22,2,10.04191616766467,Transmission_System,0.0,1.0,1,0
N18000383,TS FOR EVACUATION OF POWER FROM POTENTIAL RE ZONE IN KHAVDA AREA OF GUJARAT UNDER PH-IV PART E3,2025-06-01,2023-07-01,07-2025,334.0,63.46,21.0,24,23,1,19.0,Transmission_System,0.0,2.0,1,0
N18000384,TS FOR EVACUATION OF ADDITIONAL 7GW RE POWER FROM KHAVDA RE PARK UNDER PHASE-III PART B [VATAMAN TRA,2024-08-01,2023-12-01,12-2025,3752.0,113.02,1.0,24,8,16,3.0122601279317696,Other_Power_Transmission,0.0,0.0,0,0
N18000384,TS FOR EVACUATION OF ADDITIONAL 7GW RE POWER FROM KHAVDA RE PARK UNDER PHASE-III PART B [VATAMAN TRA,2024-09-01,2023-12-01,12-2025,3752.0,187.02,1.0,24,9,15,4.98454157782516,Other_Power_Transmission,0.0,0.0,0,0
N18000384,TS FOR EVACUATION OF ADDITIONAL 7GW RE POWER FROM KHAVDA RE PARK UNDER PHASE-III PART B [VATAMAN TRA,2024-11-01,2023-12-01,12-2025,3752.0,292.02,1.6,24,11,13,7.7830490405117265,Other_Power_Transmission,0.0,0.0,0,0
N18000384,TS FOR EVACUATION OF ADDITIONAL 7GW RE POWER FROM KHAVDA RE PARK UNDER PHASE-III PART B [VATAMAN TRA,2024-12-01,2023-12-01,12-2025,3752.0,351.02,4.0,24,12,12,9.355543710021324,Other_Power_Transmission,0.0,0.0,0,0
N18000384,TS FOR EVACUATION OF ADDITIONAL 7GW RE POWER FROM KHAVDA RE PARK UNDER PHASE-III PART B [VATAMAN TRA,2025-01-01,2023-12-01,12-2025,3752.0,357.02,5.0,24,13,11,9.51545842217484,Other_Power_Transmission,0.0,0.0,0,0
N18000384,TS FOR EVACUATION OF ADDITIONAL 7GW RE POWER FROM KHAVDA RE PARK UNDER PHASE-III PART B [VATAMAN TRA,2025-02-01,2023-12-01,12-2025,3752.0,497.02,7.0,24,14,10,13.24680170575693,Other_Power_Transmission,0.0,0.0,0,0
N18000384,TS FOR EVACUATION OF ADDITIONAL 7GW RE POWER FROM KHAVDA RE PARK UNDER PHASE-III PART B [VATAMAN TRA,2025-03-01,2023-12-01,12-2025,3752.0,617.02,9.0,24,15,9,16.445095948827294,Other_Power_Transmission,0.0,0.0,0,0
N18000384,TS FOR EVACUATION OF ADDITIONAL 7GW RE POWER FROM KHAVDA RE PARK UNDER PHASE-III PART B [VATAMAN TRA,2025-04-01,2023-12-01,12-2025,3752.0,797.02,12.0,24,16,8,21.24253731343283,Other_Power_Transmission,0.0,6.0,1,0
N18000384,TS FOR EVACUATION OF ADDITIONAL 7GW RE POWER FROM KHAVDA RE PARK UNDER PHASE-III PART B [VATAMAN TRA,2025-05-01,2023-12-01,12-2025,3752.0,1365.02,13.9,24,17,7,36.38113006396589,Other_Power_Transmission,0.0,6.0,1,0
N18000384,TS FOR EVACUATION OF ADDITIONAL 7GW RE POWER FROM KHAVDA RE PARK UNDER PHASE-III PART B [VATAMAN TRA,2025-06-01,2023-12-01,12-2025,3752.0,1463.23,20.0,24,18,6,38.99866737739872,Other_Power_Transmission,0.0,6.0,1,0
N18000385,TS FOR INTRGRATION OF RE ZONE (PHASE II) IN KOPPAL II (PHASE A&B) AND GADAG II (PHASE A) IN KARNATAK,2024-08-01,2023-12-01,12-2025,2889.0,0.0,0.0,24,8,16,0.0,Other_Power_Transmission,0.0,0.0,0,0
N18000385,TS FOR INTRGRATION OF RE ZONE (PHASE II) IN KOPPAL II (PHASE A&B) AND GADAG II (PHASE A) IN KARNATAK,2024-09-01,2023-12-01,12-2025,2889.0,0.0,0.0,24,9,15,0.0,Other_Power_Transmission,0.0,0.0,0,0
N18000385,TS FOR INTRGRATION OF RE ZONE (PHASE II) IN KOPPAL II (PHASE A and B) AND GADAG II (PHASE A) IN KARN,2024-12-01,2023-12-01,12-2025,2889.0,207.0,11.0,24,12,12,7.165109034267912,Other_Power_Transmission,0.0,0.0,0,0
N18000385,TS FOR INTRGRATION OF RE ZONE (PHASE II) IN KOPPAL II (PHASE A and B) AND GADAG II (PHASE A) IN KARN,2025-01-01,2023-12-01,12-2025,2889.0,250.0,13.0,24,13,11,8.653513326410522,Other_Power_Transmission,0.0,0.0,0,0
N18000385,TS FOR INTRGRATION OF RE ZONE (PHASE II) IN KOPPAL II (PHASE A and B) AND GADAG II (PHASE A) IN KARN,2025-02-01,2023-12-01,12-2025,2889.0,319.0,17.0,24,14,10,11.041883004499828,Other_Power_Transmission,0.0,0.0,0,0
N18000385,TS FOR INTRGRATION OF RE ZONE (PHASE II) IN KOPPAL II (PHASE A and B) AND GADAG II (PHASE A) IN KARN,2025-03-01,2023-12-01,12-2025,2889.0,413.0,20.0,24,15,9,14.295604015230184,Other_Power_Transmission,0.0,0.0,0,0
N18000385,TS FOR INTRGRATION OF RE ZONE (PHASE II) IN KOPPAL II (PHASE A and B) AND GADAG II (PHASE A) IN KARN,2025-04-01,2023-12-01,12-2025,2889.0,602.0,24.9,24,16,8,20.837660089996536,Other_Power_Transmission,0.0,0.0,0,0
N18000385,TS FOR INTRGRATION OF RE ZONE (PHASE II) IN KOPPAL II (PHASE A and B) AND GADAG II (PHASE A) IN KARN,2025-05-01,2023-12-01,12-2025,2889.0,891.98,28.5,24,17,7,30.87504326756663,Other_Power_Transmission,0.0,0.0,0,0
N18000385,TS FOR INTRGRATION OF RE ZONE (PHASE II) IN KOPPAL II (PHASE A and B) AND GADAG II (PHASE A) IN KARN,2025-06-01,2023-12-01,12-2025,2889.0,1011.29,36.7,24,18,6,35.00484596746279,Other_Power_Transmission,0.0,0.0,0,0
N18000386,TS FOR EVACUATION OF POWER FROM RAJASTHAN REZ PH-IV (PART-1) [BIKANER COMPLEX] PART A [BIKANER III N,2024-08-01,2023-12-01,12-2025,2998.0,107.08,3.0,24,8,16,3.5717144763175455,Transmission_System,0.0,0.0,0,0
N18000386,TS FOR EVACUATION OF POWER FROM RAJASTHAN REZ PH-IV (PART-1) [BIKANER COMPLEX] PART A [BIKANER III N,2024-11-01,2023-12-01,12-2025,2998.0,239.98,15.0,24,11,13,8.004669779853234,Transmission_System,0.0,0.0,0,0
N18000386,TS FOR EVACUATION OF POWER FROM RAJASTHAN REZ PH-IV (PART-1) [BIKANER COMPLEX] PART A [BIKANER III N,2024-12-01,2023-12-01,12-2025,2998.0,269.98,26.0,24,12,12,9.005336891260841,Transmission_System,0.0,0.0,0,0
N18000386,TS FOR EVACUATION OF POWER FROM RAJASTHAN REZ PH-IV (PART-1) [BIKANER COMPLEX] PART A [BIKANER III N,2025-01-01,2023-12-01,12-2025,2998.0,356.98,26.0,24,13,11,11.907271514342897,Transmission_System,0.0,0.0,0,0
N18000386,TS FOR EVACUATION OF POWER FROM RAJASTHAN REZ PH-IV (PART-1) [BIKANER COMPLEX] PART A [BIKANER III N,2025-02-01,2023-12-01,12-2025,2998.0,420.98,35.0,24,14,10,14.04202801867912,Transmission_System,0.0,0.0,0,0
N18000386,TS FOR EVACUATION OF POWER FROM RAJASTHAN REZ PH-IV (PART-1) [BIKANER COMPLEX] PART A [BIKANER III N,2025-03-01,2023-12-01,12-2025,2998.0,527.98,39.0,24,15,9,17.611074049366245,Transmission_System,0.0,0.0,0,0
N18000386,TS FOR EVACUATION OF POWER FROM RAJASTHAN REZ PH-IV (PART-1) [BIKANER COMPLEX] PART A [BIKANER III N,2025-04-01,2023-12-01,12-2025,2998.0,729.98,42.2,24,16,8,24.34889926617745,Transmission_System,0.0,0.0,0,0
N18000386,TS FOR EVACUATION OF POWER FROM RAJASTHAN REZ PH-IV (PART-1) [BIKANER COMPLEX] PART A [BIKANER III N,2025-05-01,2023-12-01,12-2025,2998.0,1112.98,45.3,24,17,7,37.124082721814545,Transmission_System,0.0,0.0,0,0
N18000386,TS FOR EVACUATION OF POWER FROM RAJASTHAN REZ PH-IV (PART-1) [BIKANER COMPLEX] PART A [BIKANER III N,2025-06-01,2023-12-01,12-2025,2998.0,1439.18,47.1,24,18,6,48.00466977985324,Transmission_System,0.0,0.0,0,0
N18000387,TS FOR EVACUATION OF POWER FROM RAJASTHAN REZ PH-IV (PART-1) [BIKANER COMPLEX] PART D [NEEMRANA II B,2024-11-01,2023-12-01,12-2025,2056.0,215.0,20.0,24,11,13,10.457198443579768,Transmission_System,0.0,0.0,0,0
N18000387,TS FOR EVACUATION OF POWER FROM RAJASTHAN REZ PH-IV (PART-1) [BIKANER COMPLEX] PART D [NEEMRANA II B,2024-12-01,2023-12-01,12-2025,2056.0,263.0,25.0,24,12,12,12.791828793774318,Transmission_System,0.0,0.0,0,0
N18000387,TS FOR EVACUATION OF POWER FROM RAJASTHAN REZ PH-IV (PART-1) [BIKANER COMPLEX] PART D [NEEMRANA II B,2025-01-01,2023-12-01,12-2025,2056.0,426.0,30.0,24,13,11,20.719844357976655,Transmission_System,0.0,0.0,0,0
N18000387,TS FOR EVACUATION OF POWER FROM RAJASTHAN REZ PH-IV (PART-1) [BIKANER COMPLEX] PART D [NEEMRANA II B,2025-02-01,2023-12-01,12-2025,2056.0,542.0,33.0,24,14,10,26.36186770428016,Transmission_System,0.0,0.0,0,0
N18000387,TS FOR EVACUATION OF POWER FROM RAJASTHAN REZ PH-IV (PART-1) [BIKANER COMPLEX] PART D [NEEMRANA II B,2025-03-01,2023-12-01,12-2025,2056.0,660.0,43.0,24,15,9,32.1011673151751,Transmission_System,0.0,0.0,0,0
N18000387,TS FOR EVACUATION OF POWER FROM RAJASTHAN REZ PH-IV (PART-1) [BIKANER COMPLEX] PART D [NEEMRANA II B,2025-04-01,2023-12-01,12-2025,2056.0,847.0,47.0,24,16,8,41.19649805447471,Transmission_System,0.0,0.0,0,0
N18000387,TS FOR EVACUATION OF POWER FROM RAJASTHAN REZ PH-IV (PART-1) [BIKANER COMPLEX] PART D [NEEMRANA II B,2025-05-01,2023-12-01,12-2025,2056.0,1318.23,50.7,24,17,7,64.11624513618676,Transmission_System,0.0,0.0,0,0
N18000387,TS FOR EVACUATION OF POWER FROM RAJASTHAN REZ PH-IV (PART-1) [BIKANER COMPLEX] PART D [NEEMRANA II B,2025-06-01,2023-12-01,12-2025,2056.0,1318.23,53.3,24,18,6,64.11624513618676,Transmission_System,0.0,0.0,0,0
N18000388,"TS FOR SOLAR ENERGY ZONE IN BIDAR (2500MW), KARNATAKA [BIDAR TRANSMISSION LTD]",2024-08-01,2024-02-01,02-2026,2148.0,0.0,3.0,24,6,18,0.0,Other_Power_Transmission,0.0,0.0,0,0
N18000388,"TS FOR SOLAR ENERGY ZONE IN BIDAR (2500MW), KARNATAKA [BIDAR TRANSMISSION LTD]",2024-09-01,2024-02-01,02-2026,2148.0,0.0,3.0,24,7,17,0.0,Other_Power_Transmission,0.0,0.0,0,0
N18000388,"TS FOR SOLAR ENERGY ZONE IN BIDAR (2500MW), KARNATAKA [BIDAR TRANSMISSION LTD]",2024-11-01,2024-02-01,02-2026,2148.0,173.0,17.0,24,9,15,8.054003724394786,Other_Power_Transmission,0.0,0.0,0,0
N18000388,"TS FOR SOLAR ENERGY ZONE IN BIDAR (2500MW), KARNATAKA [BIDAR TRANSMISSION LTD]",2024-12-01,2024-02-01,02-2026,2148.0,224.0,23.0,24,10,14,10.42830540037244,Other_Power_Transmission,0.0,0.0,0,0
N18000388,"TS FOR SOLAR ENERGY ZONE IN BIDAR (2500MW), KARNATAKA [BIDAR TRANSMISSION LTD]",2025-01-01,2024-02-01,02-2026,2148.0,318.0,28.0,24,11,13,14.80446927374302,Other_Power_Transmission,0.0,0.0,0,0
N18000388,"TS FOR SOLAR ENERGY ZONE IN BIDAR (2500MW), KARNATAKA [BIDAR TRANSMISSION LTD]",2025-02-01,2024-02-01,02-2026,2148.0,354.0,30.0,24,12,12,16.480446927374302,Other_Power_Transmission,0.0,0.0,0,0
N18000388,"TS FOR SOLAR ENERGY ZONE IN BIDAR (2500MW), KARNATAKA [BIDAR TRANSMISSION LTD]",2025-03-01,2024-02-01,02-2026,2148.0,436.0,36.0,24,13,11,20.297951582867785,Other_Power_Transmission,0.0,0.0,0,0
N18000388,"TS FOR SOLAR ENERGY ZONE IN BIDAR (2500MW), KARNATAKA [BIDAR TRANSMISSION LTD]",2025-04-01,2024-02-01,02-2026,2148.0,557.0,36.0,24,14,10,25.931098696461824,Other_Power_Transmission,0.0,0.0,0,0
N18000388,"TS FOR SOLAR ENERGY ZONE IN BIDAR (2500MW), KARNATAKA [BIDAR TRANSMISSION LTD]",2025-05-01,2024-02-01,02-2026,2148.0,846.6,43.8,24,15,9,39.41340782122905,Other_Power_Transmission,0.0,0.0,0,0
N18000388,"TS FOR SOLAR ENERGY ZONE IN BIDAR (2500MW), KARNATAKA [BIDAR TRANSMISSION LTD]",2025-06-01,2024-02-01,02-2026,2148.0,923.47,52.2,24,16,8,42.992085661080075,Other_Power_Transmission,0.0,0.0,0,0
N18000389,TS FOR EVACUATION OF POWER FROM REZ IN RAJASTHAN (20GW) UNDER PH-III PART D [SIKAR KHETRI TRANSMISSI,2024-11-01,2024-02-01,08-2025,2000.0,272.94,18.0,18,9,9,13.647,Transmission_System,0.0,0.0,0,0
N18000389,TS FOR EVACUATION OF POWER FROM REZ IN RAJASTHAN (20GW) UNDER PH-III PART D [SIKAR KHETRI TRANSMISSI,2024-12-01,2024-02-01,08-2025,2000.0,393.0,28.0,18,10,8,19.65,Transmission_System,0.0,0.0,0,0
N18000389,TS FOR EVACUATION OF POWER FROM REZ IN RAJASTHAN (20GW) UNDER PH-III PART D [SIKAR KHETRI TRANSMISSI,2025-01-01,2024-02-01,08-2025,2000.0,482.0,32.0,18,11,7,24.1,Transmission_System,0.0,0.0,0,0
N18000389,TS FOR EVACUATION OF POWER FROM REZ IN RAJASTHAN (20GW) UNDER PH-III PART D [SIKAR KHETRI TRANSMISSI,2025-02-01,2024-02-01,08-2025,2000.0,535.0,43.0,18,12,6,26.75,Transmission_System,0.0,0.0,0,0
N18000389,TS FOR EVACUATION OF POWER FROM REZ IN RAJASTHAN (20GW) UNDER PH-III PART D [SIKAR KHETRI TRANSMISSI,2025-03-01,2024-02-01,08-2025,2000.0,683.0,47.0,18,13,5,34.150000000000006,Transmission_System,0.0,0.0,0,0
N18000389,TS FOR EVACUATION OF POWER FROM REZ IN RAJASTHAN (20GW) UNDER PH- III PART D [SIKAR KHETRI TRANSMISSI,2025-04-01,2024-02-01,08-2025,2000.0,823.0,50.9,18,14,4,41.15,Transmission_System,0.0,0.0,0,0
N18000389,TS FOR EVACUATION OF POWER FROM REZ IN RAJASTHAN (20GW) UNDER PH-III PART D [SIKAR KHETRI TRANSMISSI,2025-05-01,2024-02-01,08-2025,2000.0,823.0,51.0,18,15,3,41.15,Transmission_System,0.0,0.0,0,0
N18000389,TS FOR EVACUATION OF POWER FROM REZ IN RAJASTHAN (20GW) UNDER PH-III PART D [SIKAR KHETRI TRANSMISSI,2025-06-01,2024-02-01,08-2025,2000.0,1200.0,58.0,18,16,2,60.0,Transmission_System,0.0,1.0,1,0
N18000390,TS FOR EVACUATION OF POWER FROM 7GW REZ IN KHAVDA AREA UNDER PHASE-IV PART E2,2024-09-01,2024-05-01,05-2026,679.0,0.0,0.0,24,4,20,0.0,Transmission_System,0.0,0.0,0,0
N18000390,TS FOR EVACUATION OF POWER FROM 7GW REZ IN KHAVDA AREA UNDER PHASE-IV PART E2,2024-11-01,2024-05-01,05-2026,679.0,0.0,0.0,24,6,18,0.0,Transmission_System,0.0,0.0,0,0
N18000390,TS FOR EVACUATION OF POWER FROM 7GW REZ IN KHAVDA AREA UNDER PHASE-IV PART E2,2024-12-01,2024-05-01,05-2026,679.0,0.0,3.0,24,7,17,0.0,Transmission_System,0.0,0.0,0,0
N18000390,TS FOR EVACUATION OF POWER FROM 7GW REZ IN KHAVDA AREA UNDER PHASE-IV PART E2,2025-01-01,2024-05-01,05-2026,679.0,0.0,4.0,24,8,16,0.0,Transmission_System,0.0,0.0,0,0
N18000390,TS FOR EVACUATION OF POWER FROM 7GW REZ IN KHAVDA AREA UNDER PHASE-IV PART E2,2025-02-01,2024-05-01,05-2026,679.0,0.0,6.0,24,9,15,0.0,Transmission_System,0.0,0.0,0,0
N18000390,TS FOR EVACUATION OF POWER FROM 7GW REZ IN KHAVDA AREA UNDER PHASE-IV PART E2,2025-03-01,2024-05-01,05-2026,679.0,0.0,9.0,24,10,14,0.0,Transmission_System,0.0,0.0,0,0
N18000390,TS FOR EVACUATION OF POWER FROM 7GW REZ IN KHAVDA AREA UNDER PHASE-IV PART E2,2025-04-01,2024-05-01,05-2026,679.0,0.0,12.0,24,11,13,0.0,Transmission_System,0.0,0.0,0,0
N18000390,TS FOR EVACUATION OF POWER FROM 7GW REZ IN KHAVDA AREA UNDER PHASE- IV PART E2,2025-05-01,2024-05-01,05-2026,679.0,47.74,15.0,24,12,12,7.030927835051546,Transmission_System,0.0,0.0,0,0
N18000390,TS FOR EVACUATION OF POWER FROM 7GW REZ IN KHAVDA AREA UNDER PHASE-IV PART E2,2025-06-01,2024-05-01,05-2026,679.0,67.9,16.8,24,13,11,10.0,Transmission_System,0.0,-3.0,0,0
N18000391,TS FOR EVACUATION POWER FROM RAJASTHAN REZ PH-IV (PART-2:5.5GW) PART-B (JAISALMER/BARMER COMPLEX),2024-11-01,2024-08-01,08-2026,3279.0,0.0,0.0,24,3,21,0.0,Other_Power_Transmission,0.0,0.0,0,0
N18000391,TS FOR EVACUATION POWER FROM RAJASTHAN REZ PH-IV (PART-2:5.5GW) PART- B (JAISALMER/BARMER COMPLEX),2024-12-01,2024-08-01,08-2026,3279.0,34.0,2.0,24,4,20,1.036901494358036,Other_Power_Transmission,0.0,0.0,0,0
N18000391,TS FOR EVACUATION POWER FROM RAJASTHAN REZ PH-IV (PART-2:5.5GW) PART-B (JAISALMER/BARMER COMPLEX),2025-01-01,2024-08-01,08-2026,3279.0,34.0,4.0,24,5,19,1.036901494358036,Other_Power_Transmission,0.0,0.0,0,0
N18000391,TS FOR EVACUATION POWER FROM RAJASTHAN REZ PH-IV (PART-2:5.5GW) PART-B (JAISALMER/BARMER COMPLEX),2025-02-01,2024-08-01,08-2026,3279.0,43.0,7.0,24,6,18,1.3113754193351632,Other_Power_Transmission,0.0,0.0,0,0
N18000391,TS FOR EVACUATION POWER FROM RAJASTHAN REZ PH-IV (PART-2:5.5GW) PART-B (JAISALMER/BARMER COMPLEX),2025-03-01,2024-08-01,08-2026,3279.0,61.0,7.0,24,7,17,1.8603232692894176,Other_Power_Transmission,0.0,0.0,0,0
N18000391,TS FOR EVACUATION POWER FROM RAJASTHAN REZ PH-IV (PART-2:5.5GW) PART-B (JAISALMER/BARMER COMPLEX),2025-04-01,2024-08-01,08-2026,3279.0,134.0,10.9,24,8,16,4.086611771881672,Other_Power_Transmission,0.0,0.0,0,0
N18000391,TS FOR EVACUATION POWER FROM RAJASTHAN REZ PH-IV (PART-2:5.5GW) PART-B (JAISALMER/BARMER COMPLEX),2025-05-01,2024-08-01,08-2026,3279.0,293.9,16.4,24,9,15,8.963098505641963,Other_Power_Transmission,0.0,0.0,0,0
N18000391,TS FOR EVACUATION POWER FROM RAJASTHAN REZ PH-IV (PART-2:5.5GW) PART-B (JAISALMER/BARMER COMPLEX),2025-06-01,2024-08-01,08-2026,3279.0,491.85,18.6,24,10,14,15.0,Other_Power_Transmission,0.0,0.0,0,0
N18000392,TS FOR EVACUATION POWER RAJASTHAN REZ PH-IV (PART- 2:5.5GW) (JAISALMER/BARMER COMPLEX): PART-C,2024-11-01,2024-08-01,08-2026,2708.0,0.0,0.0,24,3,21,0.0,Other_Power_Transmission,0.0,0.0,0,0
N18000392,TS FOR EVACUATION POWER RAJASTHAN REZ PH-IV (PART-2:5.5GW) (JAISALMER/BARMER COMPLEX): PART-C,2024-12-01,2024-08-01,08-2026,2708.0,25.0,5.0,24,4,20,0.9231905465288036,Other_Power_Transmission,0.0,0.0,0,0
N18000392,TS FOR EVACUATION POWER RAJASTHAN REZ PH-IV (PART-2:5.5GW) (JAISALMER/BARMER COMPLEX): PART- C,2025-01-01,2024-08-01,08-2026,2708.0,27.0,6.0,24,5,19,0.9970457902511078,Other_Power_Transmission,0.0,0.0,0,0
N18000392,TS FOR EVACUATION POWER RAJASTHAN REZ PH-IV (PART- 2:5.5GW) (JAISALMER/BARMER COMPLEX): PART-C,2025-02-01,2024-08-01,08-2026,2708.0,27.0,6.0,24,6,18,0.9970457902511078,Other_Power_Transmission,0.0,0.0,0,0
N18000392,TS FOR EVACUATION POWER RAJASTHAN REZ PH-IV (PART- 2:5.5GW) (JAISALMER/BARMER COMPLEX): PART-C,2025-03-01,2024-08-01,08-2026,2708.0,45.0,15.0,24,7,17,1.6617429837518465,Other_Power_Transmission,0.0,0.0,0,0
N18000392,TS FOR EVACUATION POWER RAJASTHAN REZ PH-IV (PART- 2:5.5GW) (JAISALMER/BARMER COMPLEX): PART-C,2025-04-01,2024-08-01,08-2026,2708.0,75.0,18.7,24,8,16,2.769571639586411,Other_Power_Transmission,0.0,0.0,0,0
N18000392,TS FOR EVACUATION POWER RAJASTHAN REZ PH-IV (PART-2:5.5GW) (JAISALMER/BARMER COMPLEX): PART-C,2025-05-01,2024-08-01,08-2026,2708.0,189.9,21.7,24,9,15,7.012555391432793,Other_Power_Transmission,0.0,0.0,0,0
N18000392,TS FOR EVACUATION POWER RAJASTHAN REZ PH-IV (PART-2:5.5GW) (JAISALMER/BARMER COMPLEX): PART- C,2025-06-01,2024-08-01,08-2026,2708.0,622.84,25.7,24,10,14,23.0,Other_Power_Transmission,0.0,0.0,0,0
N18000393,TS FOR EVACUATION POWER FROM RAJASTHAN REZ PH-IV (PART-2:5.5GW) (JAISALMER/BARMER COMPLEX) PART-C,2024-12-01,2024-08-01,08-2026,2227.0,0.0,5.0,24,4,20,0.0,Other_Power_Transmission,0.0,0.0,0,0
N18000393,TS FOR EVACUATION POWER FROM RAJASTHAN REZ PH-IV (PART-2:5.5GW) (JAISALMER/BARMER COMPLEX) PART-C,2025-01-01,2024-08-01,08-2026,2227.0,0.0,6.0,24,5,19,0.0,Other_Power_Transmission,0.0,0.0,0,0
N18000393,TS FOR EVACUATION POWER FROM RAJASTHAN REZ PH-IV (PART-2:5.5GW) (JAISALMER/BARMER COMPLEX) PART-C,2025-02-01,2024-08-01,08-2026,2227.0,66.0,9.0,24,6,18,2.9636281993713514,Other_Power_Transmission,0.0,0.0,0,0
N18000393,TS FOR EVACUATION POWER FROM RAJASTHAN REZ PH-IV (PART-2:5.5GW) (JAISALMER/BARMER COMPLEX) PART-C,2025-03-01,2024-08-01,08-2026,2227.0,72.0,10.0,24,7,17,3.2330489447687474,Other_Power_Transmission,0.0,0.0,0,0
N18000393,TS FOR EVACUATION POWER FROM RAJASTHAN REZ PH-IV (PART-2:5.5GW) (JAISALMER/BARMER COMPLEX) PART-C,2025-04-01,2024-08-01,08-2026,2227.0,123.0,13.5,24,8,16,5.523125280646609,Other_Power_Transmission,0.0,0.0,0,0
N18000393,TS FOR EVACUATION POWER FROM RAJASTHAN REZ PH-IV (PART-2:5.5GW) (JAISALMER/BARMER COMPLEX) PART-C,2025-05-01,2024-08-01,08-2026,2227.0,292.59,16.4,24,9,15,13.138302649303997,Other_Power_Transmission,0.0,0.0,0,0
N18000393,TS FOR EVACUATION POWER FROM RAJASTHAN REZ PH-IV (PART-2:5.5GW) (JAISALMER/BARMER COMPLEX) PART- C,2025-06-01,2024-08-01,08-2026,2227.0,489.94,18.6,24,10,14,22.0,Other_Power_Transmission,0.0,0.0,0,0
N18000394,TS FOR EVACUATION POWER FROM RAJASTHAN REZ PH-IV (PART-2:5.5GW) (JAISALMER/BARMER COMPLEX) PART-E,2024-11-01,2024-08-01,08-2026,3251.0,0.0,0.0,24,3,21,0.0,Other_Power_Transmission,0.0,0.0,0,0
N18000394,TS FOR EVACUATION POWER FROM RAJASTHAN REZ PH-IV (PART-2:5.5GW) (JAISALMER/BARMER COMPLEX) PART-E,2024-12-01,2024-08-01,08-2026,3251.0,39.0,5.0,24,4,20,1.1996308828052906,Other_Power_Transmission,0.0,0.0,0,0
N18000394,TS FOR EVACUATION POWER FROM RAJASTHAN REZ PH-IV (PART-2:5.5GW) (JAISALMER/BARMER COMPLEX) PART-E,2025-01-01,2024-08-01,08-2026,3251.0,62.0,6.0,24,5,19,1.9071055059981543,Other_Power_Transmission,0.0,0.0,0,0
N18000394,TS FOR EVACUATION POWER FROM RAJASTHAN REZ PH-IV (PART-2:5.5GW) (JAISALMER/BARMER COMPLEX) PART-E,2025-02-01,2024-08-01,08-2026,3251.0,75.0,7.0,24,6,18,2.3069824669332513,Other_Power_Transmission,0.0,0.0,0,0
N18000394,TS FOR EVACUATION POWER FROM RAJASTHAN REZ PH-IV (PART-2:5.5GW) (JAISALMER/BARMER COMPLEX) PART-E,2025-03-01,2024-08-01,08-2026,3251.0,139.0,9.0,24,7,17,4.275607505382959,Other_Power_Transmission,0.0,0.0,0,0
N18000394,TS FOR EVACUATION POWER FROM RAJASTHAN REZ PH-IV (PART-2:5.5GW) (JAISALMER/BARMER COMPLEX) PART-E,2025-04-01,2024-08-01,08-2026,3251.0,241.0,11.6,24,8,16,7.4131036604121805,Other_Power_Transmission,0.0,0.0,0,0
N18000394,TS FOR EVACUATION POWER FROM RAJASTHAN REZ PH-IV (PART-2:5.5GW) (JAISALMER/BARMER COMPLEX) PART-E,2025-05-01,2024-08-01,08-2026,3251.0,426.6,13.4,24,9,15,13.122116271916337,Other_Power_Transmission,0.0,0.0,0,0
N18000394,TS FOR EVACUATION POWER FROM RAJASTHAN REZ PH-IV (PART-2:5.5GW) (JAISALMER/BARMER COMPLEX) PART- E,2025-06-01,2024-08-01,08-2026,3251.0,650.2,16.2,24,10,14,20.0,Other_Power_Transmission,0.0,0.0,0,0
N18000395,AUGMENTATION OF 1500MVA 3RD 765/400KV TRANSFORMATION CAPACITY AT KURNOOL NEW SUBSTATION,2024-12-01,2023-05-01,09-2025,164.0,4.0,2.0,28,19,9,2.4390243902439024,Substation_Grid_Equipment,0.0,0.0,0,0
N18000395,AUGMENTATION OF 1500MVA 3RD 765/400KV TRANSFORMATION CAPACITY AT KURNOOL NEW SUBSTATION,2025-01-01,2023-05-01,09-2025,164.0,5.0,9.0,28,20,8,3.048780487804878,Substation_Grid_Equipment,0.0,0.0,0,0
N18000395,AUGMENTATION OF 1500MVA 3RD 765/400KV TRANSFORMATION CAPACITY AT KURNOOL NEW SUBSTATION,2025-02-01,2023-05-01,09-2025,164.0,66.0,12.0,28,21,7,40.2439024390244,Substation_Grid_Equipment,0.0,0.0,0,0
N18000395,AUGMENTATION OF 1500MVA 3RD 765/400KV TRANSFORMATION CAPACITY AT KURNOOL NEW SUBSTATION,2025-03-01,2023-05-01,09-2025,164.0,66.0,15.0,28,22,6,40.2439024390244,Substation_Grid_Equipment,0.0,0.0,0,0
N18000395,AUGMENTATION OF 1500MVA 3RD 765/400KV TRANSFORMATION CAPACITY AT KURNOOL NEW SUBSTATION,2025-04-01,2023-05-01,09-2025,164.0,66.0,15.0,28,23,5,40.2439024390244,Substation_Grid_Equipment,0.0,0.0,0,0
N18000395,AUGMENTATION OF 1500MVA 3RD 765/400KV TRANSFORMATION CAPACITY AT KURNOOL NEW SUBSTATION,2025-05-01,2023-05-01,09-2025,164.0,60.0,21.0,28,24,4,36.58536585365854,Substation_Grid_Equipment,0.0,0.0,0,0
N18000395,AUGMENTATION OF 1500MVA 3RD 765/400KV TRANSFORMATION CAPACITY AT KURNOOL NEW SUBSTATION,2025-06-01,2023-05-01,09-2025,164.0,60.0,33.0,28,25,3,36.58536585365854,Substation_Grid_Equipment,0.0,0.0,0,0
N18000396,ADDITIONAL TRANSMISSION SYSTEM FOR EVACUATION OF POWER FROM BHADLA-III PS AS PART OF RAJASTHAN REZ P,2025-02-01,2024-08-01,02-2026,369.0,0.0,1.0,18,6,12,0.0,Transmission_System,0.0,0.0,0,0
N18000396,ADDITIONAL TRANSMISSION SYSTEM FOR EVACUATION OF POWER FROM BHADLA-III PS AS PART OF RAJASTHAN REZ P,2025-03-01,2024-08-01,02-2026,369.0,0.0,1.0,18,7,11,0.0,Transmission_System,0.0,0.0,0,0
N18000396,ADDITIONAL TRANSMISSION SYSTEM FOR EVACUATION OF POWER FROM BHADLA-III PS AS PART OF RAJASTHAN REZ P,2025-04-01,2024-08-01,02-2026,369.0,0.0,1.0,18,8,10,0.0,Transmission_System,0.0,0.0,0,0
N18000396,ADDITIONAL TRANSMISSION SYSTEM FOR EVACUATION OF POWER FROM BHADLA-III PS AS PART OF RAJASTHAN REZ P,2025-05-01,2024-08-01,02-2026,369.0,0.0,1.0,18,9,9,0.0,Transmission_System,0.0,0.0,0,0
N18000396,ADDITIONAL TRANSMISSION SYSTEM FOR EVACUATION OF POWER FROM BHADLA-III PS AS PART OF RAJASTHAN REZ P,2025-06-01,2024-08-01,02-2026,369.0,10.3,3.8,18,10,8,2.791327913279133,Transmission_System,0.0,0.0,0,0
N18000397,TRANSMISSION SYSTEM STRENGTHENING FOR INTERCONNECTIONS OF BHADLA-III AND BIKANER III COMPLEX [SPV NA,2025-02-01,2024-08-01,08-2026,1382.0,0.0,1.0,24,6,18,0.0,Transmission_System,0.0,0.0,0,0
N18000397,TRANSMISSION SYSTEM STRENGTHENING FOR INTERCONNECTIONS OF BHADLA- III AND BIKANER III COMPLEX [SPV NA,2025-03-01,2024-08-01,08-2026,1382.0,0.0,1.0,24,7,17,0.0,Transmission_System,0.0,0.0,0,0
N18000397,TRANSMISSION SYSTEM STRENGTHENING FOR INTERCONNECTIONS OF BHADLA-III AND BIKANER III COMPLEX [SPV NA,2025-04-01,2024-08-01,08-2026,1382.0,0.0,1.0,24,8,16,0.0,Transmission_System,0.0,0.0,0,0
N18000397,TRANSMISSION SYSTEM STRENGTHENING FOR INTERCONNECTIONS OF BHADLA-III AND BIKANER III COMPLEX [SPV NA,2025-05-01,2024-08-01,08-2026,1382.0,0.0,1.0,24,9,15,0.0,Transmission_System,0.0,0.0,0,0
N18000397,TRANSMISSION SYSTEM STRENGTHENING FOR INTERCONNECTIONS OF BHADLA-III AND BIKANER III COMPLEX [SPV NA,2025-06-01,2024-08-01,08-2026,1382.0,27.6,1.0,24,10,14,1.9971056439942112,Transmission_System,0.0,0.0,0,0
N18000398,AUGMENTATION OF TRANSFORMATION CAPACITY AT JAM KHAMBHALIYA PS [GIS] [SPV NAME POWERGRID JAM KHAMBHAL,2025-02-01,2024-10-01,07-2026,329.0,0.0,1.0,21,4,17,0.0,Substation_Grid_Equipment,0.0,0.0,0,0
N18000398,AUGMENTATION OF TRANSFORMATION CAPACITY AT JAM KHAMBHALIYA PS [GIS] [SPV NAME POWERGRID JAM KHAMBHAL,2025-03-01,2024-10-01,07-2026,329.0,0.0,1.0,21,5,16,0.0,Substation_Grid_Equipment,0.0,0.0,0,0
N18000398,AUGMENTATION OF TRANSFORMATION CAPACITY AT JAM KHAMBHALIYA PS [GIS] [SPV NAME POWERGRID JAM KHAMBHAL,2025-04-01,2024-10-01,07-2026,329.0,0.0,1.0,21,6,15,0.0,Substation_Grid_Equipment,0.0,0.0,0,0
N18000398,AUGMENTATION OF TRANSFORMATION CAPACITY AT JAM KHAMBHALIYA PS [GIS] [SPV NAME POWERGRID JAM KHAMBHAL,2025-05-01,2024-10-01,07-2026,329.0,0.0,1.0,21,7,14,0.0,Substation_Grid_Equipment,0.0,0.0,0,0
N18000398,AUGMENTATION OF TRANSFORMATION CAPACITY AT JAM KHAMBHALIYA PS [GIS] [SPV NAME POWERGRID JAM KHAMBHAL,2025-06-01,2024-10-01,07-2026,329.0,9.87,1.0,21,8,13,3.0,Substation_Grid_Equipment,0.0,0.0,0,0
N18000399,TRANSMISSION SYSTEM FOR EVACUATION OF POWER FROM RAJASTHAN REZ PH-IV [PART-2 5.5GW] [JAISALMER/BARME,2025-01-01,2024-10-01,10-2026,3674.0,54.0,1.0,24,3,21,1.4697876973326074,Transmission_System,0.0,0.0,0,0
N18000399,TRANSMISSION SYSTEM FOR EVACUATION OF POWER FROM RAJASTHAN REZ PH-IV [PART-2 5.5GW] [JAISALMER/BARME,2025-02-01,2024-10-01,10-2026,3674.0,74.0,1.0,24,4,20,2.014153511159499,Transmission_System,0.0,0.0,0,0
N18000399,TRANSMISSION SYSTEM FOR EVACUATION OF POWER FROM RAJASTHAN REZ PH-IV [PART-2 5.5GW] [JAISALMER/BARME,2025-03-01,2024-10-01,10-2026,3674.0,74.0,1.0,24,5,19,2.014153511159499,Transmission_System,0.0,0.0,0,0
N18000399,TRANSMISSION SYSTEM FOR EVACUATION OF POWER FROM RAJASTHAN REZ PH-IV [PART-2 5.5GW] [JAISALMER/BARME,2025-04-01,2024-10-01,10-2026,3674.0,81.0,7.0,24,6,18,2.2046815459989113,Transmission_System,0.0,0.0,0,0
N18000399,TRANSMISSION SYSTEM FOR EVACUATION OF POWER FROM RAJASTHAN REZ PH-IV [PART-2 5.5GW] [JAISALMER/BARME,2025-05-01,2024-10-01,10-2026,3674.0,234.57,10.3,24,7,17,6.384594447468698,Transmission_System,0.0,0.0,0,0
N18000399,TRANSMISSION SYSTEM FOR EVACUATION OF POWER FROM RAJASTHAN REZ PH-IV [PART-2 5.5GW] [JAISALMER/BARME,2025-06-01,2024-10-01,10-2026,3674.0,345.36,12.7,24,8,16,9.400108873162766,Transmission_System,0.0,0.0,0,0
N18000400,TRANSMISSION SYSTEM FOR EVACUATION OF POWER FROM POTENTIAL RENEWABLE ENERGY ZONE IN KHAVDA AREA OF G,2025-01-01,2024-10-01,10-2026,4766.0,65.0,1.0,24,3,21,1.3638271086865297,Transmission_System,0.0,0.0,0,0
N18000400,TRANSMISSION SYSTEM FOR EVACUATION OF POWER FROM POTENTIAL RENEWABLE ENERGY ZONE IN KHAVDA AREA OF G,2025-02-01,2024-10-01,10-2026,4766.0,65.0,1.0,24,4,20,1.3638271086865297,Transmission_System,0.0,0.0,0,0
N18000400,TRANSMISSION SYSTEM FOR EVACUATION OF POWER FROM POTENTIAL RENEWABLE ENERGY ZONE IN KHAVDA AREA OF G,2025-03-01,2024-10-01,10-2026,4766.0,110.0,1.0,24,5,19,2.308015107007973,Transmission_System,0.0,0.0,0,0
N18000400,TRANSMISSION SYSTEM FOR EVACUATION OF POWER FROM POTENTIAL RENEWABLE ENERGY ZONE IN KHAVDA AREA OF G,2025-04-01,2024-10-01,10-2026,4766.0,155.0,2.5,24,6,18,3.252203105329417,Transmission_System,0.0,0.0,0,0
N18000400,TRANSMISSION SYSTEM FOR EVACUATION OF POWER FROM POTENTIAL RENEWABLE ENERGY ZONE IN KHAVDA AREA OF G,2025-05-01,2024-10-01,10-2026,4766.0,280.03,4.2,24,7,17,5.875577003776752,Transmission_System,0.0,0.0,0,0
N18000400,TRANSMISSION SYSTEM FOR EVACUATION OF POWER FROM POTENTIAL RENEWABLE ENERGY ZONE IN KHAVDA AREA OF G,2025-06-01,2024-10-01,10-2026,4766.0,333.62,5.1,24,8,16,7.000000000000001,Transmission_System,0.0,0.0,0,0
N18000401,TRANSMISSION SYSTEM FOR EVACUATION OF POWER FROM RAJASTHAN REZ PH -IV [PART-2 5.5 GW] [JAISALMER/BAR,2025-05-01,2024-11-01,11-2026,2735.0,0.0,0.7,24,6,18,0.0,Transmission_System,0.0,0.0,0,0
N18000401,TRANSMISSION SYSTEM FOR EVACUATION OF POWER FROM RAJASTHAN REZ PH -IV [PART-2 5.5 GW] [JAISALMER/BAR,2025-06-01,2024-11-01,11-2026,2735.0,27.35,3.8,24,7,17,1.0,Transmission_System,0.0,0.0,0,0
N18000402,PROVISION OF DYNAMIC REACTIVE COMPENSATION AT KHAVDA POOLING STATION 1 [KPS1] AND KHAVDA POOLING STA,2025-02-01,2024-11-01,11-2026,501.0,0.0,6.0,24,3,21,0.0,Substation_Grid_Equipment,0.0,-6.0,0,0
N18000402,PROVISION OF DYNAMIC REACTIVE COMPENSATION AT KHAVDA POOLING STATION 1 [KPS1] AND KHAVDA POOLING STA,2025-03-01,2024-11-01,11-2026,501.0,0.0,1.0,24,4,20,0.0,Substation_Grid_Equipment,0.0,0.0,0,0
N18000402,PROVISION OF DYNAMIC REACTIVE COMPENSATION AT KHAVDA POOLING STATION 1 [KPS1] AND KHAVDA POOLING STA,2025-04-01,2024-11-01,11-2026,501.0,0.0,1.0,24,5,19,0.0,Substation_Grid_Equipment,0.0,0.0,0,0
N18000402,PROVISION OF DYNAMIC REACTIVE COMPENSATION AT KHAVDA POOLING STATION 1 [KPS1] AND KHAVDA POOLING STA,2025-05-01,2024-11-01,11-2026,501.0,0.0,1.0,24,6,18,0.0,Substation_Grid_Equipment,0.0,0.0,0,0
N18000402,PROVISION OF DYNAMIC REACTIVE COMPENSATION AT KHAVDA POOLING STATION 1 [KPS1] AND KHAVDA POOLING STA,2025-06-01,2024-11-01,11-2026,501.0,5.01,1.0,24,7,17,1.0,Substation_Grid_Equipment,0.0,0.0,0,0
N18000404,TRANSMISSION SYSTEM FOR EVACUATION OF POWER FROM RAJASTHAN REZ PH-IV [PART-3 (6 GW)] [BIKANER COMPLE,2025-05-01,2024-11-01,11-2026,5357.0,67.82,3.7,24,6,18,1.266007093522494,Transmission_System,0.0,0.0,0,0
N18000404,TRANSMISSION SYSTEM FOR EVACUATION OF POWER FROM RAJASTHAN REZ PH-IV [PART-3 (6 GW)] [BIKANER COMPLE,2025-06-01,2024-11-01,11-2026,5357.0,107.14,3.8,24,7,17,2.0,Transmission_System,0.0,0.0,0,0
N18000405,TRANSMISSION SYSTEM FOR EVACUATION OF POWER FROM POTENTIAL RENEWABLE ENERGY ZONE IN KHAVDA AREA OF G,2025-02-01,2024-11-01,05-2029,24819.0,1340.0,1.0,54,3,51,5.399089407308916,Transmission_System,0.0,0.0,0,0
N18000405,TRANSMISSION SYSTEM FOR EVACUATION OF POWER FROM POTENTIAL RENEWABLE ENERGY ZONE IN KHAVDA AREA OF G,2025-03-01,2024-11-01,05-2029,24819.0,1340.0,1.0,54,4,50,5.399089407308916,Transmission_System,0.0,0.0,0,0
N18000405,TRANSMISSION SYSTEM FOR EVACUATION OF POWER FROM POTENTIAL RENEWABLE ENERGY ZONE IN KHAVDA AREA OF G,2025-04-01,2024-11-01,05-2029,24819.0,1340.0,1.0,54,5,49,5.399089407308916,Transmission_System,0.0,0.0,0,0
N18000405,TRANSMISSION SYSTEM FOR EVACUATION OF POWER FROM POTENTIAL RENEWABLE ENERGY ZONE IN KHAVDA AREA OF G,2025-05-01,2024-11-01,05-2029,24819.0,1454.4,1.0,54,6,48,5.860026592529917,Transmission_System,0.0,0.0,0,0
N18000405,TRANSMISSION SYSTEM FOR EVACUATION OF POWER FROM POTENTIAL RENEWABLE ENERGY ZONE IN KHAVDA AREA OF G,2025-06-01,2024-11-01,05-2029,24819.0,1240.3,1.0,54,7,47,4.997381038720335,Transmission_System,0.0,0.0,0,0
N18000407,TRANSMISSION SYSTEM FOR EVACUATION OF POWER FROM RAJASTHAN REZ PH-IV (PART-4: 3.5 GW): PART A,2025-06-01,2024-12-01,12-2026,5846.0,198.76,2.1,24,6,18,3.399931577146767,Transmission_System,0.0,0.0,0,0
N18000408,TRANSMISSION SYSTEM UNDER ISTS FOR EVACUATION OF POWER FROM KUDANKULAM UNIT - 3 AND 4 (2X1000 MW),2025-06-01,2025-01-01,07-2028,548.0,9.32,2.5,42,5,37,1.700729927007299,Transmission_System,0.0,0.0,0,0
