project_code,project_name,snapshot_date,start_date,original_doc,original_cost_cr,cumulative_expenditure_cr,physical_progress_pct,planned_duration_months,elapsed_months,months_to_original_target,expenditure_pct_of_original_cost,project_category,target_cost_overrun_pct,target_schedule_overrun_months,delay_flag,cost_overrun_flag,progress_change,expenditure_change_cr,expenditure_pct_change,elapsed_month_change,progress_velocity,expenditure_velocity,expenditure_progress_gap,cost_per_progress_pct,schedule_slippage_months,schedule_pressure_ratio,budget_consumption_ratio,progress_time_ratio,progress_expenditure_ratio,project_age_months,progress_change_3,expenditure_change_3,progress_velocity_rolling,expenditure_velocity_rolling
602223,Comprehensive Scheme for Strengthening of Transmission and Distribution [T&D] Systems [CSST&DS] in Arunachal Pradesh and Sikkim,2025-07-01,2016-01-01,12-2018,4754.42,7321.07,81.0,35,114,-79,153.98450284156638,Other_Power_Transmission,0.0,,1,0,0.0,0.0,0.0,0.0,0.0,0.0,72.98450284156638,90.38358024691358,79,3.257142857142857,1.5398450284156635,0.7043478260869566,0.526026960539921,114,0.0,0.0,0.0,0.0
602223,Comprehensive Scheme for Strengthening of Transmission and Distribution [T&D] Systems [CSST&DS] in Arunachal Pradesh and Sikkim,2025-08-01,2016-01-01,12-2018,4754.42,7462.2,81.0,35,115,-80,156.95289856596597,Other_Power_Transmission,92.0175331586187,,1,1,0.0,141.1300000000001,2.968395724399585,1.0,0.0,2.968395724399585,75.95289856596597,92.12592592592593,80,3.2857142857142856,1.5695289856596597,0.6982758620689655,0.5160783951113613,115,0.0,0.0,0.0,2.968395724399585
602223,Comprehensive Scheme for Strengthening of Transmission and Distribution [T&D] Systems [CSST&DS] in Arunachal Pradesh and Sikkim,2025-09-01,2014-10-01,12-2018,4754.42,7598.33,82.0,50,131,-81,159.8161289915489,Other_Power_Transmission,92.0175331586187,,1,1,1.0,136.1300000000001,2.863230425582941,16.0,0.0625,0.1789519015989338,77.81612899154891,92.66256097560976,81,2.62,1.5981612899154891,0.6212121212121212,0.5130896394339283,131,0.0,0.0,0.03125,1.5736738129992591
602223,Comprehensive Scheme for Strengthening of Transmission and Distribution [T&D] Systems [CSST&DS] in Arunachal Pradesh and Sikkim,2025-10-01,2014-10-01,12-2018,4754.42,7705.14,82.0,50,132,-82,162.06267010487082,Other_Power_Transmission,92.0175331586187,,1,1,0.0,106.8100000000004,2.24654111332191,1.0,0.0,2.24654111332191,80.06267010487082,93.96512195121952,82,2.64,1.620626701048708,0.6165413533834586,0.5059771010001116,132,1.0,8.078167263304437,0.0208333333333333,1.7979629131068098
602223,Comprehensive Scheme for Strengthening of Transmission and Distribution [T&D] Systems [CSST&DS] in Arunachal Pradesh and Sikkim,2025-11-01,2014-10-01,12-2018,4754.42,7778.18,82.0,50,133,-83,163.5989247899849,Other_Power_Transmission,92.0175331586187,,1,1,0.0,73.03999999999996,1.5362546851140737,1.0,0.0,1.5362546851140737,81.59892478998489,94.8558536585366,83,2.66,1.635989247899849,0.6119402985074627,0.5012257880378186,133,1.0,6.646026224018925,0.0208333333333333,1.320582566678306
602223,Comprehensive Scheme for Strengthening of Transmission and Distribution [T&D] Systems [CSST&DS] in Arunachal Pradesh and Sikkim,2025-12-01,2014-10-01,12-2018,4754.42,7809.22,82.0,50,134,-84,164.25179096503885,Other_Power_Transmission,92.0175331586187,,1,1,0.0,31.039999999999964,0.6528661750539584,1.0,0.0,0.6528661750539584,82.25179096503885,95.23439024390244,84,2.68,1.6425179096503886,0.6074074074074074,0.4992335214016252,134,0.0,4.4356619734899425,0.0,1.478553991163314
602223,Comprehensive Scheme for Strengthening of Transmission and Distribution [T&D] Systems [CSST&DS] in Arunachal Pradesh and Sikkim,2026-01-01,2014-10-01,12-2018,4754.42,7904.16,83.0,50,135,-85,166.24866965896996,Other_Power_Transmission,92.0175331586187,,1,1,1.0,94.9399999999996,1.9968786939311087,1.0,1.0,1.9968786939311087,83.24866965896996,95.23084337349395,85,2.7,1.6624866965896996,0.6102941176470589,0.4992521153417947,135,1.0,4.185999554099141,0.3333333333333333,1.3953331846997137
602223,Comprehensive Scheme for Strengthening of Transmission and Distribution [T&D] Systems [CSST&DS] in Arunachal Pradesh and Sikkim,2026-02-01,2014-10-01,12-2018,4754.42,7951.63,83.0,50,136,-86,167.24710900593553,Other_Power_Transmission,92.0175331586187,,1,1,0.0,47.470000000000255,0.9984393469655686,1.0,0.0,0.9984393469655686,84.24710900593553,95.80277108433737,86,2.72,1.6724710900593551,0.6058394160583942,0.4962716575092151,136,1.0,3.648184215950636,0.3333333333333333,1.2160614053168786
602223,Comprehensive Scheme for Strengthening of Transmission and Distribution [T&D] Systems [CSST&DS] in Arunachal Pradesh and Sikkim,2026-03-01,2014-10-01,12-2018,4754.42,8033.8,83.3,50,137,-87,168.97539552668886,Other_Power_Transmission,92.0175331586187,,1,1,0.2999999999999971,82.17000000000007,1.7282865207533291,1.0,0.2999999999999971,1.7282865207533291,85.67539552668886,96.44417767106845,87,2.74,1.6897539552668883,0.6036231884057971,0.4929711792675944,137,1.2999999999999972,4.723604561650006,0.4333333333333324,1.5745348538833357
602223,Comprehensive Scheme for Strengthening of Transmission and Distribution [T&D] Systems [CSST&DS] in Arunachal Pradesh and Sikkim,2026-04-01,2014-10-01,12-2018,4754.42,8069.4,83.4,50,138,-88,169.72417245426362,Other_Power_Transmission,92.0175331586187,,1,1,0.1000000000000085,35.599999999999454,0.7487769275747667,1.0,0.1000000000000085,0.7487769275747667,86.32417245426362,96.75539568345324,88,2.76,1.6972417245426363,0.6000000000000001,0.4913855156517213,138,0.4000000000000057,3.4755027952936643,0.1333333333333352,1.1585009317645547
602223,Comprehensive Scheme for Strengthening of Transmission and Distribution [T&D] Systems [CSST&DS] in Arunachal Pradesh and Sikkim,2026-05-01,2014-10-01,12-2018,4754.42,8088.57,83.5,50,139,-89,170.12737620992675,Other_Power_Transmission,92.0175331586187,,1,1,0.0999999999999943,19.170000000000073,0.403203755663128,1.0,0.0999999999999943,0.403203755663128,86.62737620992675,96.86910179640718,89,2.78,1.7012737620992675,0.5964285714285714,0.4908087214427272,139,0.5,2.880267203991224,0.1666666666666666,0.9600890679970746
602223,Comprehensive Scheme for Strengthening of Transmission and Distribution [T&D] Systems [CSST&DS] in Arunachal Pradesh and Sikkim,2026-06-01,2014-10-01,12-2018,4754.42,8128.74,83.8,50,140,-90,170.97227422061997,Other_Power_Transmission,92.0175331586187,,1,1,0.2999999999999971,40.17000000000007,0.844898010693214,1.0,0.2999999999999971,0.844898010693214,87.17227422061997,97.0016706443914,90,2.8,1.7097227422061996,0.5943262411347517,0.4901379500389974,140,0.5,1.9968786939311087,0.1666666666666666,0.6656262313103696
606781,Transmission System for Strengthening of Srinagar-Leh Tr. System,2025-07-01,2022-03-01,12-2024,288.71,202.1,59.0,33,40,-7,70.00103910498424,Transmission_System,0.0,9.0,1,0,0.0,0.0,0.0,0.0,0.0,0.0,11.001039104984244,3.425423728813559,7,1.2121212121212122,0.7000103910498424,1.4390243902439024,0.8428446313706086,40,0.0,0.0,0.0,0.0
606781,Transmission System for Strengthening of Srinagar-Leh Tr. System,2025-08-01,2022-03-01,12-2024,288.71,207.8,75.0,33,41,-8,71.97533857504071,Transmission_System,0.0,10.0,1,0,16.0,5.700000000000017,1.9742994700564651,1.0,16.0,1.9742994700564651,-3.024661424959291,2.7706666666666666,8,1.2424242424242424,0.719753385750407,1.7857142857142858,1.042023580365736,41,0.0,0.0,16.0,1.9742994700564651
606781,Transmission System for Strengthening of Srinagar-Leh Tr. System,2025-09-01,2022-03-01,12-2024,288.71,242.52,91.0,33,42,-9,84.00124692598109,Transmission_System,0.0,10.0,1,0,16.0,34.72,12.025908350940384,1.0,16.0,12.025908350940384,-6.998753074018907,2.665054945054945,9,1.2727272727272727,0.8400124692598109,2.116279069767442,1.0833172521853869,42,0.0,0.0,16.0,7.000103910498424
606781,Transmission System for Strengthening of Srinagar-Leh Tr. System,2025-10-01,2022-03-01,12-2024,288.71,280.02,99.0,33,43,-10,96.99005922898412,Transmission_System,0.0,11.0,1,0,8.0,37.49999999999997,12.98881230300303,1.0,8.0,12.98881230300303,-2.009940771015877,2.828484848484848,10,1.303030303030303,0.9699005922898412,2.25,1.0207231626312403,43,40.0,26.98902012399988,13.333333333333334,8.996340041333292
607709,NORTH EASTERN REGION POWER SYSTEM IMPROVEMENT PROJECT [NERPSIP],2025-07-01,2016-03-01,12-2018,5111.33,5253.47,96.0,33,112,-79,102.78088090575253,Other_Power_Transmission,31.08134282075311,81.0,1,1,0.0,0.0,0.0,0.0,0.0,0.0,6.780880905752525,54.723645833333336,79,3.393939393939394,1.0278088090575253,0.8495575221238938,0.9340258533883318,112,0.0,0.0,0.0,0.0
607709,NORTH EASTERN REGION POWER SYSTEM IMPROVEMENT PROJECT [NERPSIP],2025-08-01,2016-03-01,12-2018,5111.33,5277.24,96.0,33,113,-80,103.24592620707332,Other_Power_Transmission,31.08134282075311,84.0,1,1,0.0,23.769999999999527,0.4650453013207993,1.0,0.0,0.4650453013207993,7.245926207073325,54.97125,80,3.4242424242424243,1.0324592620707334,0.8421052631578947,0.9298187689019258,113,0.0,0.0,0.0,0.4650453013207993
607709,NORTH EASTERN REGION POWER SYSTEM IMPROVEMENT PROJECT [NERPSIP],2025-09-01,2016-03-01,12-2018,5111.33,5295.68,96.0,33,114,-81,103.60669336552326,Other_Power_Transmission,31.08134282075311,84.0,1,1,0.0,18.44000000000051,0.3607671584499314,1.0,0.0,0.3607671584499314,7.606693365523256,55.163333333333334,81,3.4545454545454546,1.0360669336552326,0.8347826086956521,0.9265810622998368,114,0.0,0.0,0.0,0.4129062298853654
607709,NORTH EASTERN REGION POWER SYSTEM IMPROVEMENT PROJECT [NERPSIP],2025-10-01,2016-03-01,12-2018,5111.33,5317.79,96.0,33,115,-82,104.03926179683174,Other_Power_Transmission,31.08134282075311,87.0,1,1,0.0,22.109999999999673,0.4325684313084821,1.0,0.0,0.4325684313084821,8.039261796831738,55.39364583333333,82,3.484848484848485,1.0403926179683174,0.8275862068965517,0.9227285770968768,115,0.0,1.258380891079213,0.0,0.4194602970264043
607709,NORTH EASTERN REGION POWER SYSTEM IMPROVEMENT PROJECT [NERPSIP],2025-11-01,2016-03-01,12-2018,5111.33,5410.25,96.0,33,116,-83,105.84818432775812,Other_Power_Transmission,31.08134282075311,87.0,1,1,0.0,92.46000000000004,1.808922530926381,1.0,0.0,1.808922530926381,9.84818432775812,56.356770833333336,83,3.515151515151515,1.058481843277581,0.8205128205128205,0.9069593456864288,116,0.0,2.6022581206847946,0.0,0.8674193735615982
607709,NORTH EASTERN REGION POWER SYSTEM IMPROVEMENT PROJECT [NERPSIP],2025-12-01,2016-03-01,12-2018,5111.33,5442.41,96.0,33,117,-84,106.47737477329775,Other_Power_Transmission,31.08134282075311,87.0,1,1,0.0,32.159999999999854,0.6291904455396349,1.0,0.0,0.6291904455396349,10.477374773297754,56.69177083333333,84,3.5454545454545454,1.0647737477329775,0.8135593220338984,0.9015999897104408,117,0.0,2.870681407774498,0.0,0.9568938025914994
607709,NORTH EASTERN REGION POWER SYSTEM IMPROVEMENT PROJECT [NERPSIP],2026-01-01,2016-03-01,12-2018,5111.33,5474.57,96.0,33,118,-85,107.10656521883736,Other_Power_Transmission,31.08134282075311,87.0,1,1,0.0,32.159999999999854,0.6291904455396065,1.0,0.0,0.6291904455396065,11.10656521883736,57.02677083333333,85,3.5757575757575757,1.0710656521883737,0.8067226890756303,0.8963036001000992,118,0.0,3.0673034220056223,0.0,1.022434474001874
607709,NORTH EASTERN REGION POWER SYSTEM IMPROVEMENT PROJECT [NERPSIP],2026-02-01,2016-03-01,12-2018,5111.33,5506.73,96.0,33,119,-86,107.73575566437697,Other_Power_Transmission,31.08134282075311,87.0,1,1,0.0,32.159999999999854,0.6291904455396065,1.0,0.0,0.6291904455396065,11.735755664376969,57.36177083333333,86,3.606060606060606,1.0773575566437696,0.8,0.8910690736607753,119,0.0,1.887571336618848,0.0,0.6291904455396159
607709,NORTH EASTERN REGION POWER SYSTEM IMPROVEMENT PROJECT [NERPSIP],2026-03-01,2016-03-01,12-2018,5111.33,5577.75,98.87,33,120,-87,109.12521789827696,Other_Power_Transmission,31.08134282075311,,1,1,2.8700000000000045,71.02000000000044,1.389462233899991,1.0,2.8700000000000045,1.389462233899991,10.255217898276952,56.414989379993926,87,3.636363636363636,1.0912521789827696,0.817107438016529,0.9060233913316302,120,2.8700000000000045,2.647843124979204,0.9566666666666682,0.8826143749930679
607709,NORTH EASTERN REGION POWER SYSTEM IMPROVEMENT PROJECT [NERPSIP],2026-04-01,2016-03-01,12-2018,5111.33,5577.75,98.5,33,121,-88,109.12521789827696,Other_Power_Transmission,31.08134282075311,,1,1,-0.3700000000000045,0.0,0.0,1.0,-0.3700000000000045,0.0,10.625217898276958,56.62690355329949,88,3.6666666666666665,1.0912521789827696,0.8073770491803278,0.9026327909999552,121,2.5,2.018652679439598,0.8333333333333334,0.6728842264798658
607709,NORTH EASTERN REGION POWER SYSTEM IMPROVEMENT PROJECT [NERPSIP],2026-05-01,2016-03-01,12-2018,5111.33,5577.75,99.0,33,122,-89,109.12521789827696,Other_Power_Transmission,31.08134282075311,,1,1,0.5,0.0,0.0,1.0,0.5,0.0,10.125217898276958,56.34090909090909,89,3.696969696969697,1.0912521789827696,0.8048780487804879,0.9072146833400564,122,3.0,1.389462233899991,1.0,0.4631540779666636
607709,NORTH EASTERN REGION POWER SYSTEM IMPROVEMENT PROJECT [NERPSIP],2026-06-01,2016-03-01,12-2018,5111.33,5577.75,99.1,33,123,-90,109.12521789827696,Other_Power_Transmission,31.08134282075311,,1,1,0.0999999999999943,0.0,0.0,1.0,0.0999999999999943,0.0,10.025217898276964,56.2840565085772,90,3.727272727272727,1.0912521789827696,0.7991935483870968,0.9081310618080768,123,0.2299999999999897,0.0,0.0766666666666632,0.0
608302,Transmission system for evacuation of Power from Pakaldul HEP in Chenab Valley HEPs - LTA System,2025-07-01,2022-02-01,04-2025,318.12,286.31,99.0,38,41,-3,90.00062869357475,Transmission_System,0.0,4.0,1,0,0.0,0.0,0.0,0.0,0.0,0.0,-8.999371306425246,2.892020202020202,3,1.0789473684210529,0.9000062869357476,2.357142857142857,1.099992316021096,41,0.0,0.0,0.0,0.0
608302,Transmission system for evacuation of Power from Pakaldul HEP in Chenab Valley HEPs - LTA System,2025-08-01,2022-02-01,04-2025,318.12,287.31,99.0,38,42,-4,90.3149754809506,Transmission_System,0.0,5.0,1,0,0.0,1.0,0.3143467873758396,1.0,0.0,0.3143467873758396,-8.685024519049406,2.9021212121212123,4,1.105263157894737,0.903149754809506,2.302325581395349,1.0961637255925654,42,0.0,0.0,0.0,0.3143467873758396
608302,Transmission system for evacuation of Power from Pakaldul HEP in Chenab Valley HEPs - LTA System,2025-09-01,2022-02-01,04-2025,318.12,308.58,99.0,38,43,-5,97.00113164843457,Transmission_System,0.0,5.0,1,0,0.0,21.269999999999985,6.686156167483972,1.0,0.0,6.686156167483972,-1.9988683515654344,3.1169696969696967,5,1.131578947368421,0.9700113164843456,2.25,1.0206066498152828,43,0.0,0.0,0.0,3.500251477429906
608302,Transmission system for evacuation of Power from Pakaldul HEP in Chenab Valley HEPs - LTA System,2025-10-01,2022-02-01,04-2025,318.12,317.12,100.0,38,44,-6,99.68565321262416,Transmission_System,0.0,7.0,1,0,1.0,8.54000000000002,2.6845215641895948,1.0,1.0,2.6845215641895948,-0.3143467873758396,3.1712,6,1.1578947368421053,0.9968565321262416,2.2222222222222223,1.0031533804238144,44,1.0,9.685024519049406,0.3333333333333333,3.228341506349802
611656,Transmission scheme for evacuation of 4.5GW RE injection at Khavda PS under Phase II- Part B,2025-07-01,2023-03-01,03-2025,1167.55,1013.39,91.0,24,28,-4,86.7962828144405,Transmission_System,-0.04710719027022,7.0,1,0,0.0,0.0,0.0,0.0,0.0,0.0,-4.203717185559498,11.136153846153846,4,1.1666666666666667,0.8679628281444051,3.1379310344827585,1.0484319955791943,28,0.0,0.0,0.0,0.0
611656,Transmission scheme for evacuation of 4.5GW RE injection at Khavda PS under Phase II- Part B,2025-08-01,2023-03-01,03-2025,1167.55,1050.41,93.0,24,29,-5,89.96702496681085,Transmission_System,-0.04710719027022,7.0,1,0,2.0,37.020000000000095,3.1707421523703516,1.0,2.0,3.1707421523703516,-3.032975033189146,11.2947311827957,5,1.2083333333333333,0.8996702496681085,3.1,1.0337120743328794,29,0.0,0.0,2.0,3.1707421523703516
611656,Transmission scheme for evacuation of 4.5GW RE injection at Khavda PS under Phase II- Part B,2025-09-01,2023-03-01,03-2025,1167.55,1105.5,94.0,24,30,-6,94.68545244315018,Transmission_System,-0.04710719027022,7.0,1,0,1.0,55.08999999999992,4.718427476339329,1.0,1.0,4.718427476339329,0.6854524431501829,11.76063829787234,6,1.25,0.946854524431502,3.032258064516129,0.9927607417458164,30,0.0,0.0,1.5,3.94458481435484
611656,Transmission scheme for evacuation of 4.5GW RE injection at Khavda PS under Phase II- Part B,2025-10-01,2023-03-01,03-2025,1167.55,1147.74,97.0,24,31,-7,98.30328465590338,Transmission_System,-0.04710719027022,8.0,1,0,3.0,42.24000000000001,3.6178322127532,1.0,3.0,3.6178322127532,1.3032846559033828,11.83237113402062,7,1.2916666666666667,0.9830328465590338,3.03125,0.9867422064230577,31,6.0,11.50700184146288,2.0,3.835667280487627
611657,Transmission scheme for evacuation of 4.5GW RE injection at Khavda PS under Phase II- Part C,2025-07-01,2023-03-01,03-2025,2820.99,2454.26,84.0,24,28,-4,86.99995391688735,Transmission_System,0.0,8.0,1,0,0.0,0.0,0.0,0.0,0.0,0.0,2.9999539168873497,29.217380952380957,4,1.1666666666666667,0.8699995391688735,2.896551724137931,0.965517752805326,28,0.0,0.0,0.0,0.0
611657,Transmission scheme for evacuation of 4.5GW RE injection at Khavda PS under Phase II- Part C,2025-08-01,2023-03-01,03-2025,2820.99,2570.25,84.0,24,29,-5,91.11163102315145,Transmission_System,0.0,8.0,1,0,0.0,115.98999999999978,4.111677106264096,1.0,0.0,4.111677106264096,7.111631023151446,30.598214285714285,5,1.2083333333333333,0.9111163102315144,2.8,0.921945958564342,29,0.0,0.0,0.0,4.111677106264096
611657,Transmission scheme for evacuation of 4.5GW RE injection at Khavda PS under Phase II- Part C,2025-09-01,2023-03-01,03-2025,2820.99,2639.03,90.0,24,30,-6,93.54978216867129,Transmission_System,0.0,8.0,1,0,6.0,68.7800000000002,2.4381511455198392,1.0,6.0,2.4381511455198392,3.549782168671286,29.322555555555557,6,1.25,0.9354978216867128,2.903225806451613,0.9620546185530288,30,0.0,0.0,3.0,3.274914125891968
611657,Transmission scheme for evacuation of 4.5GW RE injection at Khavda PS under Phase II- Part C,2025-10-01,2023-03-01,03-2025,2820.99,2736.36,93.0,24,31,-7,96.99998936543554,Transmission_System,0.0,9.0,1,0,3.0,97.32999999999991,3.4502071967642536,1.0,3.0,3.4502071967642536,3.999989365435539,29.423225806451615,7,1.2916666666666667,0.9699998936543552,2.90625,0.9587629917116168,31,9.0,10.00003544854819,3.0,3.333345149516063
611657,Transmission scheme for evacuation of 4.5GW RE injection at Khavda PS under Phase II- Part C,2025-11-01,2023-03-01,03-2025,2820.99,2783.19,95.0,24,32,-8,98.66004487786203,Transmission_System,0.0,9.0,1,0,2.0,46.82999999999993,1.6600555124264955,1.0,2.0,1.6600555124264955,3.6600448778620343,29.296736842105265,8,1.3333333333333333,0.9866004487786204,2.878787878787879,0.962902460845289,32,11.0,7.548413854710589,3.6666666666666665,2.516137951570196
611657,Transmission scheme for evacuation of 4.5GW RE injection at Khavda PS under Phase II- Part C,2025-12-01,2023-03-01,03-2025,2820.99,2783.19,98.0,24,33,-9,98.66004487786203,Transmission_System,0.0,10.0,1,0,3.0,0.0,0.0,1.0,3.0,0.0,0.6600448778620347,28.399897959183676,9,1.375,0.9866004487786204,2.8823529411764706,0.9933099069772454,33,8.0,5.110262709190749,2.6666666666666665,1.7034209030635832
611659,Transmission system strengthening scheme for evacuation of power from solar energy zones in Rajasthan[8.1 GW] under phase-II- Part E,2025-07-01,2023-03-01,09-2024,1433.28,1341.7,93.0,18,28,-10,93.6104599240902,Transmission_System,-0.0195356106273702,13.0,1,0,0.0,0.0,0.0,0.0,0.0,0.0,0.6104599240901933,14.426881720430108,10,1.5555555555555556,0.936104599240902,3.206896551724138,0.9934787210255648,28,0.0,0.0,0.0,0.0
611659,Transmission system strengthening scheme for evacuation of power from solar energy zones in Rajasthan[8.1 GW] under phase-II- Part E,2025-08-01,2023-03-01,09-2024,1433.28,1359.63,95.0,18,29,-11,94.86143670462158,Transmission_System,-0.0195356106273702,13.0,1,0,2.0,17.930000000000064,1.2509767805313885,1.0,2.0,1.2509767805313885,-0.1385632953784181,14.311894736842106,11,1.6111111111111112,0.9486143670462158,3.1666666666666665,1.001460691511661,29,0.0,0.0,2.0,1.2509767805313885
611659,Transmission system strengthening scheme for evacuation of power from solar energy zones in Rajasthan[8.1 GW] under phase-II- Part E,2025-09-01,2023-03-01,09-2024,1433.28,1390.01,97.0,18,30,-12,96.98105045769144,Transmission_System,-0.0195356106273702,13.0,1,0,2.0,30.37999999999988,2.1196137530698564,1.0,2.0,2.1196137530698564,-0.0189495423085617,14.33,12,1.6666666666666667,0.9698105045769144,3.129032258064516,1.000195394277739,30,0.0,0.0,2.0,1.6852952668006225
611659,Transmission system strengthening scheme for evacuation of power from solar energy zones in Rajasthan[8.1 GW] under phase-II- Part E,2025-10-01,2023-03-01,09-2024,1433.28,1418.67,98.0,18,31,-13,98.9806597454789,Transmission_System,-0.0195356106273702,14.0,1,0,1.0,28.66000000000008,1.9996092877874645,1.0,1.0,1.9996092877874645,0.9806597454789028,14.47622448979592,13,1.7222222222222223,0.989806597454789,3.0625,0.9900924104971558,31,5.0,5.370199821388709,1.6666666666666667,1.79006660712957
611659,Transmission system strengthening scheme for evacuation of power from solar energy zones in Rajasthan[8.1 GW] under phase-II- Part E,2025-11-01,2023-03-01,09-2024,1433.28,1418.67,98.0,18,32,-14,98.9806597454789,Transmission_System,-0.0195356106273702,15.0,1,0,0.0,0.0,0.0,1.0,0.0,0.0,0.9806597454789028,14.47622448979592,14,1.7777777777777777,0.989806597454789,2.9696969696969697,0.9900924104971558,32,3.0,4.119223040857321,1.0,1.3730743469524402
611660,Establishment of Khavda Pooling Station-2 KPS2 in Khavda RE Park KPS2 TRANSMISSION SYSTEM LIMITED,2025-07-01,2023-03-01,12-2024,966.79,894.76,95.0,21,28,-7,92.54957126159766,Substation_Grid_Equipment,0.0,8.0,1,0,0.0,0.0,0.0,0.0,0.0,0.0,-2.450428738402337,9.418526315789473,7,1.3333333333333333,0.9254957126159766,3.2758620689655173,1.0264769323617506,28,0.0,0.0,0.0,0.0
611660,Establishment of Khavda Pooling Station-2 KPS2 in Khavda RE Park KPS2 TRANSMISSION SYSTEM LIMITED,2025-08-01,2023-03-01,12-2024,966.79,904.52,95.0,21,29,-8,93.55909763237104,Substation_Grid_Equipment,0.0,10.0,1,0,0.0,9.759999999999993,1.0095263707733722,1.0,0.0,1.0095263707733722,-1.440902367628965,9.521263157894737,8,1.380952380952381,0.9355909763237104,3.1666666666666665,1.0154009861584046,29,0.0,0.0,0.0,1.0095263707733722
611660,Establishment of Khavda Pooling Station-2 KPS2 in Khavda RE Park KPS2 TRANSMISSION SYSTEM LIMITED,2025-09-01,2023-03-01,12-2024,966.79,911.97,96.0,21,30,-9,94.32968897071754,Substation_Grid_Equipment,0.0,10.0,1,0,1.0,7.450000000000045,0.770591338346506,1.0,1.0,0.770591338346506,-1.670311029282459,9.4996875,9,1.4285714285714286,0.9432968897071754,3.096774193548387,1.0177071614197837,30,0.0,0.0,0.5,0.890058854559939
611660,Establishment of Khavda Pooling Station-2 KPS2 in Khavda RE Park KPS2 TRANSMISSION SYSTEM LIMITED,2025-10-01,2023-03-01,12-2024,966.79,936.24,97.0,21,31,-10,96.84005833738456,Substation_Grid_Equipment,0.0,11.0,1,0,1.0,24.269999999999985,2.510369366667021,1.0,1.0,2.510369366667021,-0.1599416626154379,9.6519587628866,10,1.4761904761904765,0.9684005833738456,3.03125,1.0016516064257026,31,2.0,4.290487075786899,0.6666666666666666,1.4301623585956331
611947,Transmission System for Evacuation of Power from REZ in Rajasthan 20GW under Phase III- Part E2,2025-07-01,2023-11-01,06-2025,428.3,107.07,46.0,19,20,-1,24.998832593976186,Transmission_System,0.0,3.0,1,0,0.0,0.0,0.0,0.0,0.0,0.0,-21.001167406023814,2.3276086956521738,1,1.0526315789473684,0.2499883259397618,2.1904761904761907,1.840085925095732,20,0.0,0.0,0.0,0.0
611947,Transmission System for Evacuation of Power from REZ in Rajasthan 20GW under Phase III- Part E2,2025-08-01,2023-11-01,06-2025,428.3,179.89,51.0,19,21,-2,42.00093392481905,Transmission_System,0.0,6.0,1,0,5.0,72.82,17.002101330842866,1.0,5.0,17.002101330842866,-8.999066075180949,3.527254901960784,2,1.105263157894737,0.4200093392481905,2.3181818181818183,1.2142587136583467,21,0.0,0.0,5.0,17.002101330842866
611947,Transmission System for Evacuation of Power from REZ in Rajasthan 20GW under Phase III- Part E2,2025-09-01,2023-11-01,06-2025,428.3,205.58,54.0,19,22,-3,47.99906607518095,Transmission_System,0.0,6.0,1,0,3.0,25.690000000000023,5.998132150361897,1.0,3.0,5.998132150361897,-6.000933924819051,3.807037037037037,3,1.1578947368421053,0.4799906607518094,2.347826086956522,1.1250218892888413,22,0.0,0.0,4.0,11.50011674060238
611947,Transmission System for Evacuation of Power from REZ in Rajasthan 20GW under Phase III- Part E2,2025-10-01,2023-11-01,06-2025,428.3,291.24,73.0,19,23,-4,67.99906607518095,Transmission_System,0.0,9.0,1,0,19.0,85.66,20.0,1.0,19.0,20.0,-5.000933924819051,3.9895890410958903,4,1.2105263157894737,0.6799906607518095,3.0416666666666665,1.0735441560225245,23,27.0,43.00023348120476,9.0,14.333411160401589
611947,Transmission System for Evacuation of Power from REZ in Rajasthan 20GW under Phase III- Part E2,2025-11-01,2023-11-01,06-2025,428.3,308.38,80.0,19,24,-5,72.00093392481904,Transmission_System,0.0,9.0,1,0,7.0,17.139999999999986,4.001867849638089,1.0,7.0,4.001867849638089,-7.999066075180963,3.85475,5,1.263157894736842,0.7200093392481903,3.2,1.1110966988780078,24,29.0,29.999999999999982,9.666666666666666,9.999999999999996
611947,Transmission System for Evacuation of Power from REZ in Rajasthan 20GW under Phase III- Part E2,2025-12-01,2023-11-01,06-2025,428.3,334.08,82.0,19,25,-6,78.00140088722857,Transmission_System,0.0,9.0,1,0,2.0,25.69999999999999,6.000466962409533,1.0,2.0,6.000466962409533,-3.99859911277143,4.074146341463415,6,1.3157894736842106,0.7800140088722857,3.1538461538461537,1.0512631704980844,25,28.0,30.00233481204762,9.333333333333334,10.00077827068254
611947,Transmission System for Evacuation of Power from REZ in Rajasthan 20GW under Phase III- Part E2,2026-01-01,2023-11-01,06-2025,428.3,351.21,84.0,19,26,-7,82.00093392481904,Transmission_System,0.0,9.0,1,0,2.0,17.129999999999995,3.999533037590467,1.0,2.0,3.999533037590467,-1.9990660751809628,4.181071428571428,7,1.368421052631579,0.8200093392481904,3.111111111111111,1.0243785769197915,26,11.0,14.001867849638089,3.6666666666666665,4.667289283212696
611947,Transmission System for Evacuation of Power from REZ in Rajasthan 20GW under Phase III- Part E2,2026-02-01,2023-11-01,06-2025,428.3,372.62,89.0,19,27,-8,86.99976651879524,Transmission_System,0.0,9.0,1,0,5.0,21.410000000000025,4.9988325939762035,1.0,5.0,4.9988325939762035,-2.0002334812047593,4.186741573033708,8,1.4210526315789471,0.8699976651879524,3.1785714285714284,1.022991251140572,27,9.0,14.998832593976203,3.0,4.9996108646587345
611947,Transmission System for Evacuation of Power from REZ in Rajasthan 20GW under Phase III- Part E2,2026-03-01,2023-11-01,06-2025,428.3,406.88,97.4,19,28,-9,94.99883259397618,Transmission_System,0.0,12.0,1,0,8.400000000000006,34.25999999999999,7.999066075180934,1.0,8.400000000000006,7.999066075180934,-2.4011674060238306,4.17741273100616,9,1.4736842105263157,0.9499883259397618,3.3586206896551727,1.025275756979945,28,15.400000000000006,16.997431706747605,5.1333333333333355,5.665810568915869
611947,Transmission System for Evacuation of Power from REZ in Rajasthan 20GW under Phase III- Part E2,2026-04-01,2023-11-01,06-2025,428.3,415.45,98.4,19,29,-10,96.99976651879524,Transmission_System,0.0,12.0,1,0,1.0,8.569999999999993,2.0009339248190656,1.0,1.0,2.0009339248190656,-1.400233481204765,4.222052845528455,10,1.5263157894736843,0.9699976651879524,3.28,1.014435431459863,29,14.400000000000006,14.998832593976203,4.800000000000002,4.9996108646587345
611949,Transmission system for evacuation of power from REZ in Rajasthan 20 GW under Phase-III part C1,2025-07-01,2023-10-01,04-2025,1796.02,1201.17,79.0,18,21,-3,66.87954477121636,Transmission_System,0.0,6.0,1,0,0.0,0.0,0.0,0.0,0.0,0.0,-12.12045522878364,15.204683544303798,3,1.1666666666666667,0.6687954477121636,3.590909090909091,1.18122813590083,21,0.0,0.0,0.0,0.0
611949,Transmission system for evacuation of power from REZ in Rajasthan 20 GW under Phase-III part C1,2025-08-01,2023-10-01,04-2025,1796.02,1247.87,83.0,18,22,-4,69.47973853297847,Transmission_System,0.0,6.0,1,0,4.0,46.69999999999982,2.600193761762114,1.0,4.0,2.600193761762114,-13.520261467021529,15.03457831325301,4,1.2222222222222223,0.6947973853297847,3.608695652173913,1.19459286624408,22,0.0,0.0,4.0,2.600193761762114
611949,Transmission system for evacuation of power from REZ in Rajasthan 20 GW under Phase-III part C1,2025-09-01,2023-10-01,04-2025,1796.02,1347.01,85.0,18,23,-5,74.99972160666363,Transmission_System,0.0,11.0,1,0,2.0,99.1400000000001,5.519983073685154,1.0,2.0,5.519983073685154,-10.000278393336371,15.847176470588234,5,1.2777777777777777,0.7499972160666363,3.5416666666666665,1.1333375401815873,23,0.0,0.0,3.0,4.060088417723634
611949,Transmission system for evacuation of power from REZ in Rajasthan 20 GW under Phase-III part C1,2025-10-01,2023-10-01,04-2025,1796.02,1436.81,89.0,18,24,-6,79.99966592799635,Transmission_System,0.0,11.0,1,0,4.0,89.79999999999995,4.99994432133272,1.0,4.0,4.99994432133272,-9.000334072003653,16.143932584269663,6,1.3333333333333333,0.7999966592799634,3.56,1.1125046457082008,24,10.0,13.120121156779987,3.3333333333333335,4.373373718926662
611949,Transmission system for evacuation of power from REZ in Rajasthan 20 GW under Phase-III part C1,2025-11-01,2023-10-01,04-2025,1796.02,1580.49,92.0,18,25,-7,87.99957684212872,Transmission_System,0.0,11.0,1,0,3.0,143.68000000000006,7.999910914132371,1.0,3.0,7.999910914132371,-4.000423157871282,17.179239130434784,7,1.3888888888888888,0.8799957684212871,3.5384615384615383,1.0454595726641736,25,9.0,18.519838309150245,3.0,6.173279436383415
611949,Transmission system for evacuation of power from REZ in Rajasthan 20 GW under Phase-III part C1,2025-12-01,2023-10-01,04-2025,1796.02,1621.79,94.0,18,26,-8,90.29910580060356,Transmission_System,0.0,11.0,1,0,2.0,41.299999999999955,2.2995289584748377,1.0,2.0,2.2995289584748377,-3.700894199396444,17.25308510638298,8,1.4444444444444444,0.9029910580060356,3.4814814814814814,1.0409848377410145,26,9.0,15.299384193939929,3.0,5.09979473131331
611949,Transmission system for evacuation of power from REZ in Rajasthan 20 GW under Phase-III part C1,2026-02-01,2023-10-01,04-2025,1796.02,1688.25,96.0,18,28,-10,93.99951002772798,Transmission_System,0.0,13.0,1,0,2.0,66.46000000000004,3.700404227124423,2.0,1.0,1.8502021135622115,-2.000489972272021,17.5859375,10,1.5555555555555556,0.9399951002772798,3.310344827586207,1.0212819191470457,28,7.0,13.999844099731632,2.0,4.049880662056474
611949,Transmission system for evacuation of power from REZ in Rajasthan 20 GW under Phase-III part C1,2026-03-01,2023-10-01,04-2025,1796.02,1724.17,98.47,18,29,-11,95.99948775626108,Transmission_System,0.0,13.0,1,0,2.469999999999999,35.92000000000007,1.9999777285330964,1.0,2.469999999999999,1.9999777285330964,-2.4705122437389235,17.50959683152229,11,1.6111111111111112,0.9599948775626108,3.2823333333333333,1.0257346398556986,29,6.469999999999999,7.999910914132357,1.823333333333333,2.049902933523382
611950,Transmission system for evacuation of power from REZ in Rajasthan 20 GW under Phase-III part B1,2025-07-01,2023-09-01,04-2025,2190.54,1740.6,77.0,19,22,-3,79.45985921279684,Transmission_System,0.0,8.0,1,0,0.0,0.0,0.0,0.0,0.0,0.0,2.459859212796843,22.6051948051948,3,1.1578947368421053,0.7945985921279685,3.347826086956522,0.9690427438814202,22,0.0,0.0,0.0,0.0
611950,Transmission system for evacuation of power from REZ in Rajasthan 20 GW under Phase-III part B1,2025-08-01,2023-09-01,04-2025,2190.54,1870.72,83.0,19,23,-4,85.39994704502087,Transmission_System,0.0,8.0,1,0,6.0,130.12000000000012,5.940087832224023,1.0,6.0,5.940087832224023,2.399947045020866,22.538795180722893,4,1.2105263157894737,0.8539994704502086,3.4583333333333335,0.9718975581594252,23,0.0,0.0,6.0,5.940087832224023
611950,Transmission system for evacuation of power from REZ in Rajasthan 20 GW under Phase-III part B1,2025-09-01,2023-09-01,04-2025,2190.54,1905.77,89.0,19,24,-5,87.00000913016882,Transmission_System,0.0,8.0,1,0,6.0,35.049999999999955,1.600062085147954,1.0,6.0,1.600062085147954,-1.99999086983118,21.41314606741573,5,1.263157894736842,0.8700000913016882,3.56,1.022988398390152,24,0.0,0.0,6.0,3.770074958685989
611950,Transmission system for evacuation of power from REZ in Rajasthan 20 GW under Phase-III part B1,2025-10-01,2023-09-01,04-2025,2190.54,1949.58,91.0,19,25,-6,88.99997260949355,Transmission_System,0.0,8.0,1,0,2.0,43.809999999999945,1.9999634793247336,1.0,2.0,1.9999634793247336,-2.000027390506446,21.423956043956043,6,1.3157894736842106,0.8899997260949355,3.5,1.0224722247868772,25,14.0,9.54011339669671,4.666666666666667,3.1800377988989035
611950,Transmission system for evacuation of power from REZ in Rajasthan 20 GW under Phase-III part B1,2025-11-01,2023-09-01,04-2025,2190.54,2000.84,96.0,19,26,-7,91.34003487724488,Transmission_System,0.0,8.0,1,0,5.0,51.25999999999999,2.340062267751321,1.0,5.0,2.340062267751321,-4.659965122755125,20.84208333333333,7,1.368421052631579,0.9134003487724488,3.5555555555555554,1.0510177725355352,26,13.0,5.940087832224009,4.333333333333333,1.980029277408003
611950,Transmission system for evacuation of power from REZ in Rajasthan 20 GW under Phase-III part B1,2025-12-01,2023-09-01,04-2025,2190.54,2079.44,98.0,19,27,-8,94.9281912222557,Transmission_System,0.0,9.0,1,0,2.0,78.60000000000014,3.5881563450108303,1.0,2.0,3.5881563450108303,-3.0718087777442946,21.21877551020408,8,1.4210526315789471,0.9492819122225572,3.5,1.0323592890393567,27,9.0,7.928182092086885,3.0,2.642727364028962
611950,Transmission system for evacuation of power from REZ in Rajasthan 20 GW under Phase-III part B1,2026-01-01,2023-09-01,04-2025,2190.54,2139.44,99.0,19,28,-9,97.66724186730214,Transmission_System,0.0,10.0,1,0,1.0,60.0,2.739050645046433,1.0,1.0,2.739050645046433,-1.3327581326978617,21.61050505050505,9,1.4736842105263157,0.9766724186730212,3.413793103448276,1.0136459073402384,28,8.0,8.667269257808584,2.6666666666666665,2.8890897526028616
611966,Transmission System for Evacuation of power from Potential RE Zone in Khavda Area of Gujarat under phase IV 7GW-Part E4,2025-07-01,2023-11-01,07-2025,224.41,22.44,9.0,20,20,0,9.9995543870594,Transmission_System,0.0,4.0,1,0,0.0,0.0,0.0,0.0,0.0,0.0,0.9995543870593996,2.4933333333333336,0,1.0,0.0999955438705939,0.4285714285714285,0.9000401069518718,20,0.0,0.0,0.0,0.0
611966,Transmission System for Evacuation of power from Potential RE Zone in Khavda Area of Gujarat under phase IV 7GW-Part E4,2025-08-01,2023-11-01,07-2025,224.41,24.64,10.0,20,21,-1,10.97990285637895,Transmission_System,0.0,5.0,1,0,1.0,2.1999999999999993,0.9803484693195496,1.0,1.0,0.9803484693195496,0.9799028563789492,2.464,1,1.05,0.1097990285637895,0.4545454545454545,0.91075487012987,21,0.0,0.0,1.0,0.9803484693195496
611966,Transmission System for Evacuation of power from Potential RE Zone in Khavda Area of Gujarat under phase IV 7GW-Part E4,2025-09-01,2023-11-01,07-2025,224.41,25.8,12.0,20,22,-2,11.496813867474712,Transmission_System,0.0,5.0,1,0,2.0,1.16,0.5169110110957629,1.0,2.0,0.5169110110957629,-0.503186132525288,2.15,2,1.1,0.1149681386747471,0.5217391304347826,1.043767441860465,22,0.0,0.0,1.5,0.7486297402076563
611966,Transmission System for Evacuation of power from Potential RE Zone in Khavda Area of Gujarat under phase IV 7GW-Part E4,2025-10-01,2023-11-01,07-2025,224.41,33.66,18.0,20,23,-3,14.999331580589098,Transmission_System,0.0,8.0,1,0,6.0,7.859999999999996,3.5025177131143863,1.0,6.0,3.5025177131143863,-3.0006684194109017,1.87,3,1.15,0.1499933158058909,0.75,1.200053475935829,23,9.0,4.999777193529699,3.0,1.6665923978432329
611966,Transmission System for Evacuation of power from Potential RE Zone in Khavda Area of Gujarat under phase IV 7GW-Part E4,2025-11-01,2023-11-01,07-2025,224.41,89.66,44.0,20,24,-4,39.95365625417762,Transmission_System,0.0,8.0,1,0,26.0,56.0,24.954324673588523,1.0,26.0,24.954324673588523,-4.0463437458223765,2.0377272727272726,4,1.2,0.3995365625417762,1.76,1.101275931296007,24,34.0,28.97375339779867,11.333333333333334,9.657917799266224
611966,Transmission System for Evacuation of power from Potential RE Zone in Khavda Area of Gujarat under phase IV 7GW-Part E4,2025-12-01,2023-11-01,07-2025,224.41,109.96,49.0,20,25,-5,48.99959894835346,Transmission_System,0.0,8.0,1,0,5.0,20.299999999999997,9.045942694175835,1.0,5.0,9.045942694175835,-0.0004010516465413,2.244081632653061,5,1.25,0.4899959894835345,1.8846153846153848,1.0000081847944708,25,37.0,37.502785080878745,12.333333333333334,12.500928360292916
611966,Transmission System for Evacuation of power from Potential RE Zone in Khavda Area of Gujarat under phase IV 7GW-Part E4,2026-01-01,2023-11-01,07-2025,224.41,121.18,63.0,20,26,-6,53.99937614188316,Transmission_System,0.0,8.0,1,0,14.0,11.220000000000011,4.999777193529702,1.0,14.0,4.999777193529702,-9.000623858116839,1.9234920634920636,6,1.3,0.5399937614188316,2.3333333333333335,1.1666801452384885,26,45.0,39.00004456129406,15.0,13.000014853764688
611966,Transmission System for Evacuation of power from Potential RE Zone in Khavda Area of Gujarat under phase IV 7GW-Part E4,2026-02-01,2023-11-01,07-2025,224.41,161.57,74.0,20,27,-7,71.99768281270887,Transmission_System,0.0,8.0,1,0,11.0,40.389999999999986,17.998306670825713,1.0,11.0,17.998306670825713,-2.0023171872911263,2.1833783783783782,7,1.35,0.7199768281270887,2.642857142857143,1.0278108559757382,27,30.0,32.04402655853125,10.0,10.681342186177083
611966,Transmission System for Evacuation of power from Potential RE Zone in Khavda Area of Gujarat under phase IV 7GW-Part E4,2026-03-01,2023-11-01,07-2025,224.41,197.47,90.8,20,28,-8,87.99518738024152,Transmission_System,0.0,9.0,1,0,16.799999999999997,35.900000000000006,15.997504567532644,1.0,16.799999999999997,15.997504567532644,-2.8048126197584793,2.1747797356828196,8,1.4,0.8799518738024151,3.1310344827586207,1.0318746138653974,28,41.8,38.99558843188806,13.933333333333332,12.99852947729602
611966,Transmission System for Evacuation of power from Potential RE Zone in Khavda Area of Gujarat under phase IV 7GW-Part E4,2026-04-01,2023-11-01,07-2025,224.41,206.45,94.8,20,29,-9,91.99679158682768,Transmission_System,0.0,9.0,1,0,4.0,8.97999999999999,4.0016042065861654,1.0,4.0,4.0016042065861654,-2.803208413172314,2.1777426160337554,9,1.45,0.9199679158682768,3.1599999999999997,1.0304707193024945,29,31.799999999999997,37.99741544494452,10.6,12.66580514831484
611966,Transmission System for Evacuation of power from Potential RE Zone in Khavda Area of Gujarat under phase IV 7GW-Part E4,2026-05-01,2023-11-01,07-2025,224.41,215.43,99.6,20,30,-10,95.99839579341383,Transmission_System,0.0,10.0,1,0,4.799999999999997,8.980000000000018,4.001604206586151,1.0,4.799999999999997,4.001604206586151,-3.60160420658616,2.162951807228916,10,1.5,0.9599839579341384,3.2129032258064516,1.037517337418187,30,25.59999999999999,24.00071298070496,8.533333333333331,8.000237660234987
611966,Transmission System for Evacuation of power from Potential RE Zone in Khavda Area of Gujarat under phase IV 7GW-Part E4,2026-06-01,2023-11-01,07-2025,224.41,224.41,100.0,20,31,-11,100.0,Transmission_System,0.0,10.0,1,0,0.4000000000000057,8.97999999999999,4.0016042065861654,1.0,0.4000000000000057,4.0016042065861654,0.0,2.2441,11,1.55,1.0,3.125,1.0,31,9.200000000000005,12.004812619758482,3.066666666666668,4.001604206586161
611967,Transmission Scheme for Solar Energy Zone in Ananthpuram 2500MW and Kurnool 1000MW,2025-07-01,2023-09-01,09-2025,1248.69,820.26,78.0,24,22,2,65.68964274559738,Transmission_System,0.0,7.0,1,0,0.0,0.0,0.0,0.0,0.0,0.0,-12.310357254402618,10.516153846153848,0,0.9166666666666666,0.6568964274559739,3.391304347826087,1.1874017994294492,22,0.0,0.0,0.0,0.0
611967,Transmission Scheme for Solar Energy Zone in Ananthpuram 2500MW and Kurnool 1000MW,2025-08-01,2023-09-01,09-2025,1248.69,860.97,82.0,24,23,1,68.94985945270643,Transmission_System,0.0,7.0,1,0,4.0,40.71000000000003,3.260216707109052,1.0,4.0,3.260216707109052,-13.050140547293566,10.499634146341464,0,0.9583333333333334,0.6894985945270643,3.4166666666666665,1.189270009407993,23,0.0,0.0,4.0,3.260216707109052
611967,Transmission Scheme for Solar Energy Zone in Ananthpuram 2500MW and Kurnool 1000MW,2025-09-01,2023-09-01,09-2025,1248.69,924.03,84.0,24,24,0,73.99995194964322,Transmission_System,0.0,6.0,1,0,2.0,63.059999999999945,5.050092496936784,1.0,2.0,5.050092496936784,-10.00004805035678,11.000357142857142,0,1.0,0.7399995194964322,3.36,1.1351358722119411,24,0.0,0.0,3.0,4.155154602022918
611967,Transmission Scheme for Solar Energy Zone in Ananthpuram 2500MW and Kurnool 1000MW,2025-10-01,2023-09-01,09-2025,1248.69,998.95,87.0,24,25,-1,79.99983983214408,Transmission_System,0.0,6.0,1,0,3.0,74.92000000000007,5.9998878825008575,1.0,3.0,5.9998878825008575,-7.000160167855924,11.482183908045975,1,1.0416666666666667,0.7999983983214407,3.3461538461538463,1.0875021772861506,25,9.0,14.310197086546694,3.0,4.770065695515565
611967,Transmission Scheme for Solar Energy Zone in Ananthpuram 2500MW and Kurnool 1000MW,2025-11-01,2023-09-01,09-2025,1248.69,1023.92,90.0,24,26,-2,81.99953551321785,Transmission_System,0.0,6.0,1,0,3.0,24.969999999999914,1.9996956810737745,1.0,3.0,1.9996956810737745,-8.00046448678215,11.376888888888889,2,1.0833333333333333,0.8199953551321785,3.3333333333333335,1.0975671927494337,26,8.0,13.049676060511416,2.6666666666666665,4.349892020170472
611967,Transmission Scheme for Solar Energy Zone in Ananthpuram 2500MW and Kurnool 1000MW,2025-12-01,2023-09-01,09-2025,1248.69,1077.61,91.0,24,27,-3,86.29924160520224,Transmission_System,0.0,6.0,1,0,1.0,53.68999999999994,4.29970609198439,1.0,1.0,4.29970609198439,-4.700758394797759,11.84186813186813,3,1.125,0.8629924160520224,3.25,1.0544704484924974,27,7.0,12.299289655559022,2.3333333333333335,4.099763218519674
611967,Transmission Scheme for Solar Energy Zone in Ananthpuram 2500MW and Kurnool 1000MW,2026-01-01,2023-09-01,09-2025,1248.69,1102.46,93.0,24,28,-4,88.28932721492123,Transmission_System,0.0,6.0,1,0,2.0,24.850000000000136,1.9900856097189887,1.0,2.0,1.9900856097189887,-4.710672785078771,11.85440860215054,4,1.1666666666666667,0.8828932721492123,3.206896551724138,1.0533549516535747,28,6.0,8.289487382777153,2.0,2.763162460925718
611967,Transmission Scheme for Solar Energy Zone in Ananthpuram 2500MW and Kurnool 1000MW,2026-02-01,2023-09-01,09-2025,1248.69,1173.76,96.0,24,29,-5,93.99931127821957,Transmission_System,0.0,6.0,1,0,3.0,71.29999999999995,5.709984063298336,1.0,3.0,5.709984063298336,-2.0006887217804348,12.226666666666668,5,1.2083333333333333,0.9399931127821956,3.2,1.021284078516903,29,6.0,11.999775765001717,2.0,3.999925255000571
611967,Transmission Scheme for Solar Energy Zone in Ananthpuram 2500MW and Kurnool 1000MW,2026-03-01,2023-09-01,09-2025,1248.69,1198.74,97.52,24,30,-6,95.9998077985729,Transmission_System,0.0,7.0,1,0,1.519999999999996,24.980000000000015,2.000496520353338,1.0,1.519999999999996,2.000496520353338,-1.5201922014270934,12.292247744052505,6,1.25,0.959998077985729,3.145806451612903,1.0158353671354925,30,6.519999999999996,9.700566193370662,2.173333333333332,3.233522064456887
612138,"Transmission Scheme for Solar Energy Zone in Bidar [2500 MW], Karnataka [Bidar Transmission Ltd]",2025-09-01,2024-02-01,02-2026,2147.62,1310.04,64.0,24,19,5,60.9996181819875,Transmission_System,0.0,4.0,1,0,0.0,0.0,0.0,0.0,0.0,0.0,-3.0003818180124995,20.469375,0,0.7916666666666666,0.609996181819875,3.2,1.0491868950566394,19,0.0,0.0,0.0,0.0
612138,"Transmission Scheme for Solar Energy Zone in Bidar [2500 MW], Karnataka [Bidar Transmission Ltd]",2025-10-01,2024-02-01,02-2026,2147.62,1438.9,67.0,24,20,4,66.99974855886983,Transmission_System,0.0,4.0,1,0,3.0,128.86000000000013,6.000130376882325,1.0,3.0,6.000130376882325,-0.0002514411301746,21.476119402985077,0,0.8333333333333334,0.6699974855886982,3.1904761904761907,1.0000037528667731,20,0.0,0.0,3.0,6.000130376882325
612138,"Transmission Scheme for Solar Energy Zone in Bidar [2500 MW], Karnataka [Bidar Transmission Ltd]",2025-11-01,2024-02-01,02-2026,2147.62,1505.69,71.0,24,21,3,70.10970283383467,Transmission_System,0.0,4.0,1,0,4.0,66.78999999999996,3.109954274964849,1.0,4.0,3.109954274964849,-0.8902971661653254,21.206901408450705,0,0.875,0.7010970283383468,3.227272727272727,1.0126986298640488,21,0.0,0.0,3.5,4.555042325923587
612138,"Transmission Scheme for Solar Energy Zone in Bidar [2500 MW], Karnataka [Bidar Transmission Ltd]",2025-12-01,2024-02-01,02-2026,2147.62,1685.45,79.0,24,22,2,78.47989867853717,Transmission_System,0.0,4.0,1,0,8.0,179.76,8.370195844702494,1.0,8.0,8.370195844702494,-0.5201013214628318,21.33481012658228,0,0.9166666666666666,0.7847989867853716,3.4347826086956523,1.0066271915512175,22,15.0,17.480280496549668,5.0,5.826760165516556
612138,"Transmission Scheme for Solar Energy Zone in Bidar [2500 MW], Karnataka [Bidar Transmission Ltd]",2026-01-01,2024-02-01,02-2026,2147.62,1769.42,82.0,24,23,1,82.38980825285665,Transmission_System,0.0,4.0,1,0,3.0,83.97000000000003,3.909909574319485,1.0,3.0,3.909909574319485,0.3898082528566533,21.57829268292683,0,0.9583333333333334,0.8238980825285666,3.4166666666666665,0.9952687321269116,23,15.0,15.390059693986828,5.0,5.130019897995609
612138,"Transmission Scheme for Solar Energy Zone in Bidar [2500 MW], Karnataka [Bidar Transmission Ltd]",2026-03-01,2024-02-01,02-2026,2147.62,1825.47,87.32,24,25,-1,84.99967405779422,Transmission_System,0.0,4.0,1,0,5.319999999999993,56.049999999999955,2.60986580493757,2.0,2.6599999999999966,1.304932902468785,-2.32032594220577,20.90551992670637,1,1.0416666666666667,0.8499967405779423,3.358461538461538,1.0272980569387606,25,16.319999999999993,14.889971223959549,4.553333333333332,4.528346107163588
612139,Transmission system for Evacuation of Additional 7 GW RE power from Khavda RE park under Phase-III Part B [Vataman Transmission Limited],2025-07-01,2023-12-01,12-2025,3751.82,1500.72,21.0,24,19,5,39.999786770154216,Transmission_System,0.0,6.0,1,0,0.0,0.0,0.0,0.0,0.0,0.0,18.999786770154216,71.46285714285715,0,0.7916666666666666,0.3999978677015421,1.05,0.5250027986566448,19,0.0,0.0,0.0,0.0
612139,Transmission system for Evacuation of Additional 7 GW RE power from Khavda RE park under Phase-III Part B [Vataman Transmission Limited],2025-08-01,2023-12-01,12-2025,3751.82,1575.72,22.0,24,20,4,41.998816574355914,Transmission_System,0.0,6.0,1,0,1.0,75.0,1.9990298042016976,1.0,1.0,1.9990298042016976,19.998816574355914,71.62363636363636,0,0.8333333333333334,0.4199881657435591,1.0476190476190477,0.523824283502145,20,0.0,0.0,1.0,1.9990298042016976
612139,Transmission system for Evacuation of Additional 7 GW RE power from Khavda RE park under Phase-III Part B [Vataman Transmission Limited],2025-09-01,2023-12-01,12-2025,3751.82,1688.32,25.0,24,21,3,45.00002665373072,Transmission_System,0.0,12.0,1,0,3.0,112.59999999999992,3.0012100793748075,1.0,3.0,3.0012100793748075,20.00002665373072,67.5328,0,0.875,0.4500002665373072,1.1363636363636365,0.5555552264973465,21,0.0,0.0,2.0,2.5001199417882525
612139,Transmission system for Evacuation of Additional 7 GW RE power from Khavda RE park under Phase-III Part B [Vataman Transmission Limited],2025-10-01,2023-12-01,12-2025,3751.82,1688.32,28.0,24,22,2,45.00002665373072,Transmission_System,0.0,12.0,1,0,3.0,0.0,0.0,1.0,3.0,0.0,17.00002665373072,60.29714285714285,0,0.9166666666666666,0.4500002665373072,1.2173913043478262,0.6222218536770281,22,7.0,5.000239883576505,2.3333333333333335,1.666746627858835
612139,Transmission system for Evacuation of Additional 7 GW RE power from Khavda RE park under Phase-III Part B [Vataman Transmission Limited],2025-11-01,2023-12-01,12-2025,3751.82,2025.98,32.0,24,23,1,53.99992536955397,Transmission_System,0.0,12.0,1,0,4.0,337.6600000000001,8.99989871582325,1.0,4.0,8.99989871582325,21.99992536955397,63.311875,0,0.9583333333333334,0.5399992536955397,1.3333333333333333,0.59259341158353,23,10.0,12.001108795198055,3.3333333333333335,4.000369598399352
612139,Transmission system for Evacuation of Additional 7 GW RE power from Khavda RE park under Phase-III Part B [Vataman Transmission Limited],2025-12-01,2023-12-01,12-2025,3751.82,2101.02,38.0,24,24,0,56.00002132298457,Transmission_System,0.0,12.0,1,0,6.0,75.03999999999996,2.000095953430602,1.0,6.0,2.000095953430602,18.000021322984573,55.29,0,1.0,0.5600002132298457,1.52,0.6785711701935251,24,13.0,10.999994669253851,4.333333333333333,3.666664889751284
612139,Transmission system for Evacuation of Additional 7 GW RE power from Khavda RE park under Phase-III Part B [Vataman Transmission Limited],2026-01-01,2023-12-01,12-2025,3751.82,2138.53,42.0,24,25,-1,56.99980276239266,Transmission_System,0.0,12.0,1,0,4.0,37.51000000000022,0.9997814394080892,1.0,4.0,0.9997814394080892,14.999802762392662,50.91738095238096,1,1.0416666666666667,0.5699980276239266,1.6153846153846154,0.7368446549732759,25,14.0,11.99977610866194,4.666666666666667,3.99992536955398
612139,Transmission system for Evacuation of Additional 7 GW RE power from Khavda RE park under Phase-III Part B [Vataman Transmission Limited],2026-02-01,2023-12-01,12-2025,3751.82,2176.05,50.0,24,26,-2,57.99985073910795,Transmission_System,0.0,12.0,1,0,8.0,37.51999999999998,1.0000479767152868,1.0,8.0,1.0000479767152868,7.9998507391079485,43.521,2,1.0833333333333333,0.5799985073910795,1.851851851851852,0.8620711840261024,26,18.0,3.999925369553978,6.0,1.333308456517993
612139,Transmission system for Evacuation of Additional 7 GW RE power from Khavda RE park under Phase-III Part B [Vataman Transmission Limited],2026-03-01,2023-12-01,12-2025,3751.82,2194.81,55.23,24,27,-3,58.499874727465595,Transmission_System,0.0,12.0,1,0,5.229999999999997,18.759999999999764,0.5000239883576469,1.0,5.229999999999997,0.5000239883576469,3.2698747274655986,39.73945319572696,3,1.125,0.584998747274656,1.9725,0.9441045858183624,27,17.229999999999997,2.499853404481023,5.743333333333332,0.833284468160341
612140,Transmission Scheme for Integration of Renewable Energy Zone [Phase II] in Koppal II [Phase A&B] and gadag II[Phase A] in Karnataka [POWERGRID KOPPAL GADAG TRANSMISSION LIMITED],2025-08-01,2023-12-01,12-2025,2889.39,1332.21,46.0,24,20,4,46.10696375359505,Transmission_System,0.0,3.0,1,0,0.0,0.0,0.0,0.0,0.0,0.0,0.1069637535950533,28.96108695652174,0,0.8333333333333334,0.4610696375359505,2.1904761904761907,0.9976800954804422,20,0.0,0.0,0.0,0.0
612140,Transmission Scheme for Integration of Renewable Energy Zone [Phase II] in Koppal II [Phase A&B] and gadag II[Phase A] in Karnataka [POWERGRID KOPPAL GADAG TRANSMISSION LIMITED],2025-09-01,2023-12-01,12-2025,2889.39,1462.89,50.0,24,21,3,50.6297176912774,Transmission_System,0.0,3.0,1,0,4.0,130.68000000000006,4.522753937682346,1.0,4.0,4.522753937682346,0.6297176912773992,29.257800000000003,0,0.875,0.506297176912774,2.272727272727273,0.9875622910813526,21,0.0,0.0,4.0,4.522753937682346
612140,Transmission Scheme for Integration of Renewable Energy Zone [Phase II] in Koppal II [Phase A&B] and gadag II[Phase A] in Karnataka [POWERGRID KOPPAL GADAG TRANSMISSION LIMITED],2025-10-01,2023-12-01,12-2025,2889.39,1533.89,54.0,24,22,2,53.08698375781739,Transmission_System,0.0,6.0,1,0,4.0,71.0,2.4572660665399937,1.0,4.0,2.4572660665399937,-0.9130162421826072,28.405370370370377,0,0.9166666666666666,0.530869837578174,2.347826086956522,1.0171984953288695,22,0.0,0.0,4.0,3.4900100021111697
612140,Transmission Scheme for Integration of Renewable Energy Zone [Phase II] in Koppal II [Phase A&B] and gadag II[Phase A] in Karnataka [POWERGRID KOPPAL GADAG TRANSMISSION LIMITED],2025-11-01,2023-12-01,12-2025,2889.39,1733.63,61.0,24,23,1,59.99986156247513,Transmission_System,0.0,6.0,1,0,7.0,199.74,6.9128778046577395,1.0,7.0,6.9128778046577395,-1.0001384375248676,28.42016393442623,0,0.9583333333333334,0.5999986156247513,2.5416666666666665,1.016669012419028,23,15.0,13.89289780888008,5.0,4.63096593629336
612140,Transmission Scheme for Integration of Renewable Energy Zone [Phase II] in Koppal II [Phase A&B] and gadag II[Phase A] in Karnataka [POWERGRID KOPPAL GADAG TRANSMISSION LIMITED],2025-12-01,2023-12-01,12-2025,2889.39,1841.69,68.0,24,24,0,63.73975129698657,Transmission_System,0.0,6.0,1,0,7.0,108.05999999999996,3.739889734511437,1.0,7.0,3.739889734511437,-4.260248703013431,27.083676470588237,0,1.0,0.6373975129698657,2.72,1.066838175805917,24,18.0,13.11003360570917,6.0,4.370011201903057
612140,Transmission Scheme for Integration of Renewable Energy Zone [Phase II] in Koppal II [Phase A&B] and gadag II[Phase A] in Karnataka [POWERGRID KOPPAL GADAG TRANSMISSION LIMITED],2026-01-01,2023-12-01,12-2025,2889.39,2033.26,72.0,24,25,-1,70.36987045708611,Transmission_System,0.0,6.0,1,0,4.0,191.5699999999999,6.6301191600995395,1.0,4.0,6.6301191600995395,-1.6301295429138918,28.239722222222223,1,1.0416666666666667,0.703698704570861,2.769230769230769,1.0231651633337595,25,18.0,17.282886699268715,6.0,5.760962233089572
612140,Transmission Scheme for Integration of Renewable Energy Zone [Phase II] in Koppal II [Phase A&B] and gadag II[Phase A] in Karnataka [POWERGRID KOPPAL GADAG TRANSMISSION LIMITED],2026-02-01,2023-12-01,12-2025,2889.39,2080.36,76.0,24,26,-2,71.99997231249503,Transmission_System,0.0,6.0,1,0,4.0,47.100000000000136,1.630101855408924,1.0,4.0,1.630101855408924,-4.000027687504968,27.373157894736845,2,1.0833333333333333,0.7199997231249503,2.814814814814815,1.0555559614682073,26,15.0,12.0001107500199,5.0,4.0000369166733
612140,Transmission Scheme for Integration of Renewable Energy Zone [Phase II] in Koppal II [Phase A&B] and gadag II[Phase A] in Karnataka [POWERGRID KOPPAL GADAG TRANSMISSION LIMITED],2026-03-01,2023-12-01,12-2025,2889.39,2224.83,80.41,24,27,-3,76.99998961718563,Transmission_System,0.0,9.0,1,0,4.409999999999997,144.4699999999998,5.000017304690601,1.0,4.409999999999997,5.000017304690601,-3.410010382814363,27.668573560502427,3,1.125,0.7699998961718564,2.871785714285714,1.0442858550990413,27,12.409999999999997,13.260238320199065,4.136666666666666,4.420079440066355
617179,Transmission Scheme for evacuation of Power from Ratle HEP [850 MW] & kiru [624 MW] Part B,2025-09-01,2024-07-01,07-2026,218.6,1.01,0.0,24,14,10,0.4620311070448308,Transmission_System,0.0,8.0,1,0,0.0,0.0,0.0,0.0,0.0,0.0,0.4620311070448308,,0,0.5833333333333334,0.0046203110704483,0.0,0.0,14,0.0,0.0,0.0,0.0
617179,Transmission Scheme for evacuation of Power from Ratle HEP [850 MW] & kiru [624 MW] Part B,2025-10-01,2024-07-01,07-2026,218.6,2.11,0.0,24,15,9,0.9652333028362304,Transmission_System,0.0,8.0,1,0,0.0,1.1,0.5032021957913997,1.0,0.0,0.5032021957913997,0.9652333028362304,,0,0.625,0.0096523330283623,0.0,0.0,15,0.0,0.0,0.0,0.5032021957913997
617179,Transmission Scheme for evacuation of Power from Ratle HEP [850 MW] & kiru [624 MW] Part B,2026-01-01,2024-07-01,07-2026,218.6,2.71,1.0,24,18,6,1.2397072278133576,Transmission_System,0.0,8.0,1,0,1.0,0.6000000000000001,0.2744739249771272,3.0,0.3333333333333333,0.091491308325709,0.2397072278133576,2.71,0,0.75,0.0123970722781335,0.0526315789473684,0.8066420664206643,18,0.0,0.0,0.1666666666666666,0.2973467520585544
617179,Transmission Scheme for evacuation of Power from Ratle HEP [850 MW] & kiru [624 MW] Part B,2026-02-01,2024-07-01,07-2026,218.6,3.28,1.0,24,19,5,1.5004574565416284,Transmission_System,0.0,8.0,1,0,0.0,0.5699999999999998,0.2607502287282708,1.0,0.0,0.2607502287282708,0.5004574565416284,3.28,0,0.7916666666666666,0.0150045745654162,0.05,0.6664634146341464,19,1.0,1.0384263494967976,0.1111111111111111,0.2851479109484598
617179,Transmission Scheme for evacuation of Power from Ratle HEP [850 MW] & kiru [624 MW] Part B,2026-03-01,2024-07-01,07-2026,218.6,3.28,1.5,24,20,4,1.5004574565416284,Transmission_System,0.0,11.0,1,0,0.5,0.0,0.0,1.0,0.5,0.0,0.0004574565416284,2.1866666666666665,0,0.8333333333333334,0.0150045745654162,0.0714285714285714,0.9996951219512196,20,1.5,0.535224153705398,0.2777777777777777,0.1174138456846599
617179,Transmission Scheme for evacuation of Power from Ratle HEP [850 MW] & kiru [624 MW] Part B,2026-04-01,2024-07-01,07-2026,218.6,3.72,1.7,24,21,3,1.7017383348581887,Transmission_System,0.0,11.0,1,0,0.1999999999999999,0.4400000000000004,0.2012808783165602,1.0,0.1999999999999999,0.2012808783165602,0.0017383348581887,2.1882352941176473,0,0.875,0.0170173833485818,0.0772727272727272,0.9989784946236556,21,0.7,0.4620311070448311,0.2333333333333333,0.1540103690149437
617179,Transmission Scheme for evacuation of Power from Ratle HEP [850 MW] & kiru [624 MW] Part B,2026-05-01,2024-07-01,07-2026,218.6,3.72,1.7,24,22,2,1.7017383348581887,Transmission_System,0.0,11.0,1,0,0.0,0.0,0.0,1.0,0.0,0.0,0.0017383348581887,2.1882352941176473,0,0.9166666666666666,0.0170173833485818,0.0739130434782608,0.9989784946236556,22,0.7,0.2012808783165602,0.2333333333333333,0.0670936261055201
617179,Transmission Scheme for evacuation of Power from Ratle HEP [850 MW] & kiru [624 MW] Part B,2026-06-01,2024-07-01,07-2026,218.6,3.72,1.7,24,23,1,1.7017383348581887,Transmission_System,0.0,11.0,1,0,0.0,0.0,0.0,1.0,0.0,0.0,0.0017383348581887,2.1882352941176473,0,0.9583333333333334,0.0170173833485818,0.0708333333333333,0.9989784946236556,23,0.1999999999999999,0.2012808783165602,0.0666666666666666,0.0670936261055201
617269,Transmission System for Strengthening to facilitate evacuation of power from Bhadla/Bikaner Complex,2026-06-01,2024-12-01,06-2026,212.81,9.98,11.17,18,18,0,4.689629246745923,Transmission_System,0.0,6.0,1,0,0.0,0.0,0.0,0.0,0.0,0.0,-6.480370753254077,0.8934646374216653,0,1.0,0.0468962924674592,0.5878947368421052,2.3818514028056113,18,0.0,0.0,0.0,0.0
617270,Eastern Region  Expansion Scheme-44 [ERES-44],2025-10-01,2024-11-01,05-2026,408.94,0.32,0.0,18,11,7,0.0782510881791949,Transmission_System,0.0,10.0,1,0,0.0,0.0,0.0,0.0,0.0,0.0,0.0782510881791949,,0,0.6111111111111112,0.0007825108817919,0.0,0.0,11,0.0,0.0,0.0,0.0
617270,Eastern Region  Expansion Scheme-44 [ERES-44],2025-11-01,2024-11-01,05-2026,408.94,0.32,0.0,18,12,6,0.0782510881791949,Transmission_System,0.0,1.0,1,0,0.0,0.0,0.0,1.0,0.0,0.0,0.0782510881791949,,0,0.6666666666666666,0.0007825108817919,0.0,0.0,12,0.0,0.0,0.0,0.0
617270,Eastern Region  Expansion Scheme-44 [ERES-44],2025-12-01,2024-11-01,05-2026,408.94,0.4,0.0,18,13,5,0.0978138602239937,Transmission_System,0.0,10.0,1,0,0.0,0.08,0.0195627720447987,1.0,0.0,0.0195627720447987,0.0978138602239937,,0,0.7222222222222222,0.0009781386022399,0.0,0.0,13,0.0,0.0,0.0,0.0097813860223993
617270,Eastern Region  Expansion Scheme-44 [ERES-44],2026-01-01,2024-11-01,05-2026,408.94,2.04,0.0,18,14,4,0.4988506871423681,Transmission_System,0.0,10.0,1,0,0.0,1.64,0.4010368269183744,1.0,0.0,0.4010368269183744,0.4988506871423681,,0,0.7777777777777778,0.0049885068714236,0.0,0.0,14,0.0,0.4205995989631731,0.0,0.1401998663210577
617270,Eastern Region  Expansion Scheme-44 [ERES-44],2026-02-01,2024-11-01,05-2026,408.94,4.09,1.0,18,15,3,1.0001467207903358,Transmission_System,0.0,10.0,1,0,1.0,2.05,0.5012960336479677,1.0,1.0,0.5012960336479677,0.0001467207903358,4.09,0,0.8333333333333334,0.0100014672079033,0.0625,0.9998533007334964,15,1.0,0.9218956326111408,0.3333333333333333,0.3072985442037136
617270,Eastern Region  Expansion Scheme-44 [ERES-44],2026-03-01,2024-11-01,05-2026,408.94,4.09,1.1,18,16,2,1.0001467207903358,Transmission_System,0.0,13.0,1,0,0.1,0.0,0.0,1.0,0.1,0.0,-0.0998532792096642,3.718181818181818,0,0.8888888888888888,0.0100014672079033,0.0647058823529411,1.0998386308068462,16,1.1,0.902332860566342,0.3666666666666667,0.3007776201887807
617270,Eastern Region  Expansion Scheme-44 [ERES-44],2026-04-01,2024-11-01,05-2026,408.94,6.13,1.5,18,17,1,1.4989974079327042,Transmission_System,0.0,13.0,1,0,0.3999999999999999,2.04,0.4988506871423683,1.0,0.3999999999999999,0.4988506871423683,-0.0010025920672958,4.086666666666667,0,0.9444444444444444,0.014989974079327,0.0833333333333333,1.000668841761827,17,1.5,1.000146720790336,0.5,0.3333822402634454
617270,Eastern Region  Expansion Scheme-44 [ERES-44],2026-05-01,2024-11-01,05-2026,408.94,6.13,1.5,18,18,0,1.4989974079327042,Transmission_System,0.0,13.0,1,0,0.0,0.0,0.0,1.0,0.0,0.0,-0.0010025920672958,4.086666666666667,0,1.0,0.014989974079327,0.0789473684210526,1.000668841761827,18,0.5,0.4988506871423683,0.1666666666666666,0.1662835623807894
617270,Eastern Region  Expansion Scheme-44 [ERES-44],2026-06-01,2024-11-01,05-2026,408.94,6.13,1.5,18,19,-1,1.4989974079327042,Transmission_System,0.0,13.0,1,0,0.0,0.0,0.0,1.0,0.0,0.0,-0.0010025920672958,4.086666666666667,1,1.0555555555555556,0.014989974079327,0.075,1.000668841761827,19,0.3999999999999999,0.4988506871423683,0.1333333333333333,0.1662835623807894
617326,Implementation of Transmission Systems in the State of Jharkhand consisting of 400/220/132/33 kV transmission lines and substations under Jharkhand Consultancy Project,2025-12-01,2012-02-01,03-2026,1842.25,1648.05,95.0,169,166,3,89.4585425430859,Substation_Grid_Equipment,0.0,5.0,1,0,0.0,0.0,0.0,0.0,0.0,0.0,-5.541457456914102,17.347894736842104,0,0.9822485207100592,0.894585425430859,0.5688622754491018,1.06194441916204,166,0.0,0.0,0.0,0.0
617326,Implementation of Transmission Systems in the State of Jharkhand consisting of 400/220/132/33 kV transmission lines and substations under Jharkhand Consultancy Project,2026-01-01,2012-02-01,03-2026,1842.25,1648.05,95.0,169,167,2,89.4585425430859,Substation_Grid_Equipment,0.0,5.0,1,0,0.0,0.0,0.0,1.0,0.0,0.0,-5.541457456914102,17.347894736842104,0,0.9881656804733728,0.894585425430859,0.5654761904761905,1.06194441916204,167,0.0,0.0,0.0,0.0
617326,Implementation of Transmission Systems in the State of Jharkhand consisting of 400/220/132/33 kV transmission lines and substations under Jharkhand Consultancy Project,2026-02-01,2012-02-01,03-2026,1842.25,1648.05,95.0,169,168,1,89.4585425430859,Substation_Grid_Equipment,0.0,5.0,1,0,0.0,0.0,0.0,1.0,0.0,0.0,-5.541457456914102,17.347894736842104,0,0.9940828402366864,0.894585425430859,0.5621301775147929,1.06194441916204,168,0.0,0.0,0.0,0.0
617326,Implementation of Transmission Systems in the State of Jharkhand consisting of 400/220/132/33 kV transmission lines and substations under Jharkhand Consultancy Project,2026-03-01,2012-02-01,03-2026,1842.25,1648.05,95.4,169,169,0,89.4585425430859,Substation_Grid_Equipment,0.0,5.0,1,0,0.4000000000000057,0.0,0.0,1.0,0.4000000000000057,0.0,-5.941457456914108,17.2751572327044,0,1.0,0.894585425430859,0.5611764705882353,1.0664157640848275,169,0.4000000000000057,0.0,0.1333333333333352,0.0
617326,Implementation of Transmission Systems in the State of Jharkhand consisting of 400/220/132/33 kV transmission lines and substations under Jharkhand Consultancy Project,2026-04-01,2012-02-01,03-2026,1842.25,1648.05,96.0,169,170,-1,89.4585425430859,Substation_Grid_Equipment,0.0,5.0,1,0,0.5999999999999943,0.0,0.0,1.0,0.5999999999999943,0.0,-6.541457456914102,17.1671875,1,1.0059171597633136,0.894585425430859,0.5614035087719298,1.073122781469009,170,1.0,0.0,0.3333333333333333,0.0
617326,Implementation of Transmission Systems in the State of Jharkhand consisting of 400/220/132/33 kV transmission lines and substations under Jharkhand Consultancy Project,2026-05-01,2012-02-01,03-2026,1842.25,1648.05,96.2,169,171,-2,89.4585425430859,Substation_Grid_Equipment,0.0,5.0,1,0,0.2000000000000028,0.0,0.0,1.0,0.2000000000000028,0.0,-6.741457456914105,17.13149688149688,2,1.0118343195266273,0.894585425430859,0.5593023255813954,1.0753584539304026,171,1.2000000000000028,0.0,0.4000000000000009,0.0
617326,Implementation of Transmission Systems in the State of Jharkhand consisting of 400/220/132/33 kV transmission lines and substations under Jharkhand Consultancy Project,2026-06-01,2012-02-01,03-2026,1842.25,1648.05,96.3,169,172,-3,89.4585425430859,Substation_Grid_Equipment,0.0,5.0,1,0,0.0999999999999943,0.0,0.0,1.0,0.0999999999999943,0.0,-6.8414574569141,17.113707165109034,3,1.017751479289941,0.894585425430859,0.5566473988439307,1.0764762901610996,172,0.8999999999999915,0.0,0.2999999999999971,0.0
617801,Provision of ICT Augmentation & Bus Reactor at Bhuj-II PS,2025-10-01,2025-03-01,12-2026,581.74,0.2,0.0,21,7,14,0.0343796197614054,Substation_Grid_Equipment,0.0,3.0,1,0,0.0,0.0,0.0,0.0,0.0,0.0,0.0343796197614054,,0,0.3333333333333333,0.000343796197614,0.0,0.0,7,0.0,0.0,0.0,0.0
617801,Provision of ICT Augmentation & Bus Reactor at Bhuj-II PS,2025-11-01,2025-03-01,12-2026,581.74,0.2,0.0,21,8,13,0.0343796197614054,Substation_Grid_Equipment,0.0,3.0,1,0,0.0,0.0,0.0,1.0,0.0,0.0,0.0343796197614054,,0,0.3809523809523809,0.000343796197614,0.0,0.0,8,0.0,0.0,0.0,0.0
617801,Provision of ICT Augmentation & Bus Reactor at Bhuj-II PS,2025-12-01,2025-03-01,12-2026,581.74,1.16,0.0,21,9,12,0.1994017946161515,Substation_Grid_Equipment,0.0,3.0,1,0,0.0,0.96,0.1650221748547461,1.0,0.0,0.1650221748547461,0.1994017946161515,,0,0.4285714285714285,0.0019940179461615,0.0,0.0,9,0.0,0.0,0.0,0.082511087427373
617801,Provision of ICT Augmentation & Bus Reactor at Bhuj-II PS,2026-01-01,2025-03-01,12-2026,581.74,2.91,0.0,21,10,11,0.5002234675284492,Substation_Grid_Equipment,0.0,3.0,1,0,0.0,1.7500000000000002,0.3008216729122976,1.0,0.0,0.3008216729122976,0.5002234675284492,,0,0.4761904761904761,0.0050022346752844,0.0,0.0,10,0.0,0.4658438477670437,0.0,0.1552812825890146
617801,Provision of ICT Augmentation & Bus Reactor at Bhuj-II PS,2026-02-01,2025-03-01,12-2026,581.74,5.81,1.0,21,11,10,0.998727954068828,Substation_Grid_Equipment,0.0,3.0,1,0,1.0,2.8999999999999995,0.4985044865403788,1.0,1.0,0.4985044865403788,-0.001272045931172,5.81,0,0.5238095238095238,0.0099872795406882,0.0833333333333333,1.001273666092943,11,1.0,0.9643483343074226,0.3333333333333333,0.3214494447691409
617801,Provision of ICT Augmentation & Bus Reactor at Bhuj-II PS,2026-03-01,2025-03-01,12-2026,581.74,6.98,1.2,21,12,9,1.1998487296730498,Substation_Grid_Equipment,0.0,6.0,1,0,0.1999999999999999,1.1700000000000008,0.2011207756042218,1.0,0.1999999999999999,0.2011207756042218,-0.0001512703269501,5.816666666666667,0,0.5714285714285714,0.0119984872967304,0.0923076923076923,1.0001260744985674,12,1.2,1.0004469350568983,0.3999999999999999,0.3334823116856327
617801,Provision of ICT Augmentation & Bus Reactor at Bhuj-II PS,2026-04-01,2025-03-01,12-2026,581.74,7.08,1.5,21,13,8,1.2170385395537524,Substation_Grid_Equipment,0.0,6.0,1,0,0.3,0.0999999999999996,0.0171898098807026,1.0,0.3,0.0171898098807026,-0.2829614604462476,4.72,0,0.6190476190476191,0.0121703853955375,0.1071428571428571,1.2325000000000002,13,1.5,0.7168150720253033,0.5,0.2389383573417677
617801,Provision of ICT Augmentation & Bus Reactor at Bhuj-II PS,2026-05-01,2025-03-01,12-2026,581.74,11.63,2.0,21,14,7,1.9991748891257264,Substation_Grid_Equipment,0.0,6.0,1,0,0.5,4.550000000000001,0.782136349571974,1.0,0.5,0.782136349571974,-0.0008251108742736,5.815,0,0.6666666666666666,0.0199917488912572,0.1333333333333333,1.0004127257093722,14,1.0,1.0004469350568983,0.3333333333333333,0.3334823116856327
617801,Provision of ICT Augmentation & Bus Reactor at Bhuj-II PS,2026-06-01,2025-03-01,12-2026,581.74,17.45,6.0,21,15,6,2.9996218241826247,Substation_Grid_Equipment,0.0,6.0,1,0,4.0,5.8199999999999985,1.0004469350568983,1.0,4.0,1.0004469350568983,-3.0003781758173753,2.908333333333333,0,0.7142857142857143,0.0299962182418262,0.375,2.0002521489971348,15,4.8,1.799773094509575,1.6,0.599924364836525
619029,Transmission System for Reliable Power Supply to Dholera,2026-02-01,2024-09-01,03-2026,319.42,19.16,9.0,18,17,1,5.9983720493394275,Transmission_System,0.0,6.0,1,0,0.0,0.0,0.0,0.0,0.0,0.0,-3.0016279506605725,2.128888888888889,0,0.9444444444444444,0.0599837204933942,0.5,1.5004070981210855,17,0.0,0.0,0.0,0.0
619029,Transmission System for Reliable Power Supply to Dholera,2026-03-01,2024-09-01,03-2026,319.42,46.31,15.0,18,18,0,14.49815290213512,Transmission_System,0.0,9.0,1,0,6.0,27.15,8.499780852795691,1.0,6.0,8.499780852795691,-0.5018470978648804,3.0873333333333335,0,1.0,0.1449815290213512,0.7894736842105263,1.0346145540919889,18,0.0,0.0,6.0,8.499780852795691
619029,Transmission System for Reliable Power Supply to Dholera,2026-04-01,2024-09-01,03-2026,319.42,51.1,18.0,18,19,-1,15.997745914469975,Transmission_System,0.0,9.0,1,0,3.0,4.789999999999999,1.4995930123348558,1.0,3.0,1.4995930123348558,-2.0022540855300246,2.838888888888889,1,1.0555555555555556,0.1599774591446997,0.9,1.1251585127201569,19,0.0,0.0,4.5,4.9996869325652735
619029,Transmission System for Reliable Power Supply to Dholera,2026-05-01,2024-09-01,03-2026,319.42,51.1,21.0,18,20,-2,15.997745914469975,Transmission_System,0.0,9.0,1,0,3.0,0.0,0.0,1.0,3.0,0.0,-5.002254085530025,2.4333333333333336,2,1.1111111111111112,0.1599774591446997,1.0,1.3126849315068494,20,12.0,9.999373865130549,4.0,3.333124621710182
619029,Transmission System for Reliable Power Supply to Dholera,2026-06-01,2024-09-01,03-2026,319.42,63.88,31.0,18,21,-3,19.998747730261098,Transmission_System,0.0,9.0,1,0,10.0,12.78,4.001001815791122,1.0,10.0,4.001001815791122,-11.001252269738902,2.0606451612903225,3,1.1666666666666667,0.199987477302611,1.4090909090909092,1.550097056981841,21,16.0,5.500594828125978,5.333333333333333,1.833531609375326
900808,Transmission System for Kurnool Wind Energy Zone/ Solar Energy Zone  Part-A and Part-B,2025-07-01,2023-03-01,11-2024,3546.94,3121.3,94.0,20,28,-8,87.99979700812531,Transmission_System,0.0,13.0,1,0,0.0,0.0,0.0,0.0,0.0,0.0,-6.000202991874687,33.20531914893617,8,1.4,0.8799979700812531,3.2413793103448274,1.068184282190113,28,0.0,0.0,0.0,0.0
900808,Transmission System for Kurnool Wind Energy Zone/ Solar Energy Zone  Part-A and Part-B,2025-08-01,2023-03-01,11-2024,3546.94,3192.25,95.0,20,29,-9,90.00011277326372,Transmission_System,0.0,13.0,1,0,1.0,70.94999999999982,2.00031576513841,1.0,1.0,2.00031576513841,-4.999887226736277,33.60263157894737,9,1.45,0.9000011277326372,3.1666666666666665,1.0555542329078236,29,0.0,0.0,1.0,2.00031576513841
900808,Transmission System for Kurnool Wind Energy Zone/ Solar Energy Zone  Part-A and Part-B,2025-09-01,2023-03-01,11-2024,3546.94,3263.18,96.0,20,30,-10,91.99986467208352,Transmission_System,0.0,13.0,1,0,1.0,70.92999999999984,1.999751898819795,1.0,1.0,1.999751898819795,-4.000135327916482,33.991458333333334,10,1.5,0.9199986467208352,3.096774193548387,1.0434797957820288,30,0.0,0.0,1.0,2.0000338319791027
900808,Transmission System for Kurnool Wind Energy Zone/ Solar Energy Zone  Part-A and Part-B,2025-10-01,2023-03-01,11-2024,3546.94,3369.59,97.0,20,31,-11,94.99991542005222,Transmission_System,0.0,14.0,1,0,1.0,106.41000000000032,3.0000507479687,1.0,1.0,3.0000507479687,-2.0000845799477815,34.73804123711341,11,1.55,0.9499991542005222,3.03125,1.0210535406384753,31,3.0,7.0001184119269055,1.0,2.333372803975635
900808,Transmission System for Kurnool Wind Energy Zone/ Solar Energy Zone  Part-A and Part-B,2025-11-01,2023-03-01,11-2024,3546.94,3404.59,98.0,20,32,-12,95.98668147755532,Transmission_System,0.0,14.0,1,0,1.0,35.0,0.986766057503104,1.0,1.0,0.986766057503104,-2.0133185224446777,34.74071428571429,12,1.6,0.9598668147755532,2.9696969696969697,1.0209749778974853,32,3.0,5.986568704291599,1.0,1.9955229014305331
900808,Transmission System for Kurnool Wind Energy Zone/ Solar Energy Zone  Part-A and Part-B,2025-12-01,2023-03-01,11-2024,3546.94,3440.49,98.0,20,33,-13,96.99882151939416,Transmission_System,0.0,16.0,1,0,0.0,35.899999999999636,1.012140041838833,1.0,0.0,1.012140041838833,-1.0011784806058444,35.10704081632653,13,1.65,0.9699882151939416,2.8823529411764706,1.010321553034597,33,2.0,4.998956847310637,0.6666666666666666,1.6663189491035455
900808,Transmission System for Kurnool Wind Energy Zone/ Solar Energy Zone  Part-A and Part-B,2026-01-01,2023-03-01,11-2024,3546.94,3476.0,99.0,20,34,-14,97.99996616802088,Transmission_System,0.0,16.0,1,0,1.0,35.51000000000022,1.0011446486267204,1.0,1.0,1.0011446486267204,-1.000033831979124,35.111111111111114,14,1.7,0.9799996616802088,2.8285714285714287,1.0102044303797468,34,2.0,3.0000507479686576,0.6666666666666666,1.0000169159895524
900808,Transmission System for Kurnool Wind Energy Zone/ Solar Energy Zone  Part-A and Part-B,2026-02-01,2023-03-01,11-2024,3546.94,3511.47,99.0,20,35,-15,98.99998308401044,Transmission_System,0.0,16.0,1,0,0.0,35.4699999999998,1.000016915989562,1.0,0.0,1.000016915989562,-1.6915989561994138e-05,35.46939393939394,15,1.75,0.9899998308401043,2.75,1.0000001708686106,35,1.0,3.0133016064551157,0.3333333333333333,1.0044338688183718
900808,Transmission System for Kurnool Wind Energy Zone/ Solar Energy Zone  Part-A and Part-B,2026-03-01,2023-03-01,11-2024,3546.94,3529.2,99.68,20,36,-16,99.49985057542555,Transmission_System,0.0,18.0,1,0,0.6800000000000068,17.730000000000018,0.4998674914151166,1.0,0.6800000000000068,0.4998674914151166,-0.1801494245744521,35.40529695024077,16,1.8,0.9949985057542556,2.694054054054054,1.001810549699649,36,1.6800000000000068,2.501029056031399,0.5600000000000023,0.8336763520104663
900808,Transmission System for Kurnool Wind Energy Zone/ Solar Energy Zone  Part-A and Part-B,2026-04-01,2023-03-01,11-2024,3546.94,3532.75,99.69,20,37,-17,99.59993684697233,Transmission_System,0.0,18.0,1,0,0.0099999999999909,3.550000000000182,0.1000862715467718,1.0,0.0099999999999909,0.1000862715467718,-0.0900631530276712,35.437355802989266,17,1.85,0.9959993684697231,2.623421052631579,1.0009042490977282,37,0.6899999999999977,1.5999706789514505,0.2299999999999992,0.5333235596504835
900808,Transmission System for Kurnool Wind Energy Zone/ Solar Energy Zone  Part-A and Part-B,2026-05-01,2023-03-01,11-2024,3546.94,3532.75,99.69,20,38,-18,99.59993684697233,Transmission_System,0.0,18.0,1,0,0.0,0.0,0.0,1.0,0.0,0.0,-0.0900631530276712,35.437355802989266,18,1.9,0.9959993684697231,2.556153846153846,1.0009042490977282,38,0.6899999999999977,0.5999537629618885,0.2299999999999992,0.1999845876539628
N18000184,ESTABLISHMENT OF FIBER OPTIC COMMUNICATION SYSTEM IN NR UNDER FIBER OPTIC EXPANSION PROJECT (ADDITIO,2024-08-01,2015-03-01,03-2018,197.4,161.89,96.0,36,113,-77,82.0111448834853,Other_Power_Transmission,0.0,81.0,1,0,0.0,0.0,0.0,0.0,0.0,0.0,-13.9888551165147,1.6863541666666666,77,3.138888888888889,0.820111448834853,0.8421052631578947,1.1705726110321826,113,0.0,0.0,0.0,0.0
N18000184,ESTABLISHMENT OF FIBER OPTIC COMMUNICATION SYSTEM IN NR UNDER FIBER OPTIC EXPANSION PROJECT (ADDITIO,2024-11-01,2015-03-01,03-2018,197.4,162.89,98.0,36,116,-80,82.5177304964539,Other_Power_Transmission,0.0,81.0,1,0,2.0,1.0,0.5065856129685926,3.0,0.6666666666666666,0.1688618709895308,-15.482269503546108,1.662142857142857,80,3.2222222222222223,0.8251773049645389,0.8376068376068376,1.187623549634723,116,0.0,0.0,0.6666666666666666,0.1688618709895308
N18000249,COMPREHENSIVE SCHEME FOR THE STRENGHTENING OF THE TRANSMISSION AND DISTRIBUTION SYSTEM IN A P,2024-08-01,2014-12-01,12-2018,4754.42,6684.4,77.1,48,116,-68,140.59338468204322,Other_Power_Transmission,92.0175331586187,75.0,1,1,0.0,0.0,0.0,0.0,0.0,0.0,63.49338468204323,86.69779507133593,68,2.4166666666666665,1.4059338468204323,0.658974358974359,0.5483899557177907,116,0.0,0.0,0.0,0.0
N18000249,1123 COMPREHENSIVE SCHEME FOR THE STRENGHTENING OF THE TRANSMISSION AND DISTRIBUTION SYSTEM IN A P,2024-09-01,2014-12-01,12-2018,4754.42,6724.24,77.14,48,117,-69,141.43134178301452,Other_Power_Transmission,92.0175331586187,75.0,1,1,0.0400000000000062,39.840000000000146,0.8379571009712947,1.0,0.0400000000000062,0.8379571009712947,64.29134178301452,87.16930256676173,69,2.4375,1.414313417830145,0.653728813559322,0.5454236594767589,117,0.0,0.0,0.0400000000000062,0.8379571009712947
N18000249,COMPREHENSIVE SCHEME FOR THE STRENGHTENING OF THE TRANSMISSION AND DISTRIBUTION SYSTEM IN A P,2024-11-01,2014-12-01,12-2018,4754.42,6869.5,77.6,48,119,-71,144.4866040442367,Other_Power_Transmission,92.0175331586187,75.0,1,1,0.4599999999999937,145.26000000000022,3.0552622612221967,2.0,0.2299999999999968,1.5276311306110983,66.88660404423672,88.52448453608248,71,2.4791666666666665,1.4448660404423672,0.6466666666666666,0.5370740112089673,119,0.0,0.0,0.1350000000000015,1.1827941157911963
N18000249,COMPREHENSIVE SCHEME FOR THE STRENGHTENING OF THE TRANSMISSION AND DISTRIBUTION SYSTEM IN A P,2024-12-01,2014-12-01,12-2018,4754.42,6894.16,77.6,48,120,-72,145.0052792980006,Other_Power_Transmission,92.0175331586187,75.0,1,1,0.0,24.659999999999854,0.5186752537638881,1.0,0.0,0.5186752537638881,67.40527929800061,88.84226804123712,72,2.5,1.450052792980006,0.6413223140495867,0.5351529294359283,120,0.5,4.4118946159573795,0.090000000000001,0.9614211617820936
N18000249,COMPREHENSIVE SCHEME FOR THE STRENGHTENING OF THE TRANSMISSION AND DISTRIBUTION SYSTEM IN A P,2025-01-01,2014-12-01,12-2018,4754.42,6938.35,77.9,48,121,-73,145.93473020894243,Other_Power_Transmission,92.0175331586187,75.0,1,1,0.3000000000000113,44.19000000000051,0.9294509109418244,1.0,0.3000000000000113,0.9294509109418244,68.03473020894242,89.06739409499357,73,2.5208333333333335,1.4593473020894243,0.6385245901639345,0.5338002810466466,121,0.7600000000000051,4.503388425927909,0.1766666666666694,0.9919190984389368
N18000249,COMPREHENSIVE SCHEME FOR THE STRENGHTENING OF THE TRANSMISSION AND DISTRIBUTION SYSTEM IN A P,2025-02-01,2014-12-01,12-2018,4754.42,7009.75,79.5,48,122,-74,147.4364906760446,Other_Power_Transmission,92.0175331586187,75.0,1,1,1.5999999999999943,71.39999999999964,1.501760467102173,1.0,1.5999999999999943,1.501760467102173,67.9364906760446,88.17295597484276,74,2.5416666666666665,1.474364906760446,0.6463414634146342,0.5392152216555512,122,1.9000000000000057,2.949886631807886,0.6333333333333352,0.9832955439359616
N18000249,COMPREHENSIVE SCHEME FOR THE STRENGHTENING OF THE TRANSMISSION AND DISTRIBUTION SYSTEM IN A P,2025-03-01,2014-12-01,12-2018,4754.42,7602.44,80.0,48,123,-75,159.9025748671762,Other_Power_Transmission,92.0175331586187,,1,1,0.5,592.6899999999996,12.466084191131614,1.0,0.5,12.466084191131614,79.90257486717621,95.0305,75,2.5625,1.599025748671762,0.6451612903225806,0.5003046390369408,123,2.4000000000000057,14.897295569175611,0.8000000000000019,4.965765189725204
N18000249,COMPREHENSIVE SCHEME FOR THE STRENGHTENING OF THE TRANSMISSION AND DISTRIBUTION SYSTEM IN A P,2025-04-01,2018-12-01,03-2025,4754.42,7602.44,81.0,75,76,-1,159.9025748671762,Other_Power_Transmission,92.0175331586187,48.0,1,1,1.0,0.0,0.0,-47.0,-0.0212765957446808,-0.0,78.90257486717621,93.85728395061729,1,1.0133333333333334,1.599025748671762,1.051948051948052,0.5065584470249026,76,3.0999999999999943,13.967844658233789,0.6929078014184378,4.655948219411262
N18000249,COMPREHENSIVE SCHEME FOR THE STRENGHTENING OF THE TRANSMISSION AND DISTRIBUTION SYSTEM IN A P,2025-05-01,2014-12-01,12-2018,4754.42,7602.44,81.5,48,125,-77,159.9025748671762,Other_Power_Transmission,92.0175331586187,,1,1,0.5,0.0,0.0,49.0,0.010204081632653,0.0,78.40257486717621,93.28147239263804,77,2.6041666666666665,1.599025748671762,0.6468253968253969,0.5096853510188835,125,2.0,12.466084191131614,0.162975828629324,4.155361397043872
N18000249,COMPREHENSIVE SCHEME FOR THE STRENGHTENING OF THE TRANSMISSION AND DISTRIBUTION SYSTEM IN A P,2025-06-01,2014-12-01,12-2018,4754.42,7602.44,81.7,48,126,-78,159.9025748671762,Other_Power_Transmission,92.0175331586187,,1,1,0.2000000000000028,0.0,0.0,1.0,0.2000000000000028,0.0,78.20257486717621,93.0531211750306,78,2.625,1.599025748671762,0.6433070866141732,0.5109361126164759,126,1.7000000000000028,0.0,0.062975828629325,0.0
N18000250,NORTH EASTERN REGION POWER SYSTEM IMPROVEMENT PROJECT (NERPSIP) FOR SIX (6) STATES,2024-08-01,2014-12-01,12-2018,5111.33,4925.53,95.0,48,116,-68,96.36493828416478,Other_Power_Transmission,31.08134282075311,75.0,1,1,0.0,0.0,0.0,0.0,0.0,0.0,1.3649382841647792,51.84768421052631,68,2.4166666666666665,0.9636493828416478,0.811965811965812,0.9858357374739368,116,0.0,0.0,0.0,0.0
N18000250,NORTH EASTERN REGION POWER SYSTEM IMPROVEMENT PROJECT (NERPSIP) FOR SIX (6) STATES,2024-11-01,2014-12-01,12-2018,5111.33,4987.61,95.3,48,119,-71,97.57949496510692,Other_Power_Transmission,31.08134282075311,75.0,1,1,0.2999999999999971,62.07999999999993,1.2145566809421382,3.0,0.099999999999999,0.4048522269807127,2.2794949651069203,52.33588667366212,71,2.4791666666666665,0.9757949496510692,0.7941666666666667,0.976639610955949,119,0.0,0.0,0.099999999999999,0.4048522269807127
N18000250,NORTH EASTERN REGION POWER SYSTEM IMPROVEMENT PROJECT (NERPSIP) FOR SIX (6) STATES,2024-12-01,2014-12-01,12-2018,5111.33,5020.56,95.4,48,120,-72,98.22414127047168,Other_Power_Transmission,31.08134282075311,75.0,1,1,0.1000000000000085,32.95000000000073,0.6446463053647591,1.0,0.1000000000000085,0.6446463053647591,2.824141270471671,52.62641509433962,72,2.5,0.9822414127047168,0.7884297520661158,0.971247992255844,120,0.0,0.0,0.1000000000000037,0.5247492661727359
N18000250,NORTH EASTERN REGION POWER SYSTEM IMPROVEMENT PROJECT (NERPSIP) FOR SIX (6) STATES,2025-01-01,2014-12-01,12-2018,5111.33,5026.36,95.5,48,121,-73,98.33761467171948,Other_Power_Transmission,31.08134282075311,75.0,1,1,0.0999999999999943,5.799999999999272,0.113473401247802,1.0,0.0999999999999943,0.113473401247802,2.8376146717194786,52.63204188481675,73,2.5208333333333335,0.9833761467171948,0.7827868852459017,0.9711441579990292,121,0.5,1.972676387554699,0.1000000000000006,0.3876573111977579
N18000250,NORTH EASTERN REGION POWER SYSTEM IMPROVEMENT PROJECT (NERPSIP) FOR SIX (6) STATES,2025-02-01,2014-12-01,12-2018,5111.33,5066.06,95.6,48,122,-74,99.11432053888127,Other_Power_Transmission,31.08134282075311,78.0,1,1,0.0999999999999943,39.70000000000073,0.7767058671617946,1.0,0.0999999999999943,0.7767058671617946,3.514320538881279,52.99225941422595,74,2.5416666666666665,0.9911432053888128,0.7772357723577236,0.9645427570932834,122,0.2999999999999971,1.5348255737743557,0.099999999999999,0.5116085245914519
N18000250,NORTH EASTERN REGION POWER SYSTEM IMPROVEMENT PROJECT (NERPSIP) FOR SIX (6) STATES,2025-03-01,2014-12-01,12-2018,5111.33,5276.39,95.7,48,123,-75,103.22929648447663,Other_Power_Transmission,31.08134282075311,78.0,1,1,0.1000000000000085,210.32999999999993,4.114975945595361,1.0,0.1000000000000085,4.114975945595361,7.529296484476632,55.13469174503658,75,2.5625,1.0322929648447663,0.7717741935483872,0.9270624063043104,123,0.2999999999999971,5.005155214004958,0.099999999999999,1.668385071334986
N18000250,NORTH EASTERN REGION POWER SYSTEM IMPROVEMENT PROJECT (NERPSIP) FOR SIX (6) STATES,2025-04-01,2018-12-01,03-2025,5111.33,5276.39,95.8,75,76,-1,103.22929648447663,Other_Power_Transmission,31.08134282075311,3.0,1,1,0.0999999999999943,0.0,0.0,-47.0,-0.0021276595744679,-0.0,7.429296484476637,55.077139874739046,1,1.0133333333333334,1.0322929648447663,1.244155844155844,0.9280311235522772,76,0.2999999999999971,4.891681812757156,0.0659574468085116,1.6305606042523852
N18000250,NORTH EASTERN REGION POWER SYSTEM IMPROVEMENT PROJECT (NERPSIP) FOR SIX (6) STATES,2025-05-01,2014-12-01,12-2018,5111.33,5276.39,95.9,48,125,-77,103.22929648447663,Other_Power_Transmission,31.08134282075311,81.0,1,1,0.1000000000000085,0.0,0.0,49.0,0.0020408163265307,0.0,7.329296484476629,55.01970802919708,77,2.6041666666666665,1.0322929648447663,0.7611111111111112,0.9289998408002442,125,0.3000000000000113,4.114975945595361,0.0333043855840237,1.3716586485317872
N18000250,NORTH EASTERN REGION POWER SYSTEM IMPROVEMENT PROJECT (NERPSIP) FOR SIX (6) STATES,2025-06-01,2014-12-01,12-2018,5111.33,5230.02,96.0,48,126,-78,102.32209620587987,Other_Power_Transmission,31.08134282075311,81.0,1,1,0.0999999999999943,-46.36999999999989,-0.9072002785967612,1.0,0.0999999999999943,-0.9072002785967612,6.322096205879873,54.479375000000005,78,2.625,1.0232209620587986,0.7559055118110236,0.9382137735610954,126,0.2999999999999971,-0.9072002785967612,0.033304385584019,-0.302400092865587
N18000300,TRANSMISSION SYSTEM STRENGTHENING SCHEME FOR EVACUATION OF POWER FROM SOLAR ENERGY ZONES IN RAJASTHA,2024-08-01,2021-05-01,09-2022,1184.88,840.52,97.0,16,39,-23,70.93714131388832,Transmission_System,0.0,23.0,1,0,0.0,0.0,0.0,0.0,0.0,0.0,-26.06285868611168,8.665154639175258,23,2.4375,0.7093714131388832,2.425,1.367407795174416,39,0.0,0.0,0.0,0.0
N18000306,TRANSMISSION SYSTEM STRENGTHENING SCHEME FOR EVACUATION OF POWER FROM SOLAR ENERGY ZONES IN RAJASTHA,2024-08-01,2021-06-01,12-2022,1562.0,1161.25,92.0,18,38,-20,74.3437900128041,Transmission_System,0.0,24.0,1,0,0.0,0.0,0.0,0.0,0.0,0.0,-17.656209987195894,12.622282608695652,20,2.111111111111111,0.7434379001280411,2.358974358974359,1.2374940796555434,38,0.0,0.0,0.0,0.0
N18000306,TRANSMISSION SYSTEM STRENGTHENING SCHEME FOR EVACUATION OF POWER FROM SOLAR ENERGY ZONES IN RAJASTHA,2024-11-01,2021-06-01,12-2022,1562.0,1292.25,99.0,18,41,-23,82.73047375160051,Transmission_System,0.0,24.0,1,0,7.0,131.0,8.386683738796407,3.0,2.3333333333333335,2.795561246265469,-16.269526248399487,13.053030303030305,23,2.2777777777777777,0.8273047375160051,2.357142857142857,1.1966569936157865,41,0.0,0.0,2.3333333333333335,2.795561246265469
N18000307,TRANSMISSION SYSTEM STRENGTHENING SCHEME FOR EVACUATION OF POWER FROM SOLAR ENERGY ZONES IN RAJASTHA,2024-08-01,2021-06-01,12-2022,1006.0,879.31,95.0,18,38,-20,87.40656063618289,Transmission_System,0.0,24.0,1,0,0.0,0.0,0.0,0.0,0.0,0.0,-7.593439363817112,9.255894736842103,20,2.111111111111111,0.8740656063618288,2.4358974358974357,1.0868749360293868,38,0.0,0.0,0.0,0.0
N18000307,TRANSMISSION SYSTEM STRENGTHENING SCHEME FOR EVACUATION OF POWER FROM SOLAR ENERGY ZONES IN RAJASTHA,2024-11-01,2021-06-01,12-2022,1006.0,884.11,100.0,18,41,-23,87.88369781312127,Transmission_System,0.0,22.0,1,0,5.0,4.800000000000068,0.4771371769383847,3.0,1.6666666666666667,0.1590457256461282,-12.116302186878729,8.8411,23,2.2777777777777777,0.8788369781312128,2.380952380952381,1.1378674599314564,41,0.0,0.0,1.6666666666666667,0.1590457256461282
N18000330,TRANSMISSION SYSTEM STRENGTHENING FOR SRINAGAR-LEH TRANSMISSION SYSTEM,2024-11-01,2022-03-01,12-2024,288.71,131.79,44.0,33,32,1,45.64788195767379,Transmission_System,0.0,9.0,1,0,0.0,0.0,0.0,0.0,0.0,0.0,1.647881957673789,2.9952272727272726,0,0.9696969696969696,0.4564788195767379,1.3333333333333333,0.9639001441687534,32,0.0,0.0,0.0,0.0
N18000330,TRANSMISSION SYSTEM STRENGTHENING FOR SRINAGAR-LEH TRANSMISSION SYSTEM,2024-12-01,2022-03-01,12-2024,288.71,133.79,47.0,33,33,0,46.34061861383395,Transmission_System,0.0,9.0,1,0,3.0,2.0,0.6927366561601644,1.0,3.0,0.6927366561601644,-0.6593813861660465,2.846595744680851,0,1.0,0.4634061861383395,1.3823529411764706,1.0142290156214964,33,0.0,0.0,3.0,0.6927366561601644
N18000330,TRANSMISSION SYSTEM STRENGTHENING FOR SRINAGAR-LEH TRANSMISSION SYSTEM,2025-01-01,2022-03-01,12-2024,288.71,133.79,47.0,33,34,-1,46.34061861383395,Transmission_System,0.0,9.0,1,0,0.0,0.0,0.0,1.0,0.0,0.0,-0.6593813861660465,2.846595744680851,1,1.0303030303030305,0.4634061861383395,1.3428571428571427,1.0142290156214964,34,0.0,0.0,1.5,0.3463683280800822
N18000330,TRANSMISSION SYSTEM STRENGTHENING FOR SRINAGAR-LEH TRANSMISSION SYSTEM,2025-02-01,2022-03-01,12-2024,288.71,143.79,48.0,33,35,-2,49.804301894634754,Transmission_System,0.0,7.0,1,0,1.0,10.0,3.463683280800801,1.0,1.0,3.463683280800801,1.8043018946347544,2.995625,2,1.0606060606060606,0.4980430189463475,1.3333333333333333,0.9637721677446276,35,4.0,4.156419936960965,1.3333333333333333,1.3854733123203218
N18000330,TRANSMISSION SYSTEM STRENGTHENING FOR SRINAGAR-LEH TRANSMISSION SYSTEM,2025-03-01,2022-03-01,12-2024,288.71,144.79,48.0,33,36,-3,50.15067022271483,Transmission_System,0.0,7.0,1,0,0.0,1.0,0.3463683280800751,1.0,0.0,0.3463683280800751,2.1506702227148295,3.016458333333333,3,1.0909090909090908,0.5015067022271483,1.2972972972972974,0.9571158229159472,36,1.0,3.810051608880876,0.3333333333333333,1.270017202960292
N18000330,TRANSMISSION SYSTEM STRENGTHENING FOR SRINAGAR-LEH TRANSMISSION SYSTEM,2025-04-01,2022-03-01,12-2024,288.71,144.79,48.0,33,37,-4,50.15067022271483,Transmission_System,0.0,7.0,1,0,0.0,0.0,0.0,1.0,0.0,0.0,2.1506702227148295,3.016458333333333,4,1.121212121212121,0.5015067022271483,1.263157894736842,0.9571158229159472,37,1.0,3.810051608880876,0.3333333333333333,1.270017202960292
N18000330,TRANSMISSION SYSTEM STRENGTHENING FOR SRINAGAR-LEH TRANSMISSION SYSTEM,2025-05-01,2022-03-01,12-2024,288.71,149.79,48.0,33,38,-5,51.88251186311523,Transmission_System,0.0,7.0,1,0,0.0,5.0,1.731841640400404,1.0,0.0,1.731841640400404,3.8825118631152336,3.120625,5,1.1515151515151516,0.5188251186311523,1.2307692307692308,0.9251672341277788,38,0.0,2.078209968480479,0.0,0.6927366561601597
N18000330,TRANSMISSION SYSTEM STRENGTHENING FOR SRINAGAR-LEH TRANSMISSION SYSTEM,2025-06-01,2022-03-01,12-2024,288.71,199.53,48.0,33,39,-6,69.11087250181845,Transmission_System,0.0,9.0,1,0,0.0,49.74000000000001,17.228360638703215,1.0,0.0,17.228360638703215,21.11087250181845,4.156875,6,1.181818181818182,0.6911087250181844,1.2,0.6945361599759433,39,0.0,18.96020227910362,0.0,6.320067426367873
N18000331,TRANSMISSION SYSTEM STRENGTHENING SCHEME FOR EVACUATION OF POWER FROM SOLAR ENERGY ZONES IN RAJASTHA,2024-08-01,2022-02-01,09-2023,359.47,191.87,63.0,19,30,-11,53.37580326591927,Transmission_System,0.0,15.0,1,0,0.0,0.0,0.0,0.0,0.0,0.0,-9.624196734080734,3.0455555555555556,11,1.5789473684210529,0.5337580326591926,2.032258064516129,1.1803101058008028,30,0.0,0.0,0.0,0.0
N18000331,TRANSMISSION SYSTEM STRENGTHENING SCHEME FOR EVACUATION OF POWER FROM SOLAR ENERGY ZONES IN RAJASTHA,2024-11-01,2022-02-01,09-2023,359.47,234.97,73.0,19,33,-14,65.36567724705816,Transmission_System,0.0,18.0,1,0,10.0,43.099999999999994,11.989873981138892,3.0,3.3333333333333335,3.9966246603796303,-7.634322752941841,3.2187671232876713,14,1.736842105263158,0.6536567724705816,2.1470588235294117,1.1167940588160192,33,0.0,0.0,3.3333333333333335,3.9966246603796303
N18000331,TRANSMISSION SYSTEM STRENGTHENING SCHEME FOR EVACUATION OF POWER FROM SOLAR ENERGY ZONES IN RAJASTHA,2025-01-01,2022-02-01,09-2023,359.47,271.16,79.0,19,35,-16,75.43327676857596,Transmission_System,0.0,18.0,1,0,6.0,36.190000000000026,10.067599521517806,2.0,3.0,5.033799760758903,-3.566723231424035,3.4324050632911396,16,1.8421052631578947,0.7543327676857596,2.1944444444444446,1.047283153857501,35,0.0,0.0,3.166666666666667,4.515212210569267
N18000331,TRANSMISSION SYSTEM STRENGTHENING SCHEME FOR EVACUATION OF POWER FROM SOLAR ENERGY ZONES IN RAJASTHA,2025-02-01,2022-02-01,09-2023,359.47,290.16,94.0,19,36,-17,80.71883606420563,Transmission_System,0.0,20.0,1,0,15.0,19.0,5.2855592956296675,1.0,15.0,5.2855592956296675,-13.281163935794368,3.0868085106382983,17,1.894736842105263,0.8071883606420563,2.5405405405405403,1.16453611800386,36,31.0,27.34303279828637,7.111111111111112,4.771994572256067
N18000331,TRANSMISSION SYSTEM STRENGTHENING SCHEME FOR EVACUATION OF POWER FROM SOLAR ENERGY ZONES IN RAJASTHA,2025-03-01,2022-02-01,09-2023,359.47,292.16,82.0,19,37,-18,81.2752107269035,Transmission_System,0.0,20.0,1,0,-12.0,2.0,0.5563746626978627,1.0,-12.0,0.5563746626978627,-0.7247892730965049,3.562926829268293,18,1.9473684210526316,0.8127521072690349,2.1578947368421053,1.0089177163198249,37,9.0,15.909533479845337,2.0000000000000004,3.625244573028811
N18000331,TRANSMISSION SYSTEM STRENGTHENING SCHEME FOR EVACUATION OF POWER FROM SOLAR ENERGY ZONES IN RAJASTHA,2025-04-01,2022-02-01,09-2023,359.47,314.16,84.0,19,38,-19,87.39533201657996,Transmission_System,0.0,21.0,1,0,2.0,22.0,6.120121289676462,1.0,2.0,6.120121289676462,3.3953320165799568,3.74,19,2.0,0.8739533201657995,2.1538461538461537,0.961149732620321,38,5.0,11.962055248003992,1.6666666666666667,3.987351749334664
N18000331,TRANSMISSION SYSTEM STRENGTHENING SCHEME FOR EVACUATION OF POWER FROM SOLAR ENERGY ZONES IN RAJASTHA,2025-05-01,2022-02-01,09-2023,359.47,319.16,90.0,19,39,-20,88.78626867332461,Transmission_System,0.0,22.0,1,0,6.0,5.0,1.3909366567446568,1.0,6.0,1.3909366567446568,-1.2137313266753864,3.5462222222222226,20,2.0526315789473686,0.8878626867332461,2.25,1.0136702594310063,39,-4.0,8.067432609118981,-1.3333333333333333,2.6891442030396604
N18000331,TRANSMISSION SYSTEM STRENGTHENING SCHEME FOR EVACUATION OF POWER FROM SOLAR ENERGY ZONES IN RAJASTHA,2025-06-01,2022-02-01,09-2023,359.47,327.28,90.0,19,40,-21,91.0451498038779,Transmission_System,0.0,23.0,1,0,0.0,8.119999999999948,2.258881130553291,1.0,0.0,2.258881130553291,1.045149803877905,3.636444444444444,21,2.1052631578947367,0.910451498038779,2.1951219512195124,0.9885205328770474,40,8.0,9.76993907697441,2.6666666666666665,3.25664635899147
N18000332,TRANSMISSION SYSTEM STRENGTHENING SCHEME FOR EVACUATION OF POWER FROM SOLAR ENERGY ZONES IN RAJASTHA,2024-08-01,2022-05-01,11-2023,1666.0,1290.22,80.0,18,27,-9,77.44417767106843,Transmission_System,0.0,13.0,1,0,0.0,0.0,0.0,0.0,0.0,0.0,-2.555822328931569,16.12775,9,1.5,0.7744417767106843,2.857142857142857,1.0330021236688316,27,0.0,0.0,0.0,0.0
N18000332,TRANSMISSION SYSTEM STRENGTHENING SCHEME FOR EVACUATION OF POWER FROM SOLAR ENERGY ZONES IN RAJASTHA,2024-12-01,2022-05-01,11-2023,1666.0,1425.62,83.0,18,31,-13,85.57142857142857,Transmission_System,0.0,16.0,1,0,3.0,135.39999999999986,8.127250900360139,4.0,0.75,2.031812725090034,2.5714285714285694,17.176144578313252,13,1.7222222222222223,0.8557142857142856,2.59375,0.969949916527546,31,0.0,0.0,0.75,2.031812725090034
N18000332,TRANSMISSION SYSTEM STRENGTHENING SCHEME FOR EVACUATION OF POWER FROM SOLAR ENERGY ZONES IN RAJASTHA,2025-01-01,2022-05-01,11-2023,1666.0,1428.62,83.0,18,32,-14,85.75150060024009,Transmission_System,0.0,16.0,1,0,0.0,3.0,0.1800720288115229,1.0,0.0,0.1800720288115229,2.7515006002400924,17.212289156626504,14,1.7777777777777777,0.8575150060024009,2.515151515151515,0.9679130909549076,32,0.0,0.0,0.375,1.1059423769507788
N18000332,TRANSMISSION SYSTEM STRENGTHENING SCHEME FOR EVACUATION OF POWER FROM SOLAR ENERGY ZONES IN RAJASTHA,2025-02-01,2022-05-01,11-2023,1666.0,1442.62,86.0,18,33,-15,86.59183673469387,Transmission_System,0.0,18.0,1,0,3.0,14.0,0.8403361344537785,1.0,3.0,0.8403361344537785,0.5918367346938709,16.774651162790697,15,1.8333333333333333,0.8659183673469387,2.5294117647058822,0.993165213292482,33,6.0,9.14765906362544,1.25,1.017406962785112
N18000332,TRANSMISSION SYSTEM STRENGTHENING SCHEME FOR EVACUATION OF POWER FROM SOLAR ENERGY ZONES IN RAJASTHA,2025-03-01,2022-05-01,11-2023,1666.0,1449.62,88.0,18,34,-16,87.01200480192077,Transmission_System,0.0,18.0,1,0,2.0,7.0,0.4201680672268963,1.0,2.0,0.4201680672268963,-0.9879951980792328,16.472954545454545,16,1.8888888888888888,0.8701200480192077,2.5142857142857142,1.011354699852375,34,5.0,1.440576230492198,1.6666666666666667,0.4801920768307326
N18000332,TRANSMISSION SYSTEM STRENGTHENING SCHEME FOR EVACUATION OF POWER FROM SOLAR ENERGY ZONES IN RAJASTHA,2025-04-01,2022-05-01,11-2023,1666.0,1490.62,90.3,18,35,-17,89.47298919567827,Transmission_System,0.0,21.0,1,0,2.299999999999997,41.0,2.4609843937574993,1.0,2.299999999999997,2.4609843937574993,-0.8270108043217306,16.507419712070874,17,1.9444444444444444,0.8947298919567827,2.5083333333333333,1.009243133729589,35,7.299999999999997,3.7214885954381742,2.433333333333332,1.2404961984793914
N18000332,TRANSMISSION SYSTEM STRENGTHENING SCHEME FOR EVACUATION OF POWER FROM SOLAR ENERGY ZONES IN RAJASTHA,2025-05-01,2022-05-01,11-2023,1666.0,1511.62,92.7,18,36,-18,90.73349339735891,Transmission_System,33.13325330132052,21.0,1,1,2.4000000000000057,21.0,1.2605042016806465,1.0,2.4000000000000057,1.2605042016806465,-1.9665066026410896,16.30658036677454,18,2.0,0.9073349339735892,2.505405405405406,1.021673436445668,36,6.700000000000003,4.141656662665042,2.2333333333333343,1.3805522208883474
N18000332,TRANSMISSION SYSTEM STRENGTHENING SCHEME FOR EVACUATION OF POWER FROM SOLAR ENERGY ZONES IN RAJASTHA,2025-06-01,2022-05-01,11-2023,1666.0,2029.28,94.1,18,37,-19,121.80552220888354,Transmission_System,33.13325330132052,22.0,1,1,1.3999999999999917,517.6600000000001,31.072028811524632,1.0,1.3999999999999917,31.072028811524632,27.70552220888355,21.565143464399576,19,2.0555555555555554,1.2180552220888354,2.476315789473684,0.772542970905937,37,6.099999999999994,34.79351740696278,2.033333333333331,11.59783913565426
N18000338,TRANSMISSION NETWORK EXPANSION IN GUJARAT TO INCREASE ATC FROM ISTS: PART C,2024-08-01,2022-07-01,03-2025,186.19,58.93,64.0,32,25,7,31.6504645791933,Transmission_System,0.0,0.0,0,0,0.0,0.0,0.0,0.0,0.0,0.0,-32.3495354208067,0.92078125,0,0.78125,0.316504645791933,2.4615384615384617,2.022087222127948,25,0.0,0.0,0.0,0.0
N18000338,TRANSMISSION NETWORK EXPANSION IN GUJARAT TO INCREASE ATC FROM ISTS: PART C,2024-11-01,2022-07-01,03-2025,186.19,66.53,68.0,32,28,4,35.73231645093722,Transmission_System,0.0,0.0,0,0,4.0,7.600000000000001,4.081851871743918,3.0,1.3333333333333333,1.360617290581306,-32.26768354906278,0.9783823529411764,0,0.875,0.3573231645093722,2.3448275862068964,1.9030392304223656,28,0.0,0.0,1.3333333333333333,1.360617290581306
N18000338,TRANSMISSION NETWORK EXPANSION IN GUJARAT TO INCREASE ATC FROM ISTS: PART C,2024-12-01,2022-07-01,03-2025,186.19,67.53,87.0,32,29,3,36.2694022235351,Transmission_System,0.0,0.0,0,0,19.0,1.0,0.5370857725978837,1.0,19.0,0.5370857725978837,-50.7305977764649,0.7762068965517241,0,0.90625,0.362694022235351,2.9,2.398716126166148,29,0.0,0.0,10.166666666666666,0.9488515315895948
N18000338,TRANSMISSION NETWORK EXPANSION IN GUJARAT TO INCREASE ATC FROM ISTS: PART C,2025-01-01,2022-07-01,03-2025,186.19,69.53,90.0,32,30,2,37.34357376873087,Transmission_System,0.0,0.0,0,0,3.0,2.0,1.0741715451957674,1.0,3.0,1.0741715451957674,-52.65642623126913,0.7725555555555556,0,0.9375,0.3734357376873087,2.903225806451613,2.41005321443981,30,26.0,5.693109189537569,7.777777777777778,0.9906248694583192
N18000338,TRANSMISSION NETWORK EXPANSION IN GUJARAT TO INCREASE ATC FROM ISTS: PART C,2025-02-01,2022-07-01,03-2025,186.19,70.53,91.0,32,31,1,37.880659541328754,Transmission_System,0.0,0.0,0,0,1.0,1.0,0.5370857725978837,1.0,1.0,0.5370857725978837,-53.119340458671246,0.7750549450549451,0,0.96875,0.3788065954132875,2.84375,2.4022812987381252,31,23.0,2.148343090391535,7.666666666666667,0.7161143634638449
N18000338,TRANSMISSION NETWORK EXPANSION IN GUJARAT TO INCREASE ATC FROM ISTS: PART C,2025-03-01,2022-07-01,03-2025,186.19,71.53,100.0,32,32,0,38.41774531392664,Transmission_System,0.0,0.0,0,0,9.0,1.0,0.5370857725978837,1.0,9.0,0.5370857725978837,-61.58225468607336,0.7153,0,1.0,0.3841774531392664,3.0303030303030303,2.602963791416189,32,13.0,2.148343090391535,4.333333333333333,0.7161143634638449
N18000343,SYSTEM STRENGTHENING SCHEME FOR EASTERN AND NORTH EASTERN REGION,2024-08-01,2022-10-01,10-2025,307.87,72.11,51.0,36,22,14,23.42222366583298,Transmission_System,0.0,0.0,0,0,0.0,0.0,0.0,0.0,0.0,0.0,-27.57777633416702,1.4139215686274509,0,0.6111111111111112,0.2342222366583298,2.217391304347826,2.177419220635141,22,0.0,0.0,0.0,0.0
N18000343,SYSTEM STRENGTHENING SCHEME FOR EASTERN AND NORTH EASTERN REGION,2024-11-01,2022-10-01,10-2025,307.87,101.31,59.0,36,25,11,32.90674635398057,Transmission_System,0.0,0.0,0,0,8.0,29.200000000000003,9.484522688147592,3.0,2.6666666666666665,3.161507562715864,-26.093253646019427,1.7171186440677966,0,0.6944444444444444,0.3290674635398057,2.269230769230769,1.7929454150626791,25,0.0,0.0,2.6666666666666665,3.161507562715864
N18000343,SYSTEM STRENGTHENING SCHEME FOR EASTERN AND NORTH EASTERN REGION,2024-12-01,2022-10-01,10-2025,307.87,125.31,62.0,36,26,10,40.70224445382792,Transmission_System,0.0,0.0,0,0,3.0,24.0,7.79549809984735,1.0,3.0,7.79549809984735,-21.297755546172077,2.0211290322580644,0,0.7222222222222222,0.4070224445382792,2.2962962962962963,1.523257521347059,26,0.0,0.0,2.833333333333333,5.478502831281607
N18000343,SYSTEM STRENGTHENING SCHEME FOR EASTERN AND NORTH EASTERN REGION,2025-01-01,2022-10-01,10-2025,307.87,135.31,68.0,36,27,9,43.95036866209764,Transmission_System,0.0,0.0,0,0,6.0,10.0,3.248124208269715,1.0,6.0,3.248124208269715,-24.04963133790236,1.9898529411764707,0,0.75,0.4395036866209764,2.4285714285714284,1.5471997635060233,27,17.0,20.528144996264658,3.888888888888889,4.735043290277643
N18000343,SYSTEM STRENGTHENING SCHEME FOR EASTERN AND NORTH EASTERN REGION,2025-02-01,2022-10-01,10-2025,307.87,163.31,80.0,36,28,8,53.04511644525287,Transmission_System,0.0,0.0,0,0,12.0,28.0,9.094747783155237,1.0,12.0,9.094747783155237,-26.954883554747127,2.041375,0,0.7777777777777778,0.5304511644525287,2.7586206896551726,1.5081501438981078,28,21.0,20.1383700912723,7.0,6.7127900304241
N18000343,SYSTEM STRENGTHENING SCHEME FOR EASTERN AND NORTH EASTERN REGION,2025-03-01,2022-10-01,10-2025,307.87,184.31,89.0,36,29,7,59.86617728261928,Transmission_System,0.0,0.0,0,0,9.0,21.0,6.82106083736641,1.0,9.0,6.82106083736641,-29.133822717380717,2.0708988764044944,0,0.8055555555555556,0.5986617728261928,2.966666666666667,1.4866491237588846,29,27.0,19.16393282879136,9.0,6.38797760959712
N18000343,SYSTEM STRENGTHENING SCHEME FOR EASTERN AND NORTH EASTERN REGION,2025-04-01,2022-10-01,10-2025,307.87,184.31,89.0,36,30,6,59.86617728261928,Transmission_System,0.0,0.0,0,0,0.0,0.0,0.0,1.0,0.0,0.0,-29.133822717380717,2.0708988764044944,0,0.8333333333333334,0.5986617728261928,2.870967741935484,1.4866491237588846,30,21.0,15.915808620521643,7.0,5.305269540173882
N18000343,SYSTEM STRENGTHENING SCHEME FOR EASTERN AND NORTH EASTERN REGION,2025-05-01,2022-10-01,10-2025,307.87,234.9,99.9,36,31,5,76.29843765225583,Transmission_System,0.0,-4.0,0,0,10.900000000000006,50.59,16.432260369636545,1.0,10.900000000000006,16.432260369636545,-23.601562347744174,2.3513513513513513,0,0.8611111111111112,0.7629843765225582,3.121875,1.309332183908046,31,19.90000000000001,23.253321207002955,6.6333333333333355,7.751107069000985
N18000343,SYSTEM STRENGTHENING SCHEME FOR EASTERN AND NORTH EASTERN REGION,2025-06-01,2022-10-01,10-2025,307.87,298.87,100.0,36,32,4,97.07668821255724,Transmission_System,0.0,-4.0,0,0,0.0999999999999943,63.97,20.778250560301416,1.0,0.0999999999999943,20.778250560301416,-2.9233117874427563,2.9887,0,0.8888888888888888,0.9707668821255724,3.0303030303030303,1.0301134272426138,32,11.0,37.21051092993796,3.6666666666666665,12.403503643312654
N18000350,WESTERN REGION EXPANSION SCHEME XXV,2024-08-01,2023-02-01,11-2023,385.84,85.61,37.0,9,18,-9,22.187953555878085,Transmission_System,0.0,10.0,1,0,0.0,0.0,0.0,0.0,0.0,0.0,-14.812046444121917,2.3137837837837836,9,2.0,0.2218795355587808,1.9473684210526316,1.6675715453802125,18,0.0,0.0,0.0,0.0
N18000350,WESTERN REGION EXPANSION SCHEME XXV,2024-09-01,2023-02-01,11-2023,385.84,136.71,50.0,9,19,-10,35.43178519593614,Transmission_System,0.0,14.0,1,0,13.0,51.10000000000001,13.243831640058058,1.0,13.0,13.243831640058058,-14.568214804063857,2.7342,10,2.111111111111111,0.3543178519593614,2.5,1.411162314388121,19,0.0,0.0,13.0,13.243831640058058
N18000350,WESTERN REGION EXPANSION SCHEME XXV,2024-11-01,2023-02-01,11-2023,385.84,186.71,63.0,9,21,-12,48.39052456976986,Transmission_System,0.0,14.0,1,0,13.0,50.0,12.958739373833716,2.0,6.5,6.479369686916858,-14.60947543023014,2.963650793650794,12,2.3333333333333335,0.4839052456976986,2.863636363636364,1.301907771410208,21,0.0,0.0,9.75,9.861600663487458
N18000350,WESTERN REGION EXPANSION SCHEME XXV,2024-12-01,2023-02-01,11-2023,385.84,200.71,71.0,9,22,-13,52.0189715944433,Transmission_System,0.0,15.0,1,0,8.0,14.0,3.6284470246734415,1.0,8.0,3.6284470246734415,-18.9810284055567,2.8269014084507043,13,2.4444444444444446,0.520189715944433,3.0869565217391304,1.3648866523840364,22,34.0,29.831018038565215,9.166666666666666,7.7838827838827855
N18000350,WESTERN REGION EXPANSION SCHEME XXV,2025-01-01,2023-02-01,11-2023,385.84,206.71,78.0,9,23,-14,53.57402031930334,Transmission_System,0.0,16.0,1,0,7.0,6.0,1.5550487248600362,1.0,7.0,1.5550487248600362,-24.425979680696663,2.650128205128205,14,2.5555555555555554,0.5357402031930334,3.25,1.4559295631561124,23,28.0,18.142235123367193,7.166666666666667,3.887621812150112
N18000350,WESTERN REGION EXPANSION SCHEME XXV,2025-02-01,2023-02-01,11-2023,385.84,251.71,85.0,9,24,-15,65.23688575575368,Transmission_System,0.0,16.0,1,0,7.0,45.0,11.66286543645034,1.0,7.0,11.66286543645034,-19.763114244246324,2.961294117647059,15,2.6666666666666665,0.6523688575575367,3.4,1.3029438639704425,24,22.0,16.846361185983817,7.333333333333333,5.615453728661272
N18000350,WESTERN REGION EXPANSION SCHEME XXV,2025-03-01,2023-02-01,11-2023,385.84,252.71,89.0,9,25,-16,65.49606054323036,Transmission_System,0.0,18.0,1,0,4.0,1.0,0.259174787476681,1.0,4.0,0.259174787476681,-23.503939456769643,2.839438202247191,16,2.7777777777777777,0.6549606054323036,3.423076923076923,1.358860353765185,25,18.0,13.477088948787056,6.0,4.492362982929019
N18000350,WESTERN REGION EXPANSION SCHEME XXV,2025-04-01,2023-02-01,11-2023,385.84,258.71,91.0,9,26,-17,67.0511092680904,Transmission_System,0.0,19.0,1,0,2.0,5.999999999999972,1.5550487248600433,1.0,2.0,1.5550487248600433,-23.9488907319096,2.842967032967033,17,2.888888888888889,0.670511092680904,3.3703703703703702,1.3571736693595144,26,13.0,13.477088948787063,4.333333333333333,4.492362982929021
N18000350,WESTERN REGION EXPANSION SCHEME XXV,2025-05-01,2023-02-01,11-2023,385.84,369.79,93.0,9,27,-18,95.8402446609994,Transmission_System,0.0,19.0,1,0,2.0,111.08000000000004,28.789135392909003,1.0,2.0,28.789135392909003,2.840244660999403,3.9762365591397857,18,3.0,0.958402446609994,3.3214285714285716,0.9703648016441762,27,8.0,30.603358905245727,2.6666666666666665,10.201119635081907
N18000350,WESTERN REGION EXPANSION SCHEME XXV,2025-06-01,2023-02-01,11-2023,385.84,370.41,95.0,9,28,-19,96.00093302923491,Transmission_System,0.0,21.0,1,0,2.0,0.6200000000000045,0.1606883682355118,1.0,2.0,0.1606883682355118,1.0009330292349148,3.899052631578947,19,3.111111111111111,0.9600093302923492,3.2758620689655173,0.9895737156124296,28,6.0,30.50487248600456,2.0,10.168290828668184
N18000351,EASTERN REGION EXPANSION SCHEME XXIX,2024-08-01,2023-03-01,11-2025,524.04,307.27,56.0,32,17,15,58.634837035340816,Transmission_System,0.0,0.0,0,0,0.0,0.0,0.0,0.0,0.0,0.0,2.6348370353408157,5.4869642857142855,0,0.53125,0.5863483703534081,3.111111111111111,0.9550636248250725,17,0.0,0.0,0.0,0.0
N18000351,EASTERN REGION EXPANSION SCHEME XXIX,2024-11-01,2023-03-01,11-2025,524.04,320.97,58.0,32,20,12,61.24914128692467,Transmission_System,0.0,0.0,0,0,2.0,13.700000000000044,2.614304251583853,3.0,0.6666666666666666,0.871434750527951,3.2491412869246687,5.53396551724138,0,0.625,0.6124914128692467,2.761904761904762,0.9469520515936068,20,0.0,0.0,0.6666666666666666,0.871434750527951
N18000351,EASTERN REGION EXPANSION SCHEME XXIX,2024-12-01,2023-03-01,11-2025,524.04,320.97,72.0,32,21,11,61.24914128692467,Transmission_System,0.0,0.0,0,0,14.0,0.0,0.0,1.0,14.0,0.0,-10.750858713075331,4.457916666666667,0,0.65625,0.6124914128692467,3.272727272727273,1.1755266847368913,21,0.0,0.0,7.333333333333333,0.4357173752639755
N18000351,EASTERN REGION EXPANSION SCHEME XXIX,2025-01-01,2023-03-01,11-2025,524.04,324.97,75.0,32,22,10,62.01244179833601,Transmission_System,0.0,0.0,0,0,3.0,4.0,0.7633005114113445,1.0,3.0,0.7633005114113445,-12.987558201663989,4.332933333333334,0,0.6875,0.6201244179833602,3.260869565217391,1.2094347170508046,22,19.0,3.3776047629951975,5.888888888888888,0.5449117539797652
N18000351,EASTERN REGION EXPANSION SCHEME XXIX,2025-02-01,2023-03-01,11-2025,524.04,329.97,84.0,32,23,9,62.9665674376002,Transmission_System,0.0,0.0,0,0,9.0,5.0,0.954125639264184,1.0,9.0,0.954125639264184,-21.033432562399803,3.928214285714286,0,0.71875,0.629665674376002,3.5,1.3340412764796796,23,26.0,1.7174261506755286,8.666666666666666,0.5724753835585096
N18000351,EASTERN REGION EXPANSION SCHEME XXIX,2025-03-01,2023-03-01,11-2025,524.04,347.97,92.0,32,24,8,66.40141973895123,Transmission_System,0.0,0.0,0,0,8.0,18.0,3.434852301351036,1.0,8.0,3.434852301351036,-25.598580261048767,3.782282608695653,0,0.75,0.6640141973895123,3.68,1.3855125441848433,24,20.0,5.1522784520265645,6.666666666666667,1.7174261506755215
N18000351,EASTERN REGION EXPANSION SCHEME XXIX,2025-04-01,2023-03-01,11-2025,524.04,359.97,99.0,32,25,7,68.69132127318527,Transmission_System,0.0,0.0,0,0,7.0,12.0,2.2899015342340334,1.0,7.0,2.2899015342340334,-30.308678726814733,3.636060606060606,0,0.78125,0.6869132127318527,3.807692307692307,1.441230102508542,25,24.0,6.6788794748492535,8.0,2.2262931582830845
N18000351,EASTERN REGION EXPANSION SCHEME XXIX,2025-05-01,2023-03-01,11-2025,524.04,359.97,99.0,32,26,6,68.69132127318527,Transmission_System,0.0,-5.0,0,0,0.0,0.0,0.0,1.0,0.0,0.0,-30.308678726814733,3.636060606060606,0,0.8125,0.6869132127318527,3.6666666666666665,1.441230102508542,26,15.0,5.724753835585069,5.0,1.9082512785283563
N18000351,EASTERN REGION EXPANSION SCHEME XXIX,2025-06-01,2023-03-01,11-2025,524.04,482.12,99.8,32,27,5,92.00061064040914,Transmission_System,0.0,-4.0,0,0,0.7999999999999972,122.14999999999998,23.30928936722387,1.0,0.7999999999999972,23.30928936722387,-7.799389359590862,4.830861723446894,0,0.84375,0.9200061064040912,3.564285714285714,1.0847754086119636,27,7.799999999999997,25.599190901457906,2.599999999999999,8.533063633819301
N18000353,ER WR TRANSMISSION LIMITED,2024-08-01,2023-03-01,03-2025,281.16,27.14,26.0,24,17,7,9.652866695120215,Other_Power_Transmission,0.0,0.0,0,0,0.0,0.0,0.0,0.0,0.0,0.0,-16.347133304879783,1.043846153846154,0,0.7083333333333334,0.0965286669512021,1.4444444444444444,2.693500368459838,17,0.0,0.0,0.0,0.0
N18000353,ER WR TRANSMISSION LIMITED,2024-11-01,2023-03-01,03-2025,281.16,54.14,50.0,24,20,4,19.25593967847489,Other_Power_Transmission,0.0,0.0,0,0,24.0,27.0,9.603072983354672,3.0,8.0,3.201024327784891,-30.74406032152511,1.0828,0,0.8333333333333334,0.1925593967847488,2.380952380952381,2.596601403768009,20,0.0,0.0,8.0,3.201024327784891
N18000353,ER WR TRANSMISSION LIMITED,2024-12-01,2023-03-01,03-2025,281.16,62.14,57.0,24,21,3,22.1012946365059,Other_Power_Transmission,0.0,0.0,0,0,7.0,8.0,2.845354958031013,1.0,7.0,2.845354958031013,-34.8987053634941,1.0901754385964912,0,0.875,0.221012946365059,2.590909090909091,2.5790344383649826,21,0.0,0.0,7.5,3.023189642907952
N18000353,ER WR TRANSMISSION LIMITED,2025-01-01,2023-03-01,03-2025,281.16,89.14,63.0,24,22,2,31.704367619860573,Other_Power_Transmission,0.0,0.0,0,0,6.0,27.0,9.603072983354672,1.0,6.0,9.603072983354672,-31.295632380139427,1.414920634920635,0,0.9166666666666666,0.3170436761986057,2.739130434782609,1.9871079201256456,22,37.0,22.05150092474036,7.0,5.216484089723525
N18000353,ER WR TRANSMISSION LIMITED,2025-02-01,2023-03-01,03-2025,281.16,99.14,84.0,24,23,1,35.261061317399346,Other_Power_Transmission,0.0,0.0,0,0,21.0,10.0,3.5566936975387726,1.0,21.0,3.5566936975387726,-48.738938682600654,1.1802380952380953,0,0.9583333333333334,0.3526106131739934,3.5,2.3822311882186806,23,34.0,16.005121638924457,11.333333333333334,5.335040546308153
N18000353,ER WR TRANSMISSION LIMITED,2025-03-01,2023-03-01,03-2025,281.16,129.14,84.0,24,24,0,45.93114241001564,Other_Power_Transmission,0.0,1.0,1,0,0.0,29.999999999999982,10.670081092616291,1.0,0.0,10.670081092616291,-38.06885758998436,1.5373809523809523,0,1.0,0.4593114241001564,3.36,1.8288245315161844,24,27.0,23.829847773509737,9.0,7.943282591169912
N18000353,ER WR TRANSMISSION LIMITED,2025-04-01,2023-03-01,03-2025,281.16,162.14,91.0,24,25,-1,57.668231611893574,Other_Power_Transmission,0.0,2.0,1,0,7.0,33.0,11.737089201877936,1.0,7.0,11.737089201877936,-33.331768388106426,1.7817582417582416,1,1.0416666666666667,0.5766823161189357,3.5,1.5779918588873816,25,28.0,25.963863992033,9.333333333333334,8.654621330677667
N18000353,ER WR TRANSMISSION LIMITED,2025-05-01,2023-03-01,03-2025,281.16,217.88,98.8,24,26,-2,77.49324228197467,Other_Power_Transmission,0.0,3.0,1,0,7.799999999999997,55.74000000000001,19.8250106700811,1.0,7.799999999999997,19.8250106700811,-21.306757718025324,2.205263157894737,2,1.0833333333333333,0.7749324228197467,3.659259259259259,1.2749498806682578,26,14.799999999999995,42.23218096457533,4.933333333333333,14.077393654858442
N18000353,ER WR TRANSMISSION LIMITED,2025-06-01,2023-03-01,03-2025,281.16,281.15,100.0,24,27,-3,99.99644330630244,Other_Power_Transmission,0.0,3.0,1,0,1.2000000000000028,63.26999999999998,22.503201024327765,1.0,1.2000000000000028,22.503201024327765,-0.0035566936975612,2.8114999999999997,3,1.125,0.9999644330630244,3.5714285714285716,1.0000355682020277,27,16.0,54.0653008962868,5.333333333333333,18.021766965428935
N18000354,TRANSMISSION SYSTEM ASSOCIATED WITH WESTERN REGION EXPANSION SCHEME XXVII,2024-08-01,2023-03-01,09-2024,271.69,108.34,50.0,18,17,1,39.876329640398986,Transmission_System,0.0,1.0,1,0,0.0,0.0,0.0,0.0,0.0,0.0,-10.123670359601014,2.1668000000000003,0,0.9444444444444444,0.3987632964039898,2.7777777777777777,1.2538766845117224,17,0.0,0.0,0.0,0.0
N18000354,TRANSMISSION SYSTEM ASSOCIATED WITH WESTERN REGION EXPANSION SCHEME XXVII,2024-09-01,2023-03-01,09-2024,271.69,117.04,54.0,18,18,0,43.078508594353856,Transmission_System,0.0,3.0,1,0,4.0,8.700000000000003,3.2021789539548706,1.0,4.0,3.2021789539548706,-10.921491405646144,2.1674074074074077,0,1.0,0.4307850859435385,2.8421052631578947,1.2535252904989749,18,0.0,0.0,4.0,3.2021789539548706
N18000354,TRANSMISSION SYSTEM ASSOCIATED WITH WESTERN REGION EXPANSION SCHEME XXVII,2024-11-01,2023-03-01,09-2024,271.69,148.03,69.0,18,20,-2,54.484890868268984,Transmission_System,0.0,4.0,1,0,15.0,30.989999999999995,11.406382273915128,2.0,7.5,5.703191136957564,-14.515109131731016,2.1453623188405797,2,1.1111111111111112,0.5448489086826899,3.2857142857142856,1.2664061338917787,20,0.0,0.0,5.75,4.452685045456217
N18000354,TRANSMISSION SYSTEM ASSOCIATED WITH WESTERN REGION EXPANSION SCHEME XXVII,2024-12-01,2023-03-01,09-2024,271.69,153.03,77.0,18,21,-3,56.32522360042695,Transmission_System,0.0,5.0,1,0,8.0,5.0,1.840332732157968,1.0,8.0,1.840332732157968,-20.674776399573048,1.9874025974025975,3,1.1666666666666667,0.5632522360042695,3.5,1.367060707050905,21,27.0,16.448893960027966,6.5,3.5819009410234677
N18000354,TRANSMISSION SYSTEM ASSOCIATED WITH WESTERN REGION EXPANSION SCHEME XXVII,2025-01-01,2023-03-01,09-2024,271.69,173.03,87.0,18,22,-4,63.68655452905886,Transmission_System,0.0,5.0,1,0,10.0,20.0,7.361330928631908,1.0,10.0,7.361330928631908,-23.31344547094114,1.9888505747126437,4,1.2222222222222223,0.6368655452905886,3.782608695652174,1.3660654221811246,22,33.0,20.608045934705004,8.5,4.96828493258248
N18000354,TRANSMISSION SYSTEM ASSOCIATED WITH WESTERN REGION EXPANSION SCHEME XXVII,2025-02-01,2023-03-01,09-2024,271.69,179.03,97.0,18,23,-5,65.89495380764842,Transmission_System,0.0,7.0,1,0,10.0,6.0,2.2083992785895603,1.0,10.0,2.2083992785895603,-31.10504619235158,1.8456701030927836,5,1.2777777777777777,0.6589495380764842,4.041666666666667,1.472039881584092,23,28.0,11.410062939379436,9.333333333333334,3.803354313126478
N18000354,TRANSMISSION SYSTEM ASSOCIATED WITH WESTERN REGION EXPANSION SCHEME XXVII,2025-03-01,2023-03-01,09-2024,271.69,186.03,100.0,18,24,-6,68.47141963266958,Transmission_System,0.0,6.0,1,0,3.0,7.0,2.5764658250211596,1.0,3.0,2.5764658250211596,-31.52858036733042,1.8603,6,1.3333333333333333,0.6847141963266958,4.0,1.4604633661237436,24,23.0,12.146196032242628,7.666666666666667,4.048732010747543
N18000355,TRANSMISSION SYSTEM ASSOCIATED WITH WESTERN REGION EXPANSION SCHEME-XXVIII AND XXIX,2024-08-01,2023-03-01,03-2025,260.3,56.59,60.0,24,17,7,21.740299654245103,Transmission_System,0.0,0.0,0,0,0.0,0.0,0.0,0.0,0.0,0.0,-38.259700345754894,0.9431666666666668,0,0.7083333333333334,0.217402996542451,3.3333333333333335,2.7598515638805443,17,0.0,0.0,0.0,0.0
N18000355,TRANSMISSION SYSTEM ASSOCIATED WITH WESTERN REGION EXPANSION SCHEME-XXVIII AND XXIX,2024-09-01,2023-03-01,03-2025,260.3,106.79,78.0,24,18,6,41.02573953131003,Transmission_System,0.0,0.0,0,0,18.0,50.2,19.285439877064928,1.0,18.0,19.285439877064928,-36.97426046868997,1.3691025641025645,0,0.75,0.4102573953131003,4.105263157894737,1.9012454349658203,18,0.0,0.0,18.0,19.285439877064928
N18000355,TRANSMISSION SYSTEM ASSOCIATED WITH WESTERN REGION EXPANSION SCHEME- XXVIII AND XXIX,2024-11-01,2023-03-01,03-2025,260.3,128.79,89.0,24,20,4,49.477525931617365,Transmission_System,0.0,0.0,0,0,11.0,21.999999999999982,8.451786400307334,2.0,5.5,4.225893200153667,-39.522474068382635,1.447078651685393,0,0.8333333333333334,0.4947752593161736,4.238095238095238,1.798796490410746,20,0.0,0.0,11.75,11.755666538609296
N18000355,TRANSMISSION SYSTEM ASSOCIATED WITH WESTERN REGION EXPANSION SCHEME- XXVIII AND XXIX,2024-12-01,2023-03-01,03-2025,260.3,145.79,94.0,24,21,3,56.0084517864003,Transmission_System,0.0,0.0,0,0,5.0,17.0,6.530925854782936,1.0,5.0,6.530925854782936,-37.9915482135997,1.5509574468085106,0,0.875,0.560084517864003,4.2727272727272725,1.6783181288154196,21,34.0,34.268152132155194,9.5,10.014086310667176
N18000355,TRANSMISSION SYSTEM ASSOCIATED WITH WESTERN REGION EXPANSION SCHEME-XXVIII AND XXIX,2025-01-01,2023-03-01,03-2025,260.3,172.79,98.0,24,22,2,66.38109873223203,Transmission_System,0.0,0.0,0,0,4.0,27.0,10.372646945831733,1.0,4.0,10.372646945831733,-31.618901267767967,1.7631632653061224,0,0.9166666666666666,0.6638109873223204,4.260869565217392,1.4763238613345682,22,20.0,25.355359200922003,4.833333333333333,7.0431553335894455
N18000355,TRANSMISSION SYSTEM ASSOCIATED WITH WESTERN REGION EXPANSION SCHEME- XXVIII AND XXIX,2025-02-01,2023-03-01,03-2025,260.3,180.79,98.0,24,23,1,69.45447560507107,Transmission_System,0.0,0.0,0,0,0.0,8.0,3.0733768728390345,1.0,0.0,3.0733768728390345,-28.545524394928933,1.8447959183673468,0,0.9583333333333334,0.6945447560507106,4.083333333333333,1.4109961834172244,23,9.0,19.976949673453703,3.0,6.658983224484568
N18000355,TRANSMISSION SYSTEM ASSOCIATED WITH WESTERN REGION EXPANSION SCHEME- XXVIII AND XXIX,2025-03-01,2023-03-01,03-2025,260.3,187.79,100.0,24,24,0,72.14368036880522,Transmission_System,0.0,0.0,0,0,2.0,7.0,2.6892047637341534,1.0,2.0,2.6892047637341534,-27.85631963119478,1.8779,0,1.0,0.7214368036880522,4.0,1.3861227967410406,24,6.0,16.13522858240492,2.0,5.378409527468307
N18000356,TRANSMISSION SYSTEM SCHEME FOR EVACUATION OF POWER FROM REZ RAJASTHAN (8.1 GW) UNDER PHASE-II PART,2024-08-01,2023-03-01,09-2024,1433.28,485.77,40.0,18,17,1,33.89219133735209,Transmission_System,0.0,3.0,1,0,0.0,0.0,0.0,0.0,0.0,0.0,-6.107808662647912,12.14425,0,0.9444444444444444,0.3389219133735209,2.2222222222222223,1.1802128579368838,17,0.0,0.0,0.0,0.0
N18000356,1346  TRANSMISSION SYSTEM SCHEME FOR EVACUATION OF POWER FROM REZ RAJASTHAN (8.1 GW) UNDER PHASE-II PART,2024-09-01,2023-03-01,09-2024,1433.28,540.47,40.0,18,18,0,37.70861241348515,Transmission_System,0.0,3.0,1,0,0.0,54.700000000000045,3.816421076133061,1.0,0.0,3.816421076133061,-2.291387586514851,13.51175,0,1.0,0.3770861241348515,2.1052631578947367,1.060765629914704,18,0.0,0.0,0.0,3.816421076133061
N18000356,TRANSMISSION SYSTEM SCHEME FOR EVACUATION OF POWER FROM REZ RAJASTHAN (8.1 GW) UNDER PHASE-II PART,2024-12-01,2023-03-01,09-2024,1433.28,704.47,72.0,18,21,-3,49.15089863808886,Transmission_System,0.0,6.0,1,0,32.0,164.0,11.442286224603713,3.0,10.666666666666666,3.8140954082012377,-22.84910136191114,9.784305555555555,3,1.1666666666666667,0.4915089863808886,3.272727272727273,1.4648765738782346,21,0.0,0.0,5.333333333333333,3.8152582421671495
N18000356,TRANSMISSION SYSTEM SCHEME FOR EVACUATION OF POWER FROM REZ RAJASTHAN (8.1 GW) UNDER PHASE-II PART,2025-01-01,2023-03-01,09-2024,1433.28,801.47,80.0,18,22,-4,55.91859231971422,Transmission_System,0.0,6.0,1,0,8.0,97.0,6.76769368162536,1.0,8.0,6.76769368162536,-24.08140768028578,10.018375,4,1.2222222222222223,0.5591859231971422,3.4782608695652173,1.4306511784595806,22,40.0,22.026400982362137,6.222222222222221,4.79940338865322
N18000356,TRANSMISSION SYSTEM SCHEME FOR EVACUATION OF POWER FROM REZ RAJASTHAN (8.1 GW) UNDER PHASE-II PART,2025-02-01,2023-03-01,09-2024,1433.28,811.47,87.0,18,23,-5,56.61629269926323,Transmission_System,0.0,8.0,1,0,7.0,10.0,0.6977003795490049,1.0,7.0,0.6977003795490049,-30.383707300736777,9.327241379310346,5,1.2777777777777777,0.5661629269926323,3.625,1.5366601353099931,23,47.0,18.90768028577808,8.555555555555555,3.759829823125201
N18000356,TRANSMISSION SYSTEM SCHEME FOR EVACUATION OF POWER FROM REZ RAJASTHAN (8.1 GW) UNDER PHASE-II PART,2025-03-01,2023-03-01,09-2024,1433.28,850.47,89.0,18,24,-6,59.33732417950436,Transmission_System,0.0,8.0,1,0,2.0,39.0,2.7210314802411304,1.0,2.0,2.7210314802411304,-29.662675820495643,9.555842696629211,6,1.3333333333333333,0.5933732417950436,3.56,1.4998991146072171,24,17.0,10.186425541415495,5.666666666666667,3.395475180471832
N18000356,TRANSMISSION SYSTEM SCHEME FOR EVACUATION OF POWER FROM REZ RAJASTHAN (8.1 GW) UNDER PHASE-II PART,2025-04-01,2023-03-01,09-2024,1433.28,956.47,90.7,18,25,-7,66.73294820272383,Transmission_System,0.0,12.0,1,0,1.7000000000000028,106.0,7.395624023219476,1.0,1.7000000000000028,7.395624023219476,-23.96705179727617,10.54542447629548,7,1.3888888888888888,0.6673294820272383,3.4884615384615385,1.3591487030434826,25,10.700000000000005,10.814355883009611,3.566666666666668,3.604785294336537
N18000356,TRANSMISSION SYSTEM SCHEME FOR EVACUATION OF POWER FROM REZ RAJASTHAN (8.1 GW) UNDER PHASE-II PART,2025-05-01,2023-03-01,09-2024,1433.28,1281.27,91.9,18,26,-8,89.39425653047556,Transmission_System,0.0,12.0,1,0,1.2000000000000028,324.79999999999995,22.66130832775173,1.0,1.2000000000000028,22.66130832775173,-2.5057434695244467,13.942002176278562,8,1.4444444444444444,0.8939425653047556,3.403703703703704,1.0280302512351027,26,4.900000000000006,32.77796383121233,1.6333333333333353,10.925987943737445
N18000356,TRANSMISSION SYSTEM SCHEME FOR EVACUATION OF POWER FROM REZ RAJASTHAN (8.1 GW) UNDER PHASE-II PART,2025-06-01,2023-03-01,09-2024,1433.28,1290.22,91.9,18,27,-9,90.01869837017192,Transmission_System,0.0,12.0,1,0,0.0,8.950000000000045,0.6244418396963596,1.0,0.0,0.6244418396963596,-1.8813016298280871,14.039390642002177,9,1.5,0.9001869837017192,3.2821428571428575,1.020899009471253,27,2.9000000000000057,30.68137419066756,0.9666666666666686,10.22712473022252
N18000357,ESTABLISHMENT OF KHAVDA POOLING STATION 3 (KPS3) IN KHAVDA RE PARK,2024-08-01,2023-03-01,12-2024,922.3,191.77,25.0,21,17,4,20.792583757996315,Substation_Grid_Equipment,0.0,2.0,1,0,0.0,0.0,0.0,0.0,0.0,0.0,-4.207416242003685,7.670800000000001,0,0.8095238095238095,0.2079258375799631,1.3888888888888888,1.202351775564478,17,0.0,0.0,0.0,0.0
N18000357,ESTABLISHMENT OF KHAVDA POOLING STATION 3 (KPS3) IN KHAVDA RE PARK,2024-09-01,2023-03-01,12-2024,922.3,259.67,30.0,21,18,3,28.154613466334165,Substation_Grid_Equipment,0.0,2.0,1,0,5.0,67.9,7.36202970833785,1.0,5.0,7.36202970833785,-1.8453865336658344,8.655666666666667,0,0.8571428571428571,0.2815461346633416,1.5789473684210529,1.0655447298494245,18,0.0,0.0,5.0,7.36202970833785
N18000357,ESTABLISHMENT OF KHAVDA POOLING STATION 3 (KPS3) IN KHAVDA RE PARK,2024-12-01,2023-03-01,12-2024,922.3,350.67,70.0,21,21,0,38.02125121977664,Substation_Grid_Equipment,0.0,2.0,1,0,40.0,91.0,9.866637753442472,3.0,13.333333333333334,3.2888792511474905,-31.978748780223363,5.009571428571429,0,1.0,0.3802125121977663,3.1818181818181817,1.8410756551743808,21,0.0,0.0,9.166666666666668,5.32545447974267
N18000357,ESTABLISHMENT OF KHAVDA POOLING STATION 3 (KPS3) IN KHAVDA RE PARK,2025-01-01,2023-03-01,12-2024,922.3,465.67,74.0,21,22,-1,50.490079149951214,Substation_Grid_Equipment,0.0,3.0,1,0,4.0,115.0,12.468827930174577,1.0,4.0,12.468827930174577,-23.509920850048783,6.292837837837838,1,1.0476190476190477,0.5049007914995122,3.217391304347826,1.4656344621727833,22,49.0,29.6974953919549,7.444444444444445,7.706578963219973
N18000357,ESTABLISHMENT OF KHAVDA POOLING STATION 3 (KPS3) IN KHAVDA RE PARK,2025-02-01,2023-03-01,12-2024,922.3,513.67,83.0,21,23,-2,55.69445950341537,Substation_Grid_Equipment,0.0,3.0,1,0,9.0,47.99999999999994,5.20438035346416,1.0,9.0,5.20438035346416,-27.305540496584623,6.188795180722891,2,1.0952380952380951,0.5569445950341537,3.4583333333333335,1.490273911265988,23,53.0,27.539846037081208,8.777777777777779,6.98736251159541
N18000357,ESTABLISHMENT OF KHAVDA POOLING STATION 3 (KPS3) IN KHAVDA RE PARK,2025-03-01,2023-03-01,12-2024,922.3,587.67,88.0,21,24,-3,63.71787921500596,Substation_Grid_Equipment,0.0,5.0,1,0,5.0,74.0,8.023419711590584,1.0,5.0,8.023419711590584,-24.28212078499404,6.6780681818181815,3,1.1428571428571428,0.6371787921500596,3.52,1.3810880255925946,24,18.0,25.69662799522932,6.0,8.56554266507644
N18000357,ESTABLISHMENT OF KHAVDA POOLING STATION 3 (KPS3) IN KHAVDA RE PARK,2025-04-01,2023-03-01,12-2024,922.3,672.67,88.7,21,25,-4,72.93396942426543,Substation_Grid_Equipment,0.0,5.0,1,0,0.7000000000000028,85.0,9.21609020925947,1.0,0.7000000000000028,9.21609020925947,-15.766030575734575,7.583652762119503,4,1.1904761904761905,0.7293396942426543,3.411538461538462,1.2161685521875512,25,14.700000000000005,22.443890274314217,4.900000000000001,7.481296758104738
N18000357,ESTABLISHMENT OF KHAVDA POOLING STATION 3 (KPS3) IN KHAVDA RE PARK,2025-05-01,2023-03-01,12-2024,922.3,823.07,88.7,21,26,-5,89.24102786511982,Substation_Grid_Equipment,0.0,6.0,1,0,0.0,150.4000000000001,16.30705844085439,1.0,0.0,16.30705844085439,0.5410278651198155,9.27925591882751,5,1.238095238095238,0.8924102786511982,3.285185185185185,0.9939374536795168,26,5.700000000000003,33.546568361704445,1.900000000000001,11.18218945390148
N18000357,ESTABLISHMENT OF KHAVDA POOLING STATION 3 (KPS3) IN KHAVDA RE PARK,2025-06-01,2023-03-01,12-2024,922.3,830.14,90.5,21,27,-6,90.00758972134881,Substation_Grid_Equipment,0.0,7.0,1,0,1.7999999999999972,7.069999999999936,0.7665618562289893,1.0,1.7999999999999972,0.7665618562289893,-0.4924102786511923,9.17281767955801,6,1.2857142857142858,0.9000758972134881,3.232142857142857,1.0054707639675236,27,2.5,26.28971050634285,0.8333333333333334,8.763236835447616
N18000359,"KHAVDA-2, GUJARAT- ESTABLISHMENT OF KHAVDA POOLING STATION-2 (KPS2) IN KHAVDA RE PARK",2024-08-01,2023-03-01,12-2024,966.79,120.72,33.0,21,17,4,12.486682733582269,Substation_Grid_Equipment,0.0,2.0,1,0,0.0,0.0,0.0,0.0,0.0,0.0,-20.51331726641773,3.658181818181818,0,0.8095238095238095,0.1248668273358226,1.8333333333333333,2.642815606361829,17,0.0,0.0,0.0,0.0
N18000359,"KHAVDA-2, GUJARAT- ESTABLISHMENT OF KHAVDA POOLING STATION-2 (KPS2) IN KHAVDA RE PARK",2024-09-01,2023-03-01,12-2024,966.79,133.22,37.0,21,18,3,13.779621220740804,Substation_Grid_Equipment,0.0,2.0,1,0,4.0,12.5,1.2929384871585352,1.0,4.0,1.2929384871585352,-23.220378779259196,3.6005405405405404,0,0.8571428571428571,0.137796212207408,1.9473684210526316,2.6851246059150276,18,0.0,0.0,4.0,1.2929384871585352
N18000359,"KHAVDA-2, GUJARAT- ESTABLISHMENT OF KHAVDA POOLING STATION-2 (KPS2) IN KHAVDA RE PARK",2024-11-01,2023-03-01,12-2024,966.79,176.22,63.0,21,20,1,18.227329616566163,Substation_Grid_Equipment,0.0,2.0,1,0,26.0,43.0,4.447708395825359,2.0,13.0,2.2238541979126794,-44.772670383433834,2.797142857142857,0,0.9523809523809524,0.1822732961656616,3.0,3.4563483146067413,20,0.0,0.0,8.5,1.7583963425356073
N18000359,"KHAVDA-2, GUJARAT- ESTABLISHMENT OF KHAVDA POOLING STATION-2 (KPS2) IN KHAVDA RE PARK",2024-12-01,2023-03-01,12-2024,966.79,293.22,70.0,21,21,0,30.329233856370053,Substation_Grid_Equipment,0.0,2.0,1,0,7.0,117.00000000000004,12.10190423980389,1.0,7.0,12.10190423980389,-39.67076614362995,4.1888571428571435,0,1.0,0.3032923385637005,3.1818181818181817,2.308004228906623,21,37.0,17.842551122787782,8.0,5.2062323082917015
N18000359,"KHAVDA-2, GUJARAT- ESTABLISHMENT OF KHAVDA POOLING STATION-2 (KPS2) IN KHAVDA RE PARK",2025-01-01,2023-03-01,12-2024,966.79,362.22,74.0,21,22,-1,37.466254305485165,Substation_Grid_Equipment,0.0,3.0,1,0,4.0,69.0,7.137020449115113,1.0,4.0,7.137020449115113,-36.533745694514835,4.894864864864865,1,1.0476190476190477,0.3746625430548516,3.217391304347826,1.9751107062006512,22,37.0,23.68663308474436,8.0,7.154259628943894
N18000359,"KHAVDA-2, GUJARAT- ESTABLISHMENT OF KHAVDA POOLING STATION-2 (KPS2) IN KHAVDA RE PARK",2025-02-01,2023-03-01,12-2024,966.79,433.22,82.0,21,23,-2,44.810144912545645,Substation_Grid_Equipment,0.0,3.0,1,0,8.0,71.0,7.34389060706048,1.0,8.0,7.34389060706048,-37.189855087454355,5.283170731707317,2,1.0952380952380951,0.4481014491254564,3.4166666666666665,1.829942754258806,23,19.0,26.582815295979483,6.333333333333333,8.86093843199316
N18000359,"KHAVDA-2, GUJARAT- ESTABLISHMENT OF KHAVDA POOLING STATION-2 (KPS2) IN KHAVDA RE PARK",2025-03-01,2023-03-01,12-2024,966.79,548.22,90.0,21,24,-3,56.70517899440417,Substation_Grid_Equipment,0.0,5.0,1,0,8.0,115.0,11.895034081858526,1.0,8.0,11.895034081858526,-33.29482100559583,6.091333333333334,3,1.1428571428571428,0.5670517899440417,3.6,1.5871566159570971,24,20.0,26.37594513803412,6.666666666666667,8.791981712678039
N18000359,"KHAVDA-2, GUJARAT- ESTABLISHMENT OF KHAVDA POOLING STATION-2 (KPS2) IN KHAVDA RE PARK",2025-04-01,2023-03-01,12-2024,966.79,646.22,93.0,21,25,-4,66.84181673372707,Substation_Grid_Equipment,0.0,5.0,1,0,3.0,98.0,10.1366377393229,1.0,3.0,10.1366377393229,-26.15818326627293,6.948602150537635,4,1.1904761904761905,0.6684181673372707,3.576923076923077,1.391344588530222,25,19.0,29.375562428241903,6.333333333333333,9.791854142747304
N18000359,"KHAVDA-2, GUJARAT- ESTABLISHMENT OF KHAVDA POOLING STATION-2 (KPS2) IN KHAVDA RE PARK",2025-05-01,2023-03-01,12-2024,966.79,859.0,93.6,21,26,-5,88.85073283753454,Substation_Grid_Equipment,0.0,6.0,1,0,0.5999999999999943,212.77999999999997,22.008916103807465,1.0,0.5999999999999943,22.008916103807465,-4.749267162465458,9.177350427350428,5,1.238095238095238,0.8885073283753454,3.4666666666666663,1.0534522002328286,26,11.599999999999994,44.04058792498889,3.866666666666665,14.680195974996296
N18000359,"KHAVDA-2, GUJARAT- ESTABLISHMENT OF KHAVDA POOLING STATION-2 (KPS2) IN KHAVDA RE PARK",2025-06-01,2023-03-01,12-2024,966.79,870.1,93.6,21,27,-6,89.99886221413131,Substation_Grid_Equipment,0.0,8.0,1,0,0.0,11.100000000000025,1.1481293765967706,1.0,0.0,1.1481293765967706,-3.601137785868687,9.295940170940172,6,1.2857142857142858,0.899988622141313,3.3428571428571425,1.0400131479140329,27,3.5999999999999943,33.293683219727136,1.1999999999999982,11.097894406575712
N18000360,"KHAVDA PHASE-II-PART B, GUJARAT- TRANSMISSION SCHEME FOR EVACUATION OF 4.5 GW RE INJECTION AT KHAVDA",2024-08-01,2023-03-01,03-2025,1167.55,376.14,20.0,24,17,7,32.2161791786219,Transmission_System,0.0,0.0,0,0,0.0,0.0,0.0,0.0,0.0,0.0,12.2161791786219,18.807,0,0.7083333333333334,0.322161791786219,1.1111111111111112,0.6208060828414952,17,0.0,0.0,0.0,0.0
N18000360,"KHAVDA PHASE-II-PART B, GUJARAT- TRANSMISSION SCHEME FOR EVACUATION OF 4.5 GW RE INJECTION AT KHAVDA",2024-09-01,2023-03-01,03-2025,1167.55,509.14,22.0,24,18,6,43.6075542803306,Transmission_System,0.0,0.0,0,0,2.0,133.0,11.391375101708704,1.0,2.0,11.391375101708704,21.607554280330604,23.14272727272727,0,0.75,0.436075542803306,1.1578947368421053,0.5044997446674785,18,0.0,0.0,2.0,11.391375101708704
N18000360,"KHAVDA PHASE-II-PART B, GUJARAT- TRANSMISSION SCHEME FOR EVACUATION OF 4.5 GW RE INJECTION AT KHAVDA",2024-11-01,2023-03-01,03-2025,1167.55,521.14,26.0,24,20,4,44.63534752259004,Transmission_System,0.0,0.0,0,0,4.0,12.0,1.0277932422594347,2.0,2.0,0.5138966211297173,18.63534752259004,20.04384615384615,0,0.8333333333333334,0.4463534752259004,1.238095238095238,0.5824979851863223,20,0.0,0.0,2.0,5.9526358614192105
N18000360,"KHAVDA PHASE-II-PART B, GUJARAT- TRANSMISSION SCHEME FOR EVACUATION OF 4.5 GW RE INJECTION AT KHAVDA",2024-12-01,2023-03-01,03-2025,1167.55,588.14,38.0,24,21,3,50.373859791871865,Transmission_System,0.0,0.0,0,0,12.0,67.0,5.738512269281827,1.0,12.0,5.738512269281827,12.373859791871864,15.477368421052631,0,0.875,0.5037385979187187,1.7272727272727273,0.7543595062400109,21,18.0,18.15768061324997,5.333333333333333,5.881261330706749
N18000360,"KHAVDA PHASE-II-PART B, GUJARAT- TRANSMISSION SCHEME FOR EVACUATION OF 4.5 GW RE INJECTION AT KHAVDA",2025-01-01,2023-03-01,03-2025,1167.55,622.14,47.0,24,22,2,53.285940644940254,Transmission_System,0.0,1.0,1,0,9.0,34.0,2.912080853068389,1.0,9.0,2.912080853068389,6.285940644940254,13.237021276595744,0,0.9166666666666666,0.5328594064494026,2.0434782608695654,0.8820337866075161,22,25.0,9.67838636460965,7.666666666666667,3.054829914493311
N18000360,"KHAVDA PHASE-II-PART B, GUJARAT- TRANSMISSION SCHEME FOR EVACUATION OF 4.5 GW RE INJECTION AT KHAVDA",2025-02-01,2023-03-01,03-2025,1167.55,651.14,56.0,24,23,1,55.76977431373389,Transmission_System,0.0,3.0,1,0,9.0,29.0,2.483833668793636,1.0,9.0,2.483833668793636,-0.2302256862661096,11.6275,0,0.9583333333333334,0.5576977431373389,2.3333333333333335,1.004128144485057,23,30.0,11.134426791143852,10.0,3.7114755970479503
N18000360,"KHAVDA PHASE-II-PART B, GUJARAT- TRANSMISSION SCHEME FOR EVACUATION OF 4.5 GW RE INJECTION AT KHAVDA",2025-03-01,2023-03-01,03-2025,1167.55,677.14,69.0,24,24,0,57.99665967196266,Transmission_System,0.0,3.0,1,0,13.0,26.0,2.2268853582287704,1.0,13.0,2.2268853582287704,-11.00334032803734,9.813623188405796,0,1.0,0.5799665967196266,2.76,1.1897236908172608,24,31.0,7.6227998800907955,10.333333333333334,2.540933293363598
N18000360,"KHAVDA PHASE-II-PART B, GUJARAT- TRANSMISSION SCHEME FOR EVACUATION OF 4.5 GW RE INJECTION AT KHAVDA",2025-04-01,2023-03-01,03-2025,1167.55,712.14,83.7,24,25,-1,60.994389961886,Transmission_System,0.0,6.0,1,0,14.700000000000005,35.0,2.9977302899233393,1.0,14.700000000000005,2.9977302899233393,-22.705610038114003,8.508243727598567,1,1.0416666666666667,0.60994389961886,3.2192307692307693,1.3722573510826523,25,36.7,7.708449316945746,12.233333333333334,2.569483105648582
N18000360,"KHAVDA PHASE-II-PART B, GUJARAT- TRANSMISSION SCHEME FOR EVACUATION OF 4.5 GW RE INJECTION AT KHAVDA",2025-05-01,2023-03-01,03-2025,1167.55,950.0,86.1,24,26,-2,81.36696501220506,Transmission_System,0.0,6.0,1,0,2.3999999999999915,237.86,20.372575050319057,1.0,2.3999999999999915,20.372575050319057,-4.733034987794937,11.033681765389083,2,1.0833333333333333,0.8136696501220506,3.1888888888888887,1.0581689999999997,26,30.09999999999999,25.597190698471167,10.033333333333331,8.532396899490388
N18000360,"KHAVDA PHASE-II-PART B, GUJARAT- TRANSMISSION SCHEME FOR EVACUATION OF 4.5 GW RE INJECTION AT KHAVDA",2025-06-01,2023-03-01,03-2025,1167.55,957.39,90.0,24,27,-3,81.99991435056316,Transmission_System,0.0,6.0,1,0,3.9000000000000057,7.389999999999986,0.6329493383581024,1.0,3.9000000000000057,0.6329493383581024,-8.00008564943684,10.637666666666666,3,1.125,0.8199991435056316,3.2142857142857144,1.0975621220192395,27,21.0,24.0032546786005,7.0,8.001084892866833
N18000361,"KHAVDA PHASE-II-PART C, GUJARAT- TRANSMISSION SCHEME FOR EVACUATION OF 4.5 GW RE INJECTION AT KHAVDA",2024-08-01,2023-03-01,03-2025,2820.99,152.1,18.0,24,17,7,5.391724181936129,Transmission_System,0.0,0.0,0,0,0.0,0.0,0.0,0.0,0.0,0.0,-12.60827581806387,8.45,0,0.7083333333333334,0.0539172418193612,1.0,3.3384497041420116,17,0.0,0.0,0.0,0.0
N18000361,"KHAVDA PHASE-II-PART C, GUJARAT- TRANSMISSION SCHEME FOR EVACUATION OF 4.5 GW RE INJECTION AT KHAVDA",2024-09-01,2023-03-01,03-2025,2820.99,336.1,19.0,24,18,6,11.914257051602451,Transmission_System,0.0,0.0,0,0,1.0,184.00000000000003,6.522532869666322,1.0,1.0,6.522532869666322,-7.085742948397549,17.689473684210526,0,0.75,0.1191425705160245,1.0,1.5947280571258555,18,0.0,0.0,1.0,6.522532869666322
N18000361,"KHAVDA PHASE-II-PART C, GUJARAT- TRANSMISSION SCHEME FOR EVACUATION OF 4.5 GW RE INJECTION AT KHAVDA",2024-11-01,2023-03-01,03-2025,2820.99,1858.46,22.0,24,20,4,65.87970889652215,Transmission_System,0.0,0.0,0,0,3.0,1522.36,53.9654518449197,2.0,1.5,26.98272592245985,43.879708896522146,84.47545454545455,0,0.8333333333333334,0.6587970889652215,1.0476190476190477,0.3339419734618985,20,0.0,0.0,1.25,16.752629396063085
N18000361,"KHAVDA PHASE-II-PART C, GUJARAT- TRANSMISSION SCHEME FOR EVACUATION OF 4.5 GW RE INJECTION AT KHAVDA",2024-12-01,2023-03-01,03-2025,2820.99,2002.46,41.0,24,21,3,70.98429983800014,Transmission_System,0.0,0.0,0,0,19.0,144.0,5.104590941477994,1.0,19.0,5.104590941477994,29.98429983800014,48.84048780487805,0,0.875,0.7098429983800014,1.8636363636363635,0.5775925112112101,21,23.0,65.59257565606401,7.166666666666667,12.869949911201388
N18000361,"KHAVDA PHASE-II-PART C, GUJARAT- TRANSMISSION SCHEME FOR EVACUATION OF 4.5 GW RE INJECTION AT KHAVDA",2025-01-01,2023-03-01,03-2025,2820.99,2063.46,52.0,24,22,2,73.14666127848734,Transmission_System,0.0,1.0,1,0,11.0,61.0,2.162361440487203,1.0,11.0,2.162361440487203,21.146661278487343,39.68192307692308,0,0.9166666666666666,0.7314666127848735,2.260869565217391,0.7109005263004855,22,33.0,61.232404226884896,10.5,11.416559434808349
N18000361,"KHAVDA PHASE-II-PART C, GUJARAT- TRANSMISSION SCHEME FOR EVACUATION OF 4.5 GW RE INJECTION AT KHAVDA",2025-02-01,2023-03-01,03-2025,2820.99,2211.46,61.0,24,23,1,78.39304641278417,Transmission_System,0.0,3.0,1,0,9.0,148.0,5.24638513429683,1.0,9.0,5.24638513429683,17.393046412784173,36.25344262295082,0,0.9583333333333334,0.7839304641278417,2.5416666666666665,0.7781302397511146,23,39.0,12.513337516262029,13.0,4.171112505420676
N18000361,"KHAVDA PHASE-II-PART C, GUJARAT- TRANSMISSION SCHEME FOR EVACUATION OF 4.5 GW RE INJECTION AT KHAVDA",2025-03-01,2023-03-01,03-2025,2820.99,2304.46,68.0,24,24,0,81.68976139582205,Transmission_System,0.0,3.0,1,0,7.0,93.0,3.296714983037873,1.0,7.0,3.296714983037873,13.689761395822046,33.889117647058825,0,1.0,0.8168976139582205,2.72,0.8324176596686425,24,27.0,10.705461557821906,9.0,3.568487185940635
N18000361,"KHAVDA PHASE-II-PART C, GUJARAT- TRANSMISSION SCHEME FOR EVACUATION OF 4.5 GW RE INJECTION AT KHAVDA",2025-04-01,2023-03-01,03-2025,2820.99,2304.46,68.0,24,25,-1,81.68976139582205,Transmission_System,0.0,3.0,1,0,0.0,0.0,0.0,1.0,0.0,0.0,13.689761395822046,33.889117647058825,1,1.0416666666666667,0.8168976139582205,2.6153846153846154,0.8324176596686425,25,16.0,8.543100117334703,5.333333333333333,2.847700039111567
N18000361,"KHAVDA PHASE-II-PART C, GUJARAT- TRANSMISSION SCHEME FOR EVACUATION OF 4.5 GW RE INJECTION AT KHAVDA",2025-05-01,2023-03-01,03-2025,2820.99,2418.0,76.5,24,26,-2,85.71458955898463,Transmission_System,0.0,6.0,1,0,8.5,113.53999999999996,4.0248281631625815,1.0,8.5,4.0248281631625815,9.214589558984628,31.607843137254903,2,1.0833333333333333,0.8571458955898463,2.8333333333333335,0.8924968362282877,26,15.5,7.3215431462004545,5.166666666666667,2.440514382066818
N18000361,"KHAVDA PHASE-II-PART C, GUJARAT- TRANSMISSION SCHEME FOR EVACUATION OF 4.5 GW RE INJECTION AT KHAVDA",2025-06-01,2023-03-01,03-2025,2820.99,2418.0,82.6,24,27,-3,85.71458955898463,Transmission_System,0.0,6.0,1,0,6.099999999999994,0.0,0.0,1.0,6.099999999999994,0.0,3.1145895589846333,29.27360774818402,3,1.125,0.8571458955898463,2.9499999999999997,0.9636632506203472,27,14.599999999999994,4.0248281631625815,4.8666666666666645,1.3416093877208606
N18000372,TRANSMISSION SYSTEM FOR EVACUATION OF POWER FROM RAJASTHAN REZ PHASE-IV PART- I (BIKANER COMPLEX) PAR,2024-11-01,2023-06-01,01-2025,202.39,20.04,76.0,19,17,2,9.901674983941897,Transmission_System,0.0,11.0,1,0,0.0,0.0,0.0,0.0,0.0,0.0,-66.0983250160581,0.2636842105263158,0,0.8947368421052632,0.0990167498394189,4.222222222222222,7.675469061876246,17,0.0,0.0,0.0,0.0
N18000372,TRANSMISSION SYSTEM FOR EVACUATION OF POWER FROM RAJASTHAN REZ PHASE-IV PART-I (BIKANER COMPLEX) PAR,2024-12-01,2023-06-01,01-2025,202.39,20.04,89.0,19,18,1,9.901674983941897,Transmission_System,0.0,1.0,1,0,13.0,0.0,0.0,1.0,13.0,0.0,-79.0983250160581,0.2251685393258427,0,0.9473684210526316,0.0990167498394189,4.684210526315789,8.988378243512972,18,0.0,0.0,13.0,0.0
N18000372,TRANSMISSION SYSTEM FOR EVACUATION OF POWER FROM RAJASTHAN REZ PHASE-IV PART-I (BIKANER COMPLEX) PAR,2025-01-01,2023-06-01,01-2025,202.39,20.04,100.0,19,19,0,9.901674983941897,Transmission_System,0.0,1.0,1,0,11.0,0.0,0.0,1.0,11.0,0.0,-90.0983250160581,0.2004,0,1.0,0.0990167498394189,5.0,10.099301397205586,19,0.0,0.0,12.0,0.0
N18000373,"TS FOR EVACUATION OF POWER FROM REZ IN RAJASTHAN (20GW) UNDER PHASE-III, PART E1",2024-08-01,2023-08-01,02-2025,688.74,121.1,18.0,18,12,6,17.582832418619507,Transmission_System,0.0,0.0,0,0,0.0,0.0,0.0,0.0,0.0,0.0,-0.4171675813804931,6.727777777777778,0,0.6666666666666666,0.175828324186195,1.3846153846153846,1.0237258464079273,12,0.0,0.0,0.0,0.0
N18000373,"TS FOR EVACUATION OF POWER FROM REZ IN RAJASTHAN (20GW) UNDER PHASE-III, PART E1",2024-11-01,2023-08-01,02-2025,688.74,121.1,65.0,18,15,3,17.582832418619507,Transmission_System,0.0,0.0,0,0,47.0,0.0,0.0,3.0,15.666666666666666,0.0,-47.4171675813805,1.863076923076923,0,0.8333333333333334,0.175828324186195,4.0625,3.6967877786952936,15,0.0,0.0,15.666666666666666,0.0
N18000373,"TS FOR EVACUATION OF POWER FROM REZ IN RAJASTHAN (20GW) UNDER PHASE-III, PART E1",2024-12-01,2023-08-01,02-2025,688.74,215.0,70.0,18,16,2,31.21642419490664,Transmission_System,0.0,0.0,0,0,5.0,93.9,13.633591776287131,1.0,5.0,13.633591776287131,-38.78357580509336,3.0714285714285716,0,0.8888888888888888,0.3121642419490664,4.117647058823529,2.2424093023255813,16,0.0,0.0,10.333333333333332,6.816795888143567
N18000373,"TS FOR EVACUATION OF POWER FROM REZ IN RAJASTHAN (20GW) UNDER PHASE-III, PART E1",2025-01-01,2023-08-01,02-2025,688.74,264.0,72.0,18,17,1,38.330865057931874,Transmission_System,0.0,1.0,1,0,2.0,49.0,7.114440863025234,1.0,2.0,7.114440863025234,-33.669134942068126,3.6666666666666665,0,0.9444444444444444,0.3833086505793187,4.0,1.8783818181818184,17,54.0,20.748032639312367,7.555555555555555,6.916010879770789
N18000373,"TS FOR EVACUATION OF POWER FROM REZ IN RAJASTHAN (20GW) UNDER PHASE-III, PART E1",2025-02-01,2023-08-01,02-2025,688.74,315.0,87.0,18,18,0,45.73569126230508,Transmission_System,0.0,2.0,1,0,15.0,51.0,7.404826204373208,1.0,15.0,7.404826204373208,-41.26430873769492,3.6206896551724137,0,1.0,0.4573569126230508,4.578947368421052,1.9022342857142855,18,22.0,28.152858843685575,7.333333333333333,9.384286281228524
N18000373,"TS FOR EVACUATION OF POWER FROM REZ IN RAJASTHAN (20GW) UNDER PHASE-III, PART E1",2025-03-01,2023-08-01,02-2025,688.74,330.0,89.0,18,19,-1,47.91358132241484,Transmission_System,0.0,2.0,1,0,2.0,15.0,2.1778900601097604,1.0,2.0,2.1778900601097604,-41.08641867758516,3.707865168539326,1,1.0555555555555556,0.4791358132241484,4.45,1.8575109090909092,19,19.0,16.697157127508202,6.333333333333333,5.565719042502734
N18000373,"TS FOR EVACUATION OF POWER FROM REZ IN RAJASTHAN (20GW) UNDER PHASE-III, PART E1",2025-04-01,2023-08-01,02-2025,688.74,411.0,91.0,18,20,-2,59.674187647007585,Transmission_System,0.0,7.0,1,0,2.0,81.0,11.760606324592745,1.0,2.0,11.760606324592745,-31.325812352992415,4.516483516483516,2,1.1111111111111112,0.5967418764700758,4.333333333333333,1.5249474452554743,20,19.0,21.34332258907571,6.333333333333333,7.114440863025237
N18000373,"TS FOR EVACUATION OF POWER FROM REZ IN RAJASTHAN (20GW) UNDER PHASE- III, PART E1",2025-05-01,2023-08-01,02-2025,688.74,507.0,92.0,18,21,-3,73.61268403171007,Transmission_System,0.0,7.0,1,0,1.0,96.0,13.93849638470249,1.0,1.0,13.93849638470249,-18.38731596828993,5.510869565217392,3,1.1666666666666667,0.7361268403171007,4.181818181818182,1.2497846153846155,21,5.0,27.876992769404993,1.6666666666666667,9.292330923134998
N18000373,"TS FOR EVACUATION OF POWER FROM REZ IN RAJASTHAN (20GW) UNDER PHASE-III, PART E1",2025-06-01,2023-08-01,02-2025,688.74,564.77,93.0,18,22,-4,82.00046461654615,Transmission_System,0.0,7.0,1,0,1.0,57.76999999999998,8.38778058483608,1.0,1.0,8.38778058483608,-10.999535383453846,6.072795698924731,4,1.2222222222222223,0.8200046461654615,4.043478260869565,1.1341399153637763,22,4.0,34.08688329413131,1.3333333333333333,11.362294431377103
N18000374,TS FOR EVACUATION POWER FROM REZ IN RAJASTHAN (20GW) UNDER PHASE-III PART H,2024-08-01,2023-10-01,04-2025,2211.0,183.03,12.0,18,10,8,8.278154681139755,Other_Power_Transmission,0.0,0.0,0,0,0.0,0.0,0.0,0.0,0.0,0.0,-3.721845318860245,15.2525,0,0.5555555555555556,0.0827815468113975,1.0909090909090908,1.4495984264874613,10,0.0,0.0,0.0,0.0
N18000374,TS FOR EVACUATION POWER FROM REZ IN RAJASTHAN (20GW) UNDER PHASE-III PART H,2024-11-01,2023-10-01,04-2025,2211.0,458.63,28.0,18,13,5,20.743102668475803,Other_Power_Transmission,0.0,0.0,0,0,16.0,275.6,12.464947987336048,3.0,5.333333333333333,4.15498266244535,-7.256897331524197,16.37964285714286,0,0.7222222222222222,0.207431026684758,2.0,1.3498462813160936,13,0.0,0.0,5.333333333333333,4.15498266244535
N18000374,TS FOR EVACUATION POWER FROM REZ IN RAJASTHAN (20GW) UNDER PHASE-III PART H,2024-12-01,2023-10-01,04-2025,2211.0,603.63,35.0,18,14,4,27.30122116689281,Other_Power_Transmission,0.0,0.0,0,0,7.0,145.0,6.558118498417006,1.0,7.0,6.558118498417006,-7.698778833107191,17.24657142857143,0,0.7777777777777778,0.2730122116689281,2.3333333333333335,1.2819939366830675,14,0.0,0.0,6.166666666666666,5.356550580431177
N18000374,TS FOR EVACUATION POWER FROM REZ IN RAJASTHAN (20GW) UNDER PHASE-III PART H,2025-01-01,2023-10-01,04-2025,2211.0,720.63,43.0,18,15,3,32.59294436906377,Other_Power_Transmission,0.0,0.0,0,0,8.0,117.0,5.291723202170964,1.0,8.0,5.291723202170964,-10.407055630936227,16.758837209302325,0,0.8333333333333334,0.3259294436906377,2.6875,1.3193039423837476,15,31.0,24.31478968792402,6.777777777777778,5.334941454344439
N18000374,TS FOR EVACUATION POWER FROM REZ IN RAJASTHAN (20GW) UNDER PHASE-III PART H,2025-02-01,2023-10-01,04-2025,2211.0,905.63,49.0,18,16,2,40.96019900497512,Other_Power_Transmission,0.0,1.0,1,0,6.0,185.0,8.367254635911344,1.0,6.0,8.367254635911344,-8.039800995024883,18.482244897959184,0,0.8888888888888888,0.4096019900497512,2.8823529411764706,1.196283250334022,16,21.0,20.217096336499313,7.0,6.739032112166438
N18000374,TS FOR EVACUATION POWER FROM REZ IN RAJASTHAN (20GW) UNDER PHASE-III PART H,2025-03-01,2023-10-01,04-2025,2211.0,1023.63,53.0,18,17,1,46.29715061058345,Other_Power_Transmission,0.0,1.0,1,0,4.0,118.0,5.336951605608334,1.0,4.0,5.336951605608334,-6.702849389416549,19.31377358490566,0,0.9444444444444444,0.4629715061058345,2.9444444444444446,1.144778875179508,17,18.0,18.99592944369064,6.0,6.331976481230214
N18000374,TS FOR EVACUATION POWER FROM REZ IN RAJASTHAN (20GW) UNDER PHASE-III PART H,2025-04-01,2023-10-01,04-2025,2211.0,1227.63,57.0,18,18,0,55.52374491180462,Other_Power_Transmission,0.0,4.0,1,0,4.0,204.0000000000001,9.22659430122117,1.0,4.0,9.22659430122117,-1.47625508819538,21.537368421052633,0,1.0,0.5552374491180462,3.0,1.0265878155470296,18,14.0,22.930800542740847,4.666666666666667,7.643600180913616
N18000374,TS FOR EVACUATION POWER FROM REZ IN RAJASTHAN (20GW) UNDER PHASE-III PART H,2025-05-01,2023-10-01,04-2025,2211.0,1551.8,60.9,18,19,-1,70.18543645409316,Other_Power_Transmission,0.0,4.0,1,0,3.8999999999999986,324.16999999999985,14.661691542288544,1.0,3.8999999999999986,14.661691542288544,9.285436454093166,25.48111658456486,1,1.0555555555555556,0.7018543645409316,3.045,0.8677013790436913,19,11.9,29.225237449118048,3.9666666666666663,9.741745816372685
N18000374,TS FOR EVACUATION POWER FROM REZ IN RAJASTHAN (20GW) UNDER PHASE-III PART H,2025-06-01,2023-10-01,04-2025,2211.0,1702.27,69.4,18,20,-2,76.99095431931254,Other_Power_Transmission,0.0,4.0,1,0,8.500000000000007,150.47000000000003,6.805517865219372,1.0,8.500000000000007,6.805517865219372,7.59095431931253,24.528386167146973,2,1.1111111111111112,0.7699095431931253,3.304761904761905,0.9014045950407396,20,16.400000000000006,30.693803708729085,5.466666666666669,10.231267902909694
N18000376,TS FOR EVACUATION POWER FROM REZ IN RAJASTHAN (20GW) UNDER PHASE-III PART B1,2024-08-01,2023-09-01,04-2025,2191.0,431.06,12.0,19,11,8,19.6741214057508,Other_Power_Transmission,0.0,0.0,0,0,0.0,0.0,0.0,0.0,0.0,0.0,7.6741214057508,35.92166666666667,0,0.5789473684210527,0.196741214057508,1.0,0.6099382916531341,11,0.0,0.0,0.0,0.0
N18000376,TS FOR EVACUATION POWER FROM REZ IN RAJASTHAN (20GW) UNDER PHASE-III PART B1,2024-11-01,2023-09-01,04-2025,2191.0,668.26,42.0,19,14,5,30.50022820629849,Other_Power_Transmission,0.0,0.0,0,0,30.0,237.2,10.826106800547691,3.0,10.0,3.6087022668492303,-11.499771793701507,15.91095238095238,0,0.7368421052631579,0.3050022820629849,2.8,1.3770388770837698,14,0.0,0.0,10.0,3.6087022668492303
N18000376,TS FOR EVACUATION POWER FROM REZ IN RAJASTHAN (20GW) UNDER PHASE-III PART B1,2024-12-01,2023-09-01,04-2025,2191.0,738.26,47.0,19,15,4,33.69511638521223,Other_Power_Transmission,0.0,0.0,0,0,5.0,70.0,3.1948881789137396,1.0,5.0,3.1948881789137396,-13.30488361478777,15.707659574468083,0,0.7894736842105263,0.3369511638521223,2.9375,1.394860889117655,15,0.0,0.0,7.5,3.4017952228814847
N18000376,TS FOR EVACUATION POWER FROM REZ IN RAJASTHAN (20GW) UNDER PHASE-III PART B1,2025-01-01,2023-09-01,04-2025,2191.0,843.26,53.0,19,16,3,38.48744865358284,Other_Power_Transmission,0.0,0.0,0,0,6.0,105.0,4.792332268370608,1.0,6.0,4.792332268370608,-14.512551346417162,15.91056603773585,0,0.8421052631578947,0.3848744865358284,3.1176470588235294,1.3770723145886203,16,41.0,18.81332724783204,7.0,3.865307571377859
N18000376,TS FOR EVACUATION POWER FROM REZ IN RAJASTHAN (20GW) UNDER PHASE-III PART B1,2025-02-01,2023-09-01,04-2025,2191.0,895.26,58.0,19,17,2,40.860794157918754,Other_Power_Transmission,0.0,2.0,1,0,5.0,52.0,2.3733455043359157,1.0,5.0,2.3733455043359157,-17.139205842081246,15.43551724137931,0,0.8947368421052632,0.4086079415791875,3.2222222222222223,1.4194535665616694,17,16.0,10.360565951620265,5.333333333333333,3.453521983873421
N18000376,TS FOR EVACUATION POWER FROM REZ IN RAJASTHAN (20GW) UNDER PHASE-III PART B1,2025-03-01,2023-09-01,04-2025,2191.0,980.26,64.0,19,18,1,44.74030123231401,Other_Power_Transmission,0.0,2.0,1,0,6.0,85.0,3.879507074395256,1.0,6.0,3.879507074395256,-19.25969876768599,15.3165625,0,0.9473684210526316,0.4474030123231401,3.3684210526315788,1.430477628384306,18,17.0,11.04518484710178,5.666666666666667,3.68172828236726
N18000376,TS FOR EVACUATION POWER FROM REZ IN RAJASTHAN (20GW) UNDER PHASE-III PART B1,2025-04-01,2023-09-01,04-2025,2191.0,1103.26,64.0,19,19,0,50.35417617526243,Other_Power_Transmission,0.0,4.0,1,0,0.0,123.0,5.613874942948421,1.0,0.0,5.613874942948421,-13.645823824737567,17.2384375,0,1.0,0.5035417617526243,3.2,1.2709968638398927,19,11.0,11.866727521679593,3.6666666666666665,3.955575840559864
N18000376,TS FOR EVACUATION POWER FROM REZ IN RAJASTHAN (20GW) UNDER PHASE-III PART B1,2025-05-01,2023-09-01,04-2025,2191.0,1440.66,67.9,19,20,-1,65.75353719762666,Other_Power_Transmission,0.0,4.0,1,0,3.9000000000000057,337.4000000000001,15.399361022364223,1.0,3.9000000000000057,15.399361022364223,-2.1464628023733496,21.217378497790868,1,1.0526315789473684,0.6575353719762665,3.2333333333333334,1.0326440659142335,20,9.900000000000006,24.892743039707906,3.300000000000002,8.297581013235968
N18000376,TS FOR EVACUATION POWER FROM REZ IN RAJASTHAN (20GW) UNDER PHASE-III PART B1,2025-06-01,2023-09-01,04-2025,2191.0,1511.45,75.7,19,21,-2,68.98448197170242,Other_Power_Transmission,0.0,5.0,1,0,7.799999999999997,70.78999999999996,3.230944774075766,1.0,7.799999999999997,3.230944774075766,-6.715518028297581,19.966314398943197,2,1.105263157894737,0.6898448197170243,3.440909090909091,1.0973482417546063,21,11.700000000000005,24.244180739388412,3.900000000000001,8.081393579796137
N18000377,TS FOR EVACUATION OF 7GW RE INJECTION AT KHAVDA PS UNDER PHASE-IV PART E4,2024-09-01,2023-11-01,07-2025,224.0,0.0,0.0,20,10,10,0.0,Other_Power_Transmission,0.0,0.0,0,0,0.0,0.0,0.0,0.0,0.0,0.0,0.0,,0,0.5,0.0,0.0,,10,0.0,0.0,0.0,0.0
N18000377,TS FOR EVACUATION OF 7GW RE INJECTION AT KHAVDA PS UNDER PHASE-IV PART E4,2024-11-01,2023-11-01,07-2025,224.0,0.0,1.0,20,12,8,0.0,Other_Power_Transmission,0.0,0.0,0,0,1.0,0.0,0.0,2.0,0.5,0.0,-1.0,0.0,0,0.6,0.0,0.0769230769230769,,12,0.0,0.0,0.5,0.0
N18000377,TS FOR EVACUATION OF 7GW RE INJECTION AT KHAVDA PS UNDER PHASE-IV PART E4,2024-12-01,2023-11-01,07-2025,224.0,0.0,3.0,20,13,7,0.0,Other_Power_Transmission,0.0,0.0,0,0,2.0,0.0,0.0,1.0,2.0,0.0,-3.0,0.0,0,0.65,0.0,0.2142857142857142,,13,0.0,0.0,1.25,0.0
N18000377,TS FOR EVACUATION OF 7GW RE INJECTION AT KHAVDA PS UNDER PHASE-IV PART E4,2025-01-01,2023-11-01,07-2025,224.0,0.0,3.0,20,14,6,0.0,Other_Power_Transmission,0.0,0.0,0,0,0.0,0.0,0.0,1.0,0.0,0.0,-3.0,0.0,0,0.7,0.0,0.2,,14,3.0,0.0,0.8333333333333334,0.0
N18000377,TS FOR EVACUATION OF 7GW RE INJECTION AT KHAVDA PS UNDER PHASE-IV PART E4,2025-02-01,2023-11-01,07-2025,224.0,0.0,3.0,20,15,5,0.0,Other_Power_Transmission,0.0,0.0,0,0,0.0,0.0,0.0,1.0,0.0,0.0,-3.0,0.0,0,0.75,0.0,0.1875,,15,2.0,0.0,0.6666666666666666,0.0
N18000377,TS FOR EVACUATION OF 7GW RE INJECTION AT KHAVDA PS UNDER PHASE-IV PART E4,2025-03-01,2023-11-01,07-2025,224.0,0.0,3.0,20,16,4,0.0,Other_Power_Transmission,0.0,0.0,0,0,0.0,0.0,0.0,1.0,0.0,0.0,-3.0,0.0,0,0.8,0.0,0.1764705882352941,,16,0.0,0.0,0.0,0.0
N18000377,TS FOR EVACUATION OF 7GW RE INJECTION AT KHAVDA PS UNDER PHASE-IV PART E4,2025-04-01,2023-11-01,07-2025,224.0,0.0,5.0,20,17,3,0.0,Other_Power_Transmission,0.0,2.0,1,0,2.0,0.0,0.0,1.0,2.0,0.0,-5.0,0.0,0,0.85,0.0,0.2777777777777778,,17,2.0,0.0,0.6666666666666666,0.0
N18000377,TS FOR EVACUATION OF 7GW RE INJECTION AT KHAVDA PS UNDER PHASE- IV PART E4,2025-05-01,2023-11-01,07-2025,224.0,2.64,6.0,20,18,2,1.1785714285714286,Other_Power_Transmission,0.0,2.0,1,0,1.0,2.64,1.1785714285714286,1.0,1.0,1.1785714285714286,-4.821428571428571,0.44,0,0.9,0.0117857142857142,0.3157894736842105,5.090909090909091,18,3.0,1.1785714285714286,1.0,0.3928571428571428
N18000377,TS FOR EVACUATION OF 7GW RE INJECTION AT KHAVDA PS UNDER PHASE-IV PART E4,2025-06-01,2023-11-01,07-2025,224.0,15.68,7.0,20,19,1,6.999999999999999,Other_Power_Transmission,0.0,4.0,1,0,1.0,13.04,5.82142857142857,1.0,1.0,5.82142857142857,-8.881784197001252e-16,2.24,0,0.95,0.0699999999999999,0.35,1.0000000000000002,19,4.0,6.999999999999999,1.3333333333333333,2.333333333333333
N18000379,TS FOR EVACUATION POWER FROM REZ IN RAJASTHAN (20GW) UNDER PHASE-III PART E2,2024-08-01,2023-11-01,06-2025,428.0,0.0,1.0,19,9,10,0.0,Other_Power_Transmission,0.0,0.0,0,0,0.0,0.0,0.0,0.0,0.0,0.0,-1.0,0.0,0,0.4736842105263157,0.0,0.1,,9,0.0,0.0,0.0,0.0
N18000379,1354 TS FOR EVACUATION POWER FROM REZ IN RAJASTHAN (20GW) UNDER PHASE-III PART E2,2024-09-01,2023-11-01,06-2025,428.0,0.0,1.0,19,10,9,0.0,Other_Power_Transmission,0.0,0.0,0,0,0.0,0.0,0.0,1.0,0.0,0.0,-1.0,0.0,0,0.5263157894736842,0.0,0.0909090909090909,,10,0.0,0.0,0.0,0.0
N18000379,TS FOR EVACUATION POWER FROM REZ IN RAJASTHAN (20GW) UNDER PHASE-III PART E2,2024-11-01,2023-11-01,06-2025,428.0,0.0,3.0,19,12,7,0.0,Other_Power_Transmission,0.0,0.0,0,0,2.0,0.0,0.0,2.0,1.0,0.0,-3.0,0.0,0,0.631578947368421,0.0,0.2307692307692307,,12,0.0,0.0,0.5,0.0
N18000379,TS FOR EVACUATION POWER FROM REZ IN RAJASTHAN (20GW) UNDER PHASE-III PART E2,2024-12-01,2023-11-01,06-2025,428.0,0.0,6.0,19,13,6,0.0,Other_Power_Transmission,0.0,0.0,0,0,3.0,0.0,0.0,1.0,3.0,0.0,-6.0,0.0,0,0.6842105263157895,0.0,0.4285714285714285,,13,5.0,0.0,1.3333333333333333,0.0
N18000379,TS FOR EVACUATION POWER FROM REZ IN RAJASTHAN (20GW) UNDER PHASE-III PART E2,2025-01-01,2023-11-01,06-2025,428.0,0.0,6.0,19,14,5,0.0,Other_Power_Transmission,0.0,0.0,0,0,0.0,0.0,0.0,1.0,0.0,0.0,-6.0,0.0,0,0.7368421052631579,0.0,0.4,,14,5.0,0.0,1.3333333333333333,0.0
N18000379,TS FOR EVACUATION POWER FROM REZ IN RAJASTHAN (20GW) UNDER PHASE-III PART E2,2025-02-01,2023-11-01,06-2025,428.0,0.0,6.0,19,15,4,0.0,Other_Power_Transmission,0.0,0.0,0,0,0.0,0.0,0.0,1.0,0.0,0.0,-6.0,0.0,0,0.7894736842105263,0.0,0.375,,15,3.0,0.0,1.0,0.0
N18000379,TS FOR EVACUATION POWER FROM REZ IN RAJASTHAN (20GW) UNDER PHASE-III PART E2,2025-03-01,2023-11-01,06-2025,428.0,0.0,20.0,19,16,3,0.0,Other_Power_Transmission,0.0,0.0,0,0,14.0,0.0,0.0,1.0,14.0,0.0,-20.0,0.0,0,0.8421052631578947,0.0,1.1764705882352942,,16,14.0,0.0,4.666666666666667,0.0
N18000379,TS FOR EVACUATION POWER FROM REZ IN RAJASTHAN (20GW) UNDER PHASE-III PART E2,2025-04-01,2023-11-01,06-2025,428.0,0.0,35.0,19,17,2,0.0,Other_Power_Transmission,0.0,3.0,1,0,15.0,0.0,0.0,1.0,15.0,0.0,-35.0,0.0,0,0.8947368421052632,0.0,1.9444444444444444,,17,29.0,0.0,9.666666666666666,0.0
N18000379,TS FOR EVACUATION POWER FROM REZ IN RAJASTHAN (20GW) UNDER PHASE-III PART E2,2025-05-01,2023-11-01,06-2025,428.0,51.42,42.0,19,18,1,12.014018691588785,Other_Power_Transmission,0.0,3.0,1,0,7.0,51.42,12.014018691588785,1.0,7.0,12.014018691588785,-29.985981308411215,1.2242857142857144,0,0.9473684210526316,0.1201401869158878,2.210526315789474,3.4959159859976663,18,36.0,12.014018691588785,12.0,4.0046728971962615
N18000379,TS FOR EVACUATION POWER FROM REZ IN RAJASTHAN (20GW) UNDER PHASE-III PART E2,2025-06-01,2023-11-01,06-2025,428.0,85.6,45.0,19,19,0,20.0,Other_Power_Transmission,0.0,3.0,1,0,3.0,34.17999999999999,7.985981308411216,1.0,3.0,7.985981308411216,-25.0,1.902222222222222,0,1.0,0.2,2.25,2.25,19,25.0,20.0,8.333333333333334,6.666666666666667
N18000384,TS FOR EVACUATION OF ADDITIONAL 7GW RE POWER FROM KHAVDA RE PARK UNDER PHASE-III PART B [VATAMAN TRA,2024-08-01,2023-12-01,12-2025,3752.0,113.02,1.0,24,8,16,3.0122601279317696,Other_Power_Transmission,0.0,0.0,0,0,0.0,0.0,0.0,0.0,0.0,0.0,2.0122601279317696,113.02,0,0.3333333333333333,0.0301226012793176,0.1111111111111111,0.3319766413024244,8,0.0,0.0,0.0,0.0
N18000384,TS FOR EVACUATION OF ADDITIONAL 7GW RE POWER FROM KHAVDA RE PARK UNDER PHASE-III PART B [VATAMAN TRA,2024-09-01,2023-12-01,12-2025,3752.0,187.02,1.0,24,9,15,4.98454157782516,Other_Power_Transmission,0.0,0.0,0,0,0.0,74.00000000000001,1.9722814498933907,1.0,0.0,1.9722814498933907,3.98454157782516,187.02,0,0.375,0.0498454157782516,0.1,0.2006202545182333,9,0.0,0.0,0.0,1.9722814498933907
N18000384,TS FOR EVACUATION OF ADDITIONAL 7GW RE POWER FROM KHAVDA RE PARK UNDER PHASE-III PART B [VATAMAN TRA,2024-11-01,2023-12-01,12-2025,3752.0,292.02,1.6,24,11,13,7.7830490405117265,Other_Power_Transmission,0.0,0.0,0,0,0.6000000000000001,104.99999999999996,2.7985074626865662,2.0,0.3,1.3992537313432831,6.183049040511726,182.5125,0,0.4583333333333333,0.0778304904051172,0.1333333333333333,0.2055749606191357,11,0.0,0.0,0.15,1.685767590618337
N18000384,TS FOR EVACUATION OF ADDITIONAL 7GW RE POWER FROM KHAVDA RE PARK UNDER PHASE-III PART B [VATAMAN TRA,2024-12-01,2023-12-01,12-2025,3752.0,351.02,4.0,24,12,12,9.355543710021324,Other_Power_Transmission,0.0,0.0,0,0,2.4,59.0,1.5724946695095978,1.0,2.4,1.5724946695095978,5.355543710021324,87.755,0,0.5,0.0935554371002132,0.3076923076923077,0.42755398552789,12,3.0,6.343283582089555,0.9,1.6480099502487573
N18000384,TS FOR EVACUATION OF ADDITIONAL 7GW RE POWER FROM KHAVDA RE PARK UNDER PHASE-III PART B [VATAMAN TRA,2025-01-01,2023-12-01,12-2025,3752.0,357.02,5.0,24,13,11,9.51545842217484,Other_Power_Transmission,0.0,0.0,0,0,1.0,6.0,0.1599147121535153,1.0,1.0,0.1599147121535153,4.51545842217484,71.404,0,0.5416666666666666,0.0951545842217484,0.3571428571428571,0.5254607585009243,13,4.0,4.5309168443496795,1.2333333333333332,1.0438877043354655
N18000384,TS FOR EVACUATION OF ADDITIONAL 7GW RE POWER FROM KHAVDA RE PARK UNDER PHASE-III PART B [VATAMAN TRA,2025-02-01,2023-12-01,12-2025,3752.0,497.02,7.0,24,14,10,13.24680170575693,Other_Power_Transmission,0.0,0.0,0,0,2.0,140.0,3.73134328358209,1.0,2.0,3.73134328358209,6.24680170575693,71.00285714285714,0,0.5833333333333334,0.1324680170575693,0.4666666666666667,0.5284294394591766,14,5.4,5.463752665245203,1.7999999999999998,1.821250888415068
N18000384,TS FOR EVACUATION OF ADDITIONAL 7GW RE POWER FROM KHAVDA RE PARK UNDER PHASE-III PART B [VATAMAN TRA,2025-03-01,2023-12-01,12-2025,3752.0,617.02,9.0,24,15,9,16.445095948827294,Other_Power_Transmission,0.0,0.0,0,0,2.0,120.0,3.1982942430703645,1.0,2.0,3.1982942430703645,7.445095948827294,68.55777777777777,0,0.625,0.1644509594882729,0.5625,0.5472756150529966,15,5.0,7.08955223880597,1.6666666666666667,2.36318407960199
N18000384,TS FOR EVACUATION OF ADDITIONAL 7GW RE POWER FROM KHAVDA RE PARK UNDER PHASE-III PART B [VATAMAN TRA,2025-04-01,2023-12-01,12-2025,3752.0,797.02,12.0,24,16,8,21.24253731343283,Other_Power_Transmission,0.0,6.0,1,0,3.0,180.0,4.797441364605536,1.0,3.0,4.797441364605536,9.24253731343283,66.41833333333334,0,0.6666666666666666,0.2124253731343283,0.7058823529411765,0.5649042683997894,16,7.0,11.72707889125799,2.3333333333333335,3.909026297085997
N18000384,TS FOR EVACUATION OF ADDITIONAL 7GW RE POWER FROM KHAVDA RE PARK UNDER PHASE-III PART B [VATAMAN TRA,2025-05-01,2023-12-01,12-2025,3752.0,1365.02,13.9,24,17,7,36.38113006396589,Other_Power_Transmission,0.0,6.0,1,0,1.9000000000000004,568.0,15.13859275053306,1.0,1.9000000000000004,15.13859275053306,22.481130063965892,98.20287769784171,0,0.7083333333333334,0.3638113006396589,0.7722222222222223,0.3820661968322807,17,6.9,23.13432835820896,2.3000000000000003,7.711442786069654
N18000384,TS FOR EVACUATION OF ADDITIONAL 7GW RE POWER FROM KHAVDA RE PARK UNDER PHASE-III PART B [VATAMAN TRA,2025-06-01,2023-12-01,12-2025,3752.0,1463.23,20.0,24,18,6,38.99866737739872,Other_Power_Transmission,0.0,6.0,1,0,6.1,98.21000000000004,2.617537313432827,1.0,6.1,2.617537313432827,18.99866737739872,73.1615,0,0.75,0.3899866737739871,1.0526315789473684,0.5128380363989257,18,11.0,22.553571428571423,3.6666666666666665,7.517857142857141
N18000385,TS FOR INTRGRATION OF RE ZONE (PHASE II) IN KOPPAL II (PHASE A&B) AND GADAG II (PHASE A) IN KARNATAK,2024-08-01,2023-12-01,12-2025,2889.0,0.0,0.0,24,8,16,0.0,Other_Power_Transmission,0.0,0.0,0,0,0.0,0.0,0.0,0.0,0.0,0.0,0.0,,0,0.3333333333333333,0.0,0.0,,8,0.0,0.0,0.0,0.0
N18000385,TS FOR INTRGRATION OF RE ZONE (PHASE II) IN KOPPAL II (PHASE A&B) AND GADAG II (PHASE A) IN KARNATAK,2024-09-01,2023-12-01,12-2025,2889.0,0.0,0.0,24,9,15,0.0,Other_Power_Transmission,0.0,0.0,0,0,0.0,0.0,0.0,1.0,0.0,0.0,0.0,,0,0.375,0.0,0.0,,9,0.0,0.0,0.0,0.0
N18000385,TS FOR INTRGRATION OF RE ZONE (PHASE II) IN KOPPAL II (PHASE A and B) AND GADAG II (PHASE A) IN KARN,2024-12-01,2023-12-01,12-2025,2889.0,207.0,11.0,24,12,12,7.165109034267912,Other_Power_Transmission,0.0,0.0,0,0,11.0,207.0,7.165109034267912,3.0,3.6666666666666665,2.388369678089304,-3.834890965732088,18.818181818181817,0,0.5,0.0716510903426791,0.8461538461538461,1.535217391304348,12,0.0,0.0,1.8333333333333333,1.194184839044652
N18000385,TS FOR INTRGRATION OF RE ZONE (PHASE II) IN KOPPAL II (PHASE A and B) AND GADAG II (PHASE A) IN KARN,2025-01-01,2023-12-01,12-2025,2889.0,250.0,13.0,24,13,11,8.653513326410522,Other_Power_Transmission,0.0,0.0,0,0,2.0,43.0,1.4884042921426095,1.0,2.0,1.4884042921426095,-4.346486673589478,19.23076923076923,0,0.5416666666666666,0.0865351332641052,0.9285714285714286,1.50228,13,13.0,8.653513326410522,1.8888888888888888,1.2922579900773046
N18000385,TS FOR INTRGRATION OF RE ZONE (PHASE II) IN KOPPAL II (PHASE A and B) AND GADAG II (PHASE A) IN KARN,2025-02-01,2023-12-01,12-2025,2889.0,319.0,17.0,24,14,10,11.041883004499828,Other_Power_Transmission,0.0,0.0,0,0,4.0,69.0,2.3883696780893064,1.0,4.0,2.3883696780893064,-5.958116995500172,18.764705882352946,0,0.5833333333333334,0.1104188300449982,1.1333333333333333,1.539592476489028,14,17.0,11.041883004499828,3.222222222222222,2.0883812161070736
N18000385,TS FOR INTRGRATION OF RE ZONE (PHASE II) IN KOPPAL II (PHASE A and B) AND GADAG II (PHASE A) IN KARN,2025-03-01,2023-12-01,12-2025,2889.0,413.0,20.0,24,15,9,14.295604015230184,Other_Power_Transmission,0.0,0.0,0,0,3.0,94.0,3.253721010730356,1.0,3.0,3.253721010730356,-5.704395984769816,20.65,0,0.625,0.1429560401523018,1.25,1.399031476997579,15,9.0,7.130494980962272,3.0,2.3768316603207573
N18000385,TS FOR INTRGRATION OF RE ZONE (PHASE II) IN KOPPAL II (PHASE A and B) AND GADAG II (PHASE A) IN KARN,2025-04-01,2023-12-01,12-2025,2889.0,602.0,24.9,24,16,8,20.837660089996536,Other_Power_Transmission,0.0,0.0,0,0,4.899999999999999,189.0,6.542056074766352,1.0,4.899999999999999,6.542056074766352,-4.0623399100034625,24.17670682730924,0,0.6666666666666666,0.2083766008999653,1.464705882352941,1.194951827242525,16,11.9,12.184146763586014,3.9666666666666663,4.061382254528671
N18000385,TS FOR INTRGRATION OF RE ZONE (PHASE II) IN KOPPAL II (PHASE A and B) AND GADAG II (PHASE A) IN KARN,2025-05-01,2023-12-01,12-2025,2889.0,891.98,28.5,24,17,7,30.87504326756663,Other_Power_Transmission,0.0,0.0,0,0,3.6000000000000014,289.98,10.037383177570096,1.0,3.6000000000000014,10.037383177570096,2.375043267566632,31.297543859649124,0,0.7083333333333334,0.3087504326756663,1.5833333333333333,0.9230756294984191,17,11.5,19.8331602630668,3.8333333333333335,6.611053421022267
N18000385,TS FOR INTRGRATION OF RE ZONE (PHASE II) IN KOPPAL II (PHASE A and B) AND GADAG II (PHASE A) IN KARN,2025-06-01,2023-12-01,12-2025,2889.0,1011.29,36.7,24,18,6,35.00484596746279,Other_Power_Transmission,0.0,0.0,0,0,8.200000000000003,119.30999999999996,4.12980269989616,1.0,8.200000000000003,4.12980269989616,-1.6951540325372108,27.55558583106267,0,0.75,0.3500484596746279,1.9315789473684213,1.0484262674405955,18,16.700000000000003,20.70924195223261,5.566666666666667,6.9030806507442035
N18000386,TS FOR EVACUATION OF POWER FROM RAJASTHAN REZ PH-IV (PART-1) [BIKANER COMPLEX] PART A [BIKANER III N,2024-08-01,2023-12-01,12-2025,2998.0,107.08,3.0,24,8,16,3.5717144763175455,Transmission_System,0.0,0.0,0,0,0.0,0.0,0.0,0.0,0.0,0.0,0.5717144763175455,35.693333333333335,0,0.3333333333333333,0.0357171447631754,0.3333333333333333,0.8399327605528576,8,0.0,0.0,0.0,0.0
N18000386,TS FOR EVACUATION OF POWER FROM RAJASTHAN REZ PH-IV (PART-1) [BIKANER COMPLEX] PART A [BIKANER III N,2024-11-01,2023-12-01,12-2025,2998.0,239.98,15.0,24,11,13,8.004669779853234,Transmission_System,0.0,0.0,0,0,12.0,132.89999999999998,4.432955303535689,3.0,4.0,1.4776517678452297,-6.995330220146766,15.998666666666669,0,0.4583333333333333,0.0800466977985323,1.25,1.8739061588465709,11,0.0,0.0,4.0,1.4776517678452297
N18000386,TS FOR EVACUATION OF POWER FROM RAJASTHAN REZ PH-IV (PART-1) [BIKANER COMPLEX] PART A [BIKANER III N,2024-12-01,2023-12-01,12-2025,2998.0,269.98,26.0,24,12,12,9.005336891260841,Transmission_System,0.0,0.0,0,0,11.0,30.00000000000003,1.000667111407607,1.0,11.0,1.000667111407607,-16.99466310873916,10.383846153846154,0,0.5,0.0900533689126084,2.0,2.887176827913178,12,0.0,0.0,7.5,1.2391594396264185
N18000386,TS FOR EVACUATION OF POWER FROM RAJASTHAN REZ PH-IV (PART-1) [BIKANER COMPLEX] PART A [BIKANER III N,2025-01-01,2023-12-01,12-2025,2998.0,356.98,26.0,24,13,11,11.907271514342897,Transmission_System,0.0,0.0,0,0,0.0,87.0,2.901934623082056,1.0,0.0,2.901934623082056,-14.092728485657103,13.73,0,0.5416666666666666,0.1190727151434289,1.8571428571428572,2.1835396941005096,13,23.0,8.335557038025351,5.0,1.793417834111631
N18000386,TS FOR EVACUATION OF POWER FROM RAJASTHAN REZ PH-IV (PART-1) [BIKANER COMPLEX] PART A [BIKANER III N,2025-02-01,2023-12-01,12-2025,2998.0,420.98,35.0,24,14,10,14.04202801867912,Transmission_System,0.0,0.0,0,0,9.0,64.0,2.134756504336224,1.0,9.0,2.134756504336224,-20.95797198132088,12.028,0,0.5833333333333334,0.1404202801867912,2.3333333333333335,2.4925174592617223,14,20.0,6.037358238825886,6.666666666666667,2.0124527462752955
N18000386,TS FOR EVACUATION OF POWER FROM RAJASTHAN REZ PH-IV (PART-1) [BIKANER COMPLEX] PART A [BIKANER III N,2025-03-01,2023-12-01,12-2025,2998.0,527.98,39.0,24,15,9,17.611074049366245,Transmission_System,0.0,0.0,0,0,4.0,107.0,3.569046030687124,1.0,4.0,3.569046030687124,-21.388925950633755,13.53794871794872,0,0.625,0.1761107404936624,2.4375,2.214515701352324,15,13.0,8.605737158105404,4.333333333333333,2.868579052701801
N18000386,TS FOR EVACUATION OF POWER FROM RAJASTHAN REZ PH-IV (PART-1) [BIKANER COMPLEX] PART A [BIKANER III N,2025-04-01,2023-12-01,12-2025,2998.0,729.98,42.2,24,16,8,24.34889926617745,Transmission_System,0.0,0.0,0,0,3.200000000000003,202.0,6.737825216811206,1.0,3.200000000000003,6.737825216811206,-17.851100733822552,17.29810426540284,0,0.6666666666666666,0.2434889926617745,2.4823529411764707,1.733137894188882,16,16.200000000000003,12.441627751834554,5.400000000000001,4.147209250611518
N18000386,TS FOR EVACUATION OF POWER FROM RAJASTHAN REZ PH-IV (PART-1) [BIKANER COMPLEX] PART A [BIKANER III N,2025-05-01,2023-12-01,12-2025,2998.0,1112.98,45.3,24,17,7,37.124082721814545,Transmission_System,0.0,0.0,0,0,3.0999999999999943,383.0,12.775183455637094,1.0,3.0999999999999943,12.775183455637094,-8.175917278185452,24.56909492273731,0,0.7083333333333334,0.3712408272181454,2.5166666666666666,1.2202321694909162,17,10.299999999999995,23.082054703135427,3.433333333333332,7.6940182343784755
N18000386,TS FOR EVACUATION OF POWER FROM RAJASTHAN REZ PH-IV (PART-1) [BIKANER COMPLEX] PART A [BIKANER III N,2025-06-01,2023-12-01,12-2025,2998.0,1439.18,47.1,24,18,6,48.00466977985324,Transmission_System,0.0,0.0,0,0,1.8000000000000045,326.20000000000005,10.880587058038692,1.0,1.8000000000000045,10.880587058038692,0.9046697798532364,30.55583864118896,0,0.75,0.4800466977985324,2.478947368421053,0.9811545463388874,18,8.100000000000001,30.393595730486993,2.7000000000000006,10.131198576828998
N18000388,"TS FOR SOLAR ENERGY ZONE IN BIDAR (2500MW), KARNATAKA [BIDAR TRANSMISSION LTD]",2024-08-01,2024-02-01,02-2026,2148.0,0.0,3.0,24,6,18,0.0,Other_Power_Transmission,0.0,0.0,0,0,0.0,0.0,0.0,0.0,0.0,0.0,-3.0,0.0,0,0.25,0.0,0.4285714285714285,,6,0.0,0.0,0.0,0.0
N18000388,"TS FOR SOLAR ENERGY ZONE IN BIDAR (2500MW), KARNATAKA [BIDAR TRANSMISSION LTD]",2024-09-01,2024-02-01,02-2026,2148.0,0.0,3.0,24,7,17,0.0,Other_Power_Transmission,0.0,0.0,0,0,0.0,0.0,0.0,1.0,0.0,0.0,-3.0,0.0,0,0.2916666666666667,0.0,0.375,,7,0.0,0.0,0.0,0.0
N18000388,"TS FOR SOLAR ENERGY ZONE IN BIDAR (2500MW), KARNATAKA [BIDAR TRANSMISSION LTD]",2024-11-01,2024-02-01,02-2026,2148.0,173.0,17.0,24,9,15,8.054003724394786,Other_Power_Transmission,0.0,0.0,0,0,14.0,173.0,8.054003724394786,2.0,7.0,4.027001862197393,-8.945996275605214,10.176470588235292,0,0.375,0.0805400372439478,1.7,2.1107514450867053,9,0.0,0.0,3.5,2.0135009310986964
N18000388,"TS FOR SOLAR ENERGY ZONE IN BIDAR (2500MW), KARNATAKA [BIDAR TRANSMISSION LTD]",2024-12-01,2024-02-01,02-2026,2148.0,224.0,23.0,24,10,14,10.42830540037244,Other_Power_Transmission,0.0,0.0,0,0,6.0,51.0,2.3743016759776534,1.0,6.0,2.3743016759776534,-12.57169459962756,9.73913043478261,0,0.4166666666666667,0.1042830540037244,2.090909090909091,2.2055357142857144,10,20.0,10.42830540037244,4.333333333333333,2.133767846058349
N18000388,"TS FOR SOLAR ENERGY ZONE IN BIDAR (2500MW), KARNATAKA [BIDAR TRANSMISSION LTD]",2025-01-01,2024-02-01,02-2026,2148.0,318.0,28.0,24,11,13,14.80446927374302,Other_Power_Transmission,0.0,0.0,0,0,5.0,94.0,4.376163873370581,1.0,5.0,4.376163873370581,-13.19553072625698,11.357142857142858,0,0.4583333333333333,0.1480446927374302,2.3333333333333335,1.8913207547169808,11,25.0,14.80446927374302,6.0,3.5924891371818757
N18000388,"TS FOR SOLAR ENERGY ZONE IN BIDAR (2500MW), KARNATAKA [BIDAR TRANSMISSION LTD]",2025-02-01,2024-02-01,02-2026,2148.0,354.0,30.0,24,12,12,16.480446927374302,Other_Power_Transmission,0.0,0.0,0,0,2.0,36.0,1.675977653631282,1.0,2.0,1.675977653631282,-13.519553072625698,11.8,0,0.5,0.164804469273743,2.3076923076923075,1.8203389830508472,12,13.0,8.426443202979517,4.333333333333333,2.8088144009931724
N18000388,"TS FOR SOLAR ENERGY ZONE IN BIDAR (2500MW), KARNATAKA [BIDAR TRANSMISSION LTD]",2025-03-01,2024-02-01,02-2026,2148.0,436.0,36.0,24,13,11,20.297951582867785,Other_Power_Transmission,0.0,0.0,0,0,6.0,82.0,3.817504655493483,1.0,6.0,3.817504655493483,-15.702048417132216,12.11111111111111,0,0.5416666666666666,0.2029795158286778,2.5714285714285716,1.773577981651376,13,13.0,9.869646182495346,4.333333333333333,3.2898820608317823
N18000388,"TS FOR SOLAR ENERGY ZONE IN BIDAR (2500MW), KARNATAKA [BIDAR TRANSMISSION LTD]",2025-04-01,2024-02-01,02-2026,2148.0,557.0,36.0,24,14,10,25.931098696461824,Other_Power_Transmission,0.0,0.0,0,0,0.0,121.0,5.633147113594038,1.0,0.0,5.633147113594038,-10.068901303538176,15.47222222222222,0,0.5833333333333334,0.2593109869646182,2.4,1.3882944344703771,14,8.0,11.126629422718803,2.6666666666666665,3.708876474239601
N18000388,"TS FOR SOLAR ENERGY ZONE IN BIDAR (2500MW), KARNATAKA [BIDAR TRANSMISSION LTD]",2025-05-01,2024-02-01,02-2026,2148.0,846.6,43.8,24,15,9,39.41340782122905,Other_Power_Transmission,0.0,0.0,0,0,7.799999999999997,289.6,13.482309124767228,1.0,7.799999999999997,13.482309124767228,-4.386592178770947,19.328767123287673,0,0.625,0.3941340782122905,2.7375,1.111296952515946,15,13.799999999999995,22.932960893854748,4.599999999999999,7.644320297951583
N18000388,"TS FOR SOLAR ENERGY ZONE IN BIDAR (2500MW), KARNATAKA [BIDAR TRANSMISSION LTD]",2025-06-01,2024-02-01,02-2026,2148.0,923.47,52.2,24,16,8,42.992085661080075,Other_Power_Transmission,0.0,0.0,0,0,8.400000000000006,76.87,3.578677839851025,1.0,8.400000000000006,3.578677839851025,-9.207914338919927,17.690996168582377,0,0.6666666666666666,0.4299208566108007,3.070588235294118,1.2141769629765993,16,16.200000000000003,22.69413407821229,5.400000000000001,7.564711359404097
N18000389,TS FOR EVACUATION OF POWER FROM REZ IN RAJASTHAN (20GW) UNDER PH-III PART D [SIKAR KHETRI TRANSMISSI,2024-11-01,2024-02-01,08-2025,2000.0,272.94,18.0,18,9,9,13.647,Transmission_System,0.0,0.0,0,0,0.0,0.0,0.0,0.0,0.0,0.0,-4.353,15.163333333333334,0,0.5,0.13647,1.8,1.3189712024620797,9,0.0,0.0,0.0,0.0
N18000389,TS FOR EVACUATION OF POWER FROM REZ IN RAJASTHAN (20GW) UNDER PH-III PART D [SIKAR KHETRI TRANSMISSI,2024-12-01,2024-02-01,08-2025,2000.0,393.0,28.0,18,10,8,19.65,Transmission_System,0.0,0.0,0,0,10.0,120.06,6.002999999999998,1.0,10.0,6.002999999999998,-8.350000000000001,14.035714285714286,0,0.5555555555555556,0.1964999999999999,2.5454545454545454,1.424936386768448,10,0.0,0.0,10.0,6.002999999999998
N18000389,TS FOR EVACUATION OF POWER FROM REZ IN RAJASTHAN (20GW) UNDER PH-III PART D [SIKAR KHETRI TRANSMISSI,2025-01-01,2024-02-01,08-2025,2000.0,482.0,32.0,18,11,7,24.1,Transmission_System,0.0,0.0,0,0,4.0,89.0,4.450000000000003,1.0,4.0,4.450000000000003,-7.899999999999999,15.0625,0,0.6111111111111112,0.241,2.6666666666666665,1.3278008298755186,11,0.0,0.0,7.0,5.226500000000001
N18000389,TS FOR EVACUATION OF POWER FROM REZ IN RAJASTHAN (20GW) UNDER PH-III PART D [SIKAR KHETRI TRANSMISSI,2025-02-01,2024-02-01,08-2025,2000.0,535.0,43.0,18,12,6,26.75,Transmission_System,0.0,0.0,0,0,11.0,53.0,2.6499999999999986,1.0,11.0,2.6499999999999986,-16.25,12.44186046511628,0,0.6666666666666666,0.2675,3.3076923076923075,1.6074766355140186,12,25.0,13.103,8.333333333333334,4.367666666666667
N18000389,TS FOR EVACUATION OF POWER FROM REZ IN RAJASTHAN (20GW) UNDER PH-III PART D [SIKAR KHETRI TRANSMISSI,2025-03-01,2024-02-01,08-2025,2000.0,683.0,47.0,18,13,5,34.150000000000006,Transmission_System,0.0,0.0,0,0,4.0,148.0,7.400000000000006,1.0,4.0,7.400000000000006,-12.849999999999994,14.53191489361702,0,0.7222222222222222,0.3415000000000001,3.357142857142857,1.3762811127379206,13,19.0,14.500000000000009,6.333333333333333,4.833333333333336
N18000389,TS FOR EVACUATION OF POWER FROM REZ IN RAJASTHAN (20GW) UNDER PH- III PART D [SIKAR KHETRI TRANSMISSI,2025-04-01,2024-02-01,08-2025,2000.0,823.0,50.9,18,14,4,41.15,Transmission_System,0.0,0.0,0,0,3.8999999999999986,140.0,6.999999999999993,1.0,3.8999999999999986,6.999999999999993,-9.75,16.168958742632615,0,0.7777777777777778,0.4115,3.393333333333333,1.2369380315917375,14,18.9,17.049999999999997,6.3,5.683333333333333
N18000389,TS FOR EVACUATION OF POWER FROM REZ IN RAJASTHAN (20GW) UNDER PH-III PART D [SIKAR KHETRI TRANSMISSI,2025-05-01,2024-02-01,08-2025,2000.0,823.0,51.0,18,15,3,41.15,Transmission_System,0.0,0.0,0,0,0.1000000000000014,0.0,0.0,1.0,0.1000000000000014,0.0,-9.85,16.137254901960784,0,0.8333333333333334,0.4115,3.1875,1.2393681652490889,15,8.0,14.4,2.6666666666666665,4.8
N18000389,TS FOR EVACUATION OF POWER FROM REZ IN RAJASTHAN (20GW) UNDER PH-III PART D [SIKAR KHETRI TRANSMISSI,2025-06-01,2024-02-01,08-2025,2000.0,1200.0,58.0,18,16,2,60.0,Transmission_System,0.0,1.0,1,0,7.0,377.0,18.85,1.0,7.0,18.85,2.0,20.689655172413794,0,0.8888888888888888,0.6,3.411764705882353,0.9666666666666668,16,11.0,25.84999999999999,3.6666666666666665,8.616666666666665
N18000390,TS FOR EVACUATION OF POWER FROM 7GW REZ IN KHAVDA AREA UNDER PHASE-IV PART E2,2024-09-01,2024-05-01,05-2026,679.0,0.0,0.0,24,4,20,0.0,Transmission_System,0.0,0.0,0,0,0.0,0.0,0.0,0.0,0.0,0.0,0.0,,0,0.1666666666666666,0.0,0.0,,4,0.0,0.0,0.0,0.0
N18000390,TS FOR EVACUATION OF POWER FROM 7GW REZ IN KHAVDA AREA UNDER PHASE-IV PART E2,2024-11-01,2024-05-01,05-2026,679.0,0.0,0.0,24,6,18,0.0,Transmission_System,0.0,0.0,0,0,0.0,0.0,0.0,2.0,0.0,0.0,0.0,,0,0.25,0.0,0.0,,6,0.0,0.0,0.0,0.0
N18000390,TS FOR EVACUATION OF POWER FROM 7GW REZ IN KHAVDA AREA UNDER PHASE-IV PART E2,2024-12-01,2024-05-01,05-2026,679.0,0.0,3.0,24,7,17,0.0,Transmission_System,0.0,0.0,0,0,3.0,0.0,0.0,1.0,3.0,0.0,-3.0,0.0,0,0.2916666666666667,0.0,0.375,,7,0.0,0.0,1.5,0.0
N18000390,TS FOR EVACUATION OF POWER FROM 7GW REZ IN KHAVDA AREA UNDER PHASE-IV PART E2,2025-01-01,2024-05-01,05-2026,679.0,0.0,4.0,24,8,16,0.0,Transmission_System,0.0,0.0,0,0,1.0,0.0,0.0,1.0,1.0,0.0,-4.0,0.0,0,0.3333333333333333,0.0,0.4444444444444444,,8,4.0,0.0,1.3333333333333333,0.0
N18000390,TS FOR EVACUATION OF POWER FROM 7GW REZ IN KHAVDA AREA UNDER PHASE-IV PART E2,2025-02-01,2024-05-01,05-2026,679.0,0.0,6.0,24,9,15,0.0,Transmission_System,0.0,0.0,0,0,2.0,0.0,0.0,1.0,2.0,0.0,-6.0,0.0,0,0.375,0.0,0.6,,9,6.0,0.0,2.0,0.0
N18000390,TS FOR EVACUATION OF POWER FROM 7GW REZ IN KHAVDA AREA UNDER PHASE-IV PART E2,2025-03-01,2024-05-01,05-2026,679.0,0.0,9.0,24,10,14,0.0,Transmission_System,0.0,0.0,0,0,3.0,0.0,0.0,1.0,3.0,0.0,-9.0,0.0,0,0.4166666666666667,0.0,0.8181818181818182,,10,6.0,0.0,2.0,0.0
N18000390,TS FOR EVACUATION OF POWER FROM 7GW REZ IN KHAVDA AREA UNDER PHASE-IV PART E2,2025-04-01,2024-05-01,05-2026,679.0,0.0,12.0,24,11,13,0.0,Transmission_System,0.0,0.0,0,0,3.0,0.0,0.0,1.0,3.0,0.0,-12.0,0.0,0,0.4583333333333333,0.0,1.0,,11,8.0,0.0,2.6666666666666665,0.0
N18000390,TS FOR EVACUATION OF POWER FROM 7GW REZ IN KHAVDA AREA UNDER PHASE- IV PART E2,2025-05-01,2024-05-01,05-2026,679.0,47.74,15.0,24,12,12,7.030927835051546,Transmission_System,0.0,0.0,0,0,3.0,47.74,7.030927835051546,1.0,3.0,7.030927835051546,-7.969072164948454,3.182666666666667,0,0.5,0.0703092783505154,1.1538461538461535,2.133431085043988,12,9.0,7.030927835051546,3.0,2.343642611683849
N18000390,TS FOR EVACUATION OF POWER FROM 7GW REZ IN KHAVDA AREA UNDER PHASE-IV PART E2,2025-06-01,2024-05-01,05-2026,679.0,67.9,16.8,24,13,11,10.0,Transmission_System,0.0,-3.0,0,0,1.8000000000000007,20.160000000000004,2.9690721649484537,1.0,1.8000000000000007,2.9690721649484537,-6.800000000000001,4.041666666666667,0,0.5416666666666666,0.1,1.2,1.6800000000000002,13,7.800000000000001,10.0,2.6,3.3333333333333335
N18000391,TS FOR EVACUATION POWER FROM RAJASTHAN REZ PH-IV (PART-2:5.5GW) PART-B (JAISALMER/BARMER COMPLEX),2024-11-01,2024-08-01,08-2026,3279.0,0.0,0.0,24,3,21,0.0,Other_Power_Transmission,0.0,0.0,0,0,0.0,0.0,0.0,0.0,0.0,0.0,0.0,,0,0.125,0.0,0.0,,3,0.0,0.0,0.0,0.0
N18000391,TS FOR EVACUATION POWER FROM RAJASTHAN REZ PH-IV (PART-2:5.5GW) PART- B (JAISALMER/BARMER COMPLEX),2024-12-01,2024-08-01,08-2026,3279.0,34.0,2.0,24,4,20,1.036901494358036,Other_Power_Transmission,0.0,0.0,0,0,2.0,34.0,1.036901494358036,1.0,2.0,1.036901494358036,-0.963098505641964,17.0,0,0.1666666666666666,0.0103690149435803,0.4,1.9288235294117648,4,0.0,0.0,2.0,1.036901494358036
N18000391,TS FOR EVACUATION POWER FROM RAJASTHAN REZ PH-IV (PART-2:5.5GW) PART-B (JAISALMER/BARMER COMPLEX),2025-01-01,2024-08-01,08-2026,3279.0,34.0,4.0,24,5,19,1.036901494358036,Other_Power_Transmission,0.0,0.0,0,0,2.0,0.0,0.0,1.0,2.0,0.0,-2.9630985056419643,8.5,0,0.2083333333333333,0.0103690149435803,0.6666666666666666,3.8576470588235297,5,0.0,0.0,2.0,0.518450747179018
N18000391,TS FOR EVACUATION POWER FROM RAJASTHAN REZ PH-IV (PART-2:5.5GW) PART-B (JAISALMER/BARMER COMPLEX),2025-02-01,2024-08-01,08-2026,3279.0,43.0,7.0,24,6,18,1.3113754193351632,Other_Power_Transmission,0.0,0.0,0,0,3.0,9.0,0.2744739249771273,1.0,3.0,0.2744739249771273,-5.688624580664837,6.142857142857143,0,0.25,0.0131137541933516,1.0,5.337906976744186,6,7.0,1.3113754193351632,2.3333333333333335,0.4371251397783877
N18000391,TS FOR EVACUATION POWER FROM RAJASTHAN REZ PH-IV (PART-2:5.5GW) PART-B (JAISALMER/BARMER COMPLEX),2025-03-01,2024-08-01,08-2026,3279.0,61.0,7.0,24,7,17,1.8603232692894176,Other_Power_Transmission,0.0,0.0,0,0,0.0,18.0,0.5489478499542544,1.0,0.0,0.5489478499542544,-5.139676730710582,8.714285714285714,0,0.2916666666666667,0.0186032326928941,0.875,3.7627868852459017,7,5.0,0.8234217749313817,1.6666666666666667,0.2744739249771272
N18000391,TS FOR EVACUATION POWER FROM RAJASTHAN REZ PH-IV (PART-2:5.5GW) PART-B (JAISALMER/BARMER COMPLEX),2025-04-01,2024-08-01,08-2026,3279.0,134.0,10.9,24,8,16,4.086611771881672,Other_Power_Transmission,0.0,0.0,0,0,3.9,73.0,2.2262885025922543,1.0,3.9,2.2262885025922543,-6.813388228118328,12.293577981651376,0,0.3333333333333333,0.0408661177188167,1.2111111111111112,2.667246268656716,8,6.9,3.049710277523636,2.3000000000000003,1.0165700925078789
N18000391,TS FOR EVACUATION POWER FROM RAJASTHAN REZ PH-IV (PART-2:5.5GW) PART-B (JAISALMER/BARMER COMPLEX),2025-05-01,2024-08-01,08-2026,3279.0,293.9,16.4,24,9,15,8.963098505641963,Other_Power_Transmission,0.0,0.0,0,0,5.499999999999998,159.89999999999998,4.876486733760291,1.0,5.499999999999998,4.876486733760291,-7.436901494358036,17.920731707317074,0,0.375,0.0896309850564196,1.64,1.8297243960530791,9,9.4,7.6517230863068,3.133333333333333,2.5505743621022665
N18000391,TS FOR EVACUATION POWER FROM RAJASTHAN REZ PH-IV (PART-2:5.5GW) PART-B (JAISALMER/BARMER COMPLEX),2025-06-01,2024-08-01,08-2026,3279.0,491.85,18.6,24,10,14,15.0,Other_Power_Transmission,0.0,0.0,0,0,2.200000000000003,197.95000000000005,6.0369014943580375,1.0,2.200000000000003,6.0369014943580375,-3.6000000000000014,26.443548387096772,0,0.4166666666666667,0.15,1.6909090909090911,1.24,10,11.6,13.139676730710583,3.866666666666667,4.379892243570194
N18000392,TS FOR EVACUATION POWER RAJASTHAN REZ PH-IV (PART- 2:5.5GW) (JAISALMER/BARMER COMPLEX): PART-C,2024-11-01,2024-08-01,08-2026,2708.0,0.0,0.0,24,3,21,0.0,Other_Power_Transmission,0.0,0.0,0,0,0.0,0.0,0.0,0.0,0.0,0.0,0.0,,0,0.125,0.0,0.0,,3,0.0,0.0,0.0,0.0
N18000392,TS FOR EVACUATION POWER RAJASTHAN REZ PH-IV (PART-2:5.5GW) (JAISALMER/BARMER COMPLEX): PART-C,2024-12-01,2024-08-01,08-2026,2708.0,25.0,5.0,24,4,20,0.9231905465288036,Other_Power_Transmission,0.0,0.0,0,0,5.0,25.0,0.9231905465288036,1.0,5.0,0.9231905465288036,-4.0768094534711965,5.0,0,0.1666666666666666,0.009231905465288,1.0,5.4159999999999995,4,0.0,0.0,5.0,0.9231905465288036
N18000392,TS FOR EVACUATION POWER RAJASTHAN REZ PH-IV (PART-2:5.5GW) (JAISALMER/BARMER COMPLEX): PART- C,2025-01-01,2024-08-01,08-2026,2708.0,27.0,6.0,24,5,19,0.9970457902511078,Other_Power_Transmission,0.0,0.0,0,0,1.0,2.0,0.0738552437223042,1.0,1.0,0.0738552437223042,-5.002954209748892,4.5,0,0.2083333333333333,0.009970457902511,1.0,6.017777777777778,5,0.0,0.0,3.0,0.4985228951255539
N18000392,TS FOR EVACUATION POWER RAJASTHAN REZ PH-IV (PART- 2:5.5GW) (JAISALMER/BARMER COMPLEX): PART-C,2025-02-01,2024-08-01,08-2026,2708.0,27.0,6.0,24,6,18,0.9970457902511078,Other_Power_Transmission,0.0,0.0,0,0,0.0,0.0,0.0,1.0,0.0,0.0,-5.002954209748892,4.5,0,0.25,0.009970457902511,0.8571428571428571,6.017777777777778,6,6.0,0.9970457902511078,2.0,0.3323485967503692
N18000392,TS FOR EVACUATION POWER RAJASTHAN REZ PH-IV (PART- 2:5.5GW) (JAISALMER/BARMER COMPLEX): PART-C,2025-03-01,2024-08-01,08-2026,2708.0,45.0,15.0,24,7,17,1.6617429837518465,Other_Power_Transmission,0.0,0.0,0,0,9.0,18.0,0.6646971935007386,1.0,9.0,0.6646971935007386,-13.338257016248154,3.0,0,0.2916666666666667,0.0166174298375184,1.875,9.026666666666666,7,10.0,0.7385524372230429,3.3333333333333335,0.2461841457410143
N18000392,TS FOR EVACUATION POWER RAJASTHAN REZ PH-IV (PART- 2:5.5GW) (JAISALMER/BARMER COMPLEX): PART-C,2025-04-01,2024-08-01,08-2026,2708.0,75.0,18.7,24,8,16,2.769571639586411,Other_Power_Transmission,0.0,0.0,0,0,3.6999999999999993,30.0,1.1078286558345645,1.0,3.6999999999999993,1.1078286558345645,-15.930428360413588,4.010695187165775,0,0.3333333333333333,0.0276957163958641,2.0777777777777775,6.751946666666665,8,12.7,1.772525849335303,4.233333333333333,0.5908419497784344
N18000392,TS FOR EVACUATION POWER RAJASTHAN REZ PH-IV (PART-2:5.5GW) (JAISALMER/BARMER COMPLEX): PART-C,2025-05-01,2024-08-01,08-2026,2708.0,189.9,21.7,24,9,15,7.012555391432793,Other_Power_Transmission,0.0,0.0,0,0,3.0,114.9,4.242983751846381,1.0,3.0,4.242983751846381,-14.687444608567208,8.751152073732719,0,0.375,0.0701255539143279,2.17,3.0944497103738806,9,15.7,6.015509601181685,5.233333333333333,2.0051698670605616
N18000392,TS FOR EVACUATION POWER RAJASTHAN REZ PH-IV (PART-2:5.5GW) (JAISALMER/BARMER COMPLEX): PART- C,2025-06-01,2024-08-01,08-2026,2708.0,622.84,25.7,24,10,14,23.0,Other_Power_Transmission,0.0,0.0,0,0,4.0,432.94000000000005,15.987444608567207,1.0,4.0,15.987444608567207,-2.6999999999999993,24.23501945525292,0,0.4166666666666667,0.23,2.3363636363636364,1.117391304347826,10,10.7,21.338257016248154,3.5666666666666664,7.1127523387493845
N18000394,TS FOR EVACUATION POWER FROM RAJASTHAN REZ PH-IV (PART-2:5.5GW) (JAISALMER/BARMER COMPLEX) PART-E,2024-11-01,2024-08-01,08-2026,3251.0,0.0,0.0,24,3,21,0.0,Other_Power_Transmission,0.0,0.0,0,0,0.0,0.0,0.0,0.0,0.0,0.0,0.0,,0,0.125,0.0,0.0,,3,0.0,0.0,0.0,0.0
N18000394,TS FOR EVACUATION POWER FROM RAJASTHAN REZ PH-IV (PART-2:5.5GW) (JAISALMER/BARMER COMPLEX) PART-E,2024-12-01,2024-08-01,08-2026,3251.0,39.0,5.0,24,4,20,1.1996308828052906,Other_Power_Transmission,0.0,0.0,0,0,5.0,39.0,1.1996308828052906,1.0,5.0,1.1996308828052906,-3.8003691171947094,7.8,0,0.1666666666666666,0.0119963088280529,1.0,4.167948717948718,4,0.0,0.0,5.0,1.1996308828052906
N18000394,TS FOR EVACUATION POWER FROM RAJASTHAN REZ PH-IV (PART-2:5.5GW) (JAISALMER/BARMER COMPLEX) PART-E,2025-01-01,2024-08-01,08-2026,3251.0,62.0,6.0,24,5,19,1.9071055059981543,Other_Power_Transmission,0.0,0.0,0,0,1.0,23.0,0.7074746231928637,1.0,1.0,0.7074746231928637,-4.092894494001846,10.333333333333334,0,0.2083333333333333,0.0190710550599815,1.0,3.146129032258065,5,0.0,0.0,3.0,0.9535527529990772
N18000394,TS FOR EVACUATION POWER FROM RAJASTHAN REZ PH-IV (PART-2:5.5GW) (JAISALMER/BARMER COMPLEX) PART-E,2025-02-01,2024-08-01,08-2026,3251.0,75.0,7.0,24,6,18,2.3069824669332513,Other_Power_Transmission,0.0,0.0,0,0,1.0,13.0,0.3998769609350969,1.0,1.0,0.3998769609350969,-4.693017533066749,10.714285714285714,0,0.25,0.0230698246693325,1.0,3.034266666666667,6,7.0,2.3069824669332513,2.3333333333333335,0.7689941556444171
N18000394,TS FOR EVACUATION POWER FROM RAJASTHAN REZ PH-IV (PART-2:5.5GW) (JAISALMER/BARMER COMPLEX) PART-E,2025-03-01,2024-08-01,08-2026,3251.0,139.0,9.0,24,7,17,4.275607505382959,Other_Power_Transmission,0.0,0.0,0,0,2.0,64.0,1.968625038449708,1.0,2.0,1.968625038449708,-4.724392494617041,15.444444444444445,0,0.2916666666666667,0.0427560750538295,1.125,2.1049640287769784,7,4.0,3.075976622577669,1.3333333333333333,1.025325540859223
N18000394,TS FOR EVACUATION POWER FROM RAJASTHAN REZ PH-IV (PART-2:5.5GW) (JAISALMER/BARMER COMPLEX) PART-E,2025-04-01,2024-08-01,08-2026,3251.0,241.0,11.6,24,8,16,7.4131036604121805,Other_Power_Transmission,0.0,0.0,0,0,2.5999999999999996,102.0,3.137496155029221,1.0,2.5999999999999996,3.137496155029221,-4.186896339587819,20.77586206896552,0,0.3333333333333333,0.0741310366041218,1.2888888888888888,1.5647966804979254,8,5.6,5.505998154414026,1.8666666666666665,1.8353327181380088
N18000394,TS FOR EVACUATION POWER FROM RAJASTHAN REZ PH-IV (PART-2:5.5GW) (JAISALMER/BARMER COMPLEX) PART-E,2025-05-01,2024-08-01,08-2026,3251.0,426.6,13.4,24,9,15,13.122116271916337,Other_Power_Transmission,0.0,0.0,0,0,1.8000000000000007,185.6,5.709012611504156,1.0,1.8000000000000007,5.709012611504156,-0.2778837280836637,31.83582089552239,0,0.375,0.1312211627191633,1.34,1.0211767463666197,9,6.4,10.815133804983086,2.1333333333333333,3.605044601661028
N18000394,TS FOR EVACUATION POWER FROM RAJASTHAN REZ PH-IV (PART-2:5.5GW) (JAISALMER/BARMER COMPLEX) PART- E,2025-06-01,2024-08-01,08-2026,3251.0,650.2,16.2,24,10,14,20.0,Other_Power_Transmission,0.0,0.0,0,0,2.799999999999999,223.6,6.877883728083663,1.0,2.799999999999999,6.877883728083663,3.8000000000000007,40.13580246913581,0,0.4166666666666667,0.2,1.4727272727272729,0.8099999999999999,10,7.199999999999999,15.72439249461704,2.4,5.241464164872347
N18000395,AUGMENTATION OF 1500MVA 3RD 765/400KV TRANSFORMATION CAPACITY AT KURNOOL NEW SUBSTATION,2024-12-01,2023-05-01,09-2025,164.0,4.0,2.0,28,19,9,2.4390243902439024,Substation_Grid_Equipment,0.0,0.0,0,0,0.0,0.0,0.0,0.0,0.0,0.0,0.4390243902439024,2.0,0,0.6785714285714286,0.024390243902439,0.1,0.8200000000000001,19,0.0,0.0,0.0,0.0
N18000395,AUGMENTATION OF 1500MVA 3RD 765/400KV TRANSFORMATION CAPACITY AT KURNOOL NEW SUBSTATION,2025-01-01,2023-05-01,09-2025,164.0,5.0,9.0,28,20,8,3.048780487804878,Substation_Grid_Equipment,0.0,0.0,0,0,7.0,1.0,0.6097560975609757,1.0,7.0,0.6097560975609757,-5.951219512195122,0.5555555555555556,0,0.7142857142857143,0.0304878048780487,0.4285714285714285,2.952,20,0.0,0.0,7.0,0.6097560975609757
N18000395,AUGMENTATION OF 1500MVA 3RD 765/400KV TRANSFORMATION CAPACITY AT KURNOOL NEW SUBSTATION,2025-02-01,2023-05-01,09-2025,164.0,66.0,12.0,28,21,7,40.2439024390244,Substation_Grid_Equipment,0.0,0.0,0,0,3.0,61.0,37.19512195121953,1.0,3.0,37.19512195121953,28.243902439024403,5.5,0,0.75,0.402439024390244,0.5454545454545454,0.2981818181818181,21,0.0,0.0,5.0,18.90243902439025
N18000395,AUGMENTATION OF 1500MVA 3RD 765/400KV TRANSFORMATION CAPACITY AT KURNOOL NEW SUBSTATION,2025-03-01,2023-05-01,09-2025,164.0,66.0,15.0,28,22,6,40.2439024390244,Substation_Grid_Equipment,0.0,0.0,0,0,3.0,0.0,0.0,1.0,3.0,0.0,25.243902439024403,4.4,0,0.7857142857142857,0.402439024390244,0.6521739130434783,0.3727272727272726,22,13.0,37.8048780487805,4.333333333333333,12.601626016260168
N18000395,AUGMENTATION OF 1500MVA 3RD 765/400KV TRANSFORMATION CAPACITY AT KURNOOL NEW SUBSTATION,2025-04-01,2023-05-01,09-2025,164.0,66.0,15.0,28,23,5,40.2439024390244,Substation_Grid_Equipment,0.0,0.0,0,0,0.0,0.0,0.0,1.0,0.0,0.0,25.243902439024403,4.4,0,0.8214285714285714,0.402439024390244,0.625,0.3727272727272726,23,6.0,37.19512195121953,2.0,12.398373983739845
N18000395,AUGMENTATION OF 1500MVA 3RD 765/400KV TRANSFORMATION CAPACITY AT KURNOOL NEW SUBSTATION,2025-05-01,2023-05-01,09-2025,164.0,60.0,21.0,28,24,4,36.58536585365854,Substation_Grid_Equipment,0.0,0.0,0,0,6.0,-6.0,-3.658536585365866,1.0,6.0,-3.658536585365866,15.585365853658535,2.857142857142857,0,0.8571428571428571,0.3658536585365853,0.84,0.574,24,9.0,-3.658536585365866,3.0,-1.2195121951219552
N18000395,AUGMENTATION OF 1500MVA 3RD 765/400KV TRANSFORMATION CAPACITY AT KURNOOL NEW SUBSTATION,2025-06-01,2023-05-01,09-2025,164.0,60.0,33.0,28,25,3,36.58536585365854,Substation_Grid_Equipment,0.0,0.0,0,0,12.0,0.0,0.0,1.0,12.0,0.0,3.585365853658537,1.818181818181818,0,0.8928571428571429,0.3658536585365853,1.2692307692307692,0.902,25,18.0,-3.658536585365866,6.0,-1.2195121951219552
N18000396,ADDITIONAL TRANSMISSION SYSTEM FOR EVACUATION OF POWER FROM BHADLA-III PS AS PART OF RAJASTHAN REZ P,2025-02-01,2024-08-01,02-2026,369.0,0.0,1.0,18,6,12,0.0,Transmission_System,0.0,0.0,0,0,0.0,0.0,0.0,0.0,0.0,0.0,-1.0,0.0,0,0.3333333333333333,0.0,0.1428571428571428,,6,0.0,0.0,0.0,0.0
N18000396,ADDITIONAL TRANSMISSION SYSTEM FOR EVACUATION OF POWER FROM BHADLA-III PS AS PART OF RAJASTHAN REZ P,2025-03-01,2024-08-01,02-2026,369.0,0.0,1.0,18,7,11,0.0,Transmission_System,0.0,0.0,0,0,0.0,0.0,0.0,1.0,0.0,0.0,-1.0,0.0,0,0.3888888888888889,0.0,0.125,,7,0.0,0.0,0.0,0.0
N18000396,ADDITIONAL TRANSMISSION SYSTEM FOR EVACUATION OF POWER FROM BHADLA-III PS AS PART OF RAJASTHAN REZ P,2025-04-01,2024-08-01,02-2026,369.0,0.0,1.0,18,8,10,0.0,Transmission_System,0.0,0.0,0,0,0.0,0.0,0.0,1.0,0.0,0.0,-1.0,0.0,0,0.4444444444444444,0.0,0.1111111111111111,,8,0.0,0.0,0.0,0.0
N18000396,ADDITIONAL TRANSMISSION SYSTEM FOR EVACUATION OF POWER FROM BHADLA-III PS AS PART OF RAJASTHAN REZ P,2025-05-01,2024-08-01,02-2026,369.0,0.0,1.0,18,9,9,0.0,Transmission_System,0.0,0.0,0,0,0.0,0.0,0.0,1.0,0.0,0.0,-1.0,0.0,0,0.5,0.0,0.1,,9,0.0,0.0,0.0,0.0
N18000396,ADDITIONAL TRANSMISSION SYSTEM FOR EVACUATION OF POWER FROM BHADLA-III PS AS PART OF RAJASTHAN REZ P,2025-06-01,2024-08-01,02-2026,369.0,10.3,3.8,18,10,8,2.791327913279133,Transmission_System,0.0,0.0,0,0,2.8,10.3,2.791327913279133,1.0,2.8,2.791327913279133,-1.0086720867208667,2.710526315789474,0,0.5555555555555556,0.0279132791327913,0.3454545454545454,1.3613592233009706,10,2.8,2.791327913279133,0.9333333333333332,0.930442637759711
N18000397,TRANSMISSION SYSTEM STRENGTHENING FOR INTERCONNECTIONS OF BHADLA-III AND BIKANER III COMPLEX [SPV NA,2025-02-01,2024-08-01,08-2026,1382.0,0.0,1.0,24,6,18,0.0,Transmission_System,0.0,0.0,0,0,0.0,0.0,0.0,0.0,0.0,0.0,-1.0,0.0,0,0.25,0.0,0.1428571428571428,,6,0.0,0.0,0.0,0.0
N18000397,TRANSMISSION SYSTEM STRENGTHENING FOR INTERCONNECTIONS OF BHADLA- III AND BIKANER III COMPLEX [SPV NA,2025-03-01,2024-08-01,08-2026,1382.0,0.0,1.0,24,7,17,0.0,Transmission_System,0.0,0.0,0,0,0.0,0.0,0.0,1.0,0.0,0.0,-1.0,0.0,0,0.2916666666666667,0.0,0.125,,7,0.0,0.0,0.0,0.0
N18000397,TRANSMISSION SYSTEM STRENGTHENING FOR INTERCONNECTIONS OF BHADLA-III AND BIKANER III COMPLEX [SPV NA,2025-04-01,2024-08-01,08-2026,1382.0,0.0,1.0,24,8,16,0.0,Transmission_System,0.0,0.0,0,0,0.0,0.0,0.0,1.0,0.0,0.0,-1.0,0.0,0,0.3333333333333333,0.0,0.1111111111111111,,8,0.0,0.0,0.0,0.0
N18000397,TRANSMISSION SYSTEM STRENGTHENING FOR INTERCONNECTIONS OF BHADLA-III AND BIKANER III COMPLEX [SPV NA,2025-05-01,2024-08-01,08-2026,1382.0,0.0,1.0,24,9,15,0.0,Transmission_System,0.0,0.0,0,0,0.0,0.0,0.0,1.0,0.0,0.0,-1.0,0.0,0,0.375,0.0,0.1,,9,0.0,0.0,0.0,0.0
N18000397,TRANSMISSION SYSTEM STRENGTHENING FOR INTERCONNECTIONS OF BHADLA-III AND BIKANER III COMPLEX [SPV NA,2025-06-01,2024-08-01,08-2026,1382.0,27.6,1.0,24,10,14,1.9971056439942112,Transmission_System,0.0,0.0,0,0,0.0,27.6,1.9971056439942112,1.0,0.0,1.9971056439942112,0.9971056439942112,27.6,0,0.4166666666666667,0.0199710564399421,0.0909090909090909,0.5007246376811595,10,0.0,1.9971056439942112,0.0,0.6657018813314037
N18000399,TRANSMISSION SYSTEM FOR EVACUATION OF POWER FROM RAJASTHAN REZ PH-IV [PART-2 5.5GW] [JAISALMER/BARME,2025-01-01,2024-10-01,10-2026,3674.0,54.0,1.0,24,3,21,1.4697876973326074,Transmission_System,0.0,0.0,0,0,0.0,0.0,0.0,0.0,0.0,0.0,0.4697876973326074,54.0,0,0.125,0.014697876973326,0.25,0.6803703703703704,3,0.0,0.0,0.0,0.0
N18000399,TRANSMISSION SYSTEM FOR EVACUATION OF POWER FROM RAJASTHAN REZ PH-IV [PART-2 5.5GW] [JAISALMER/BARME,2025-02-01,2024-10-01,10-2026,3674.0,74.0,1.0,24,4,20,2.014153511159499,Transmission_System,0.0,0.0,0,0,0.0,20.0,0.5443658138268916,1.0,0.0,0.5443658138268916,1.014153511159499,74.0,0,0.1666666666666666,0.0201415351115949,0.2,0.4964864864864865,4,0.0,0.0,0.0,0.5443658138268916
N18000399,TRANSMISSION SYSTEM FOR EVACUATION OF POWER FROM RAJASTHAN REZ PH-IV [PART-2 5.5GW] [JAISALMER/BARME,2025-03-01,2024-10-01,10-2026,3674.0,74.0,1.0,24,5,19,2.014153511159499,Transmission_System,0.0,0.0,0,0,0.0,0.0,0.0,1.0,0.0,0.0,1.014153511159499,74.0,0,0.2083333333333333,0.0201415351115949,0.1666666666666666,0.4964864864864865,5,0.0,0.0,0.0,0.2721829069134458
N18000399,TRANSMISSION SYSTEM FOR EVACUATION OF POWER FROM RAJASTHAN REZ PH-IV [PART-2 5.5GW] [JAISALMER/BARME,2025-04-01,2024-10-01,10-2026,3674.0,81.0,7.0,24,6,18,2.2046815459989113,Transmission_System,0.0,0.0,0,0,6.0,7.0,0.1905280348394122,1.0,6.0,0.1905280348394122,-4.795318454001089,11.571428571428571,0,0.25,0.0220468154599891,1.0,3.1750617283950615,6,6.0,0.7348938486663039,2.0,0.2449646162221013
N18000399,TRANSMISSION SYSTEM FOR EVACUATION OF POWER FROM RAJASTHAN REZ PH-IV [PART-2 5.5GW] [JAISALMER/BARME,2025-05-01,2024-10-01,10-2026,3674.0,234.57,10.3,24,7,17,6.384594447468698,Transmission_System,0.0,0.0,0,0,3.3000000000000007,153.57,4.179912901469788,1.0,3.3000000000000007,4.179912901469788,-3.9154055525313023,22.773786407766988,0,0.2916666666666667,0.0638459444746869,1.2875,1.6132583024257154,7,9.3,4.370440936309199,3.1,1.4568136454363998
N18000399,TRANSMISSION SYSTEM FOR EVACUATION OF POWER FROM RAJASTHAN REZ PH-IV [PART-2 5.5GW] [JAISALMER/BARME,2025-06-01,2024-10-01,10-2026,3674.0,345.36,12.7,24,8,16,9.400108873162766,Transmission_System,0.0,0.0,0,0,2.3999999999999986,110.79000000000002,3.015514425694068,1.0,2.3999999999999986,3.015514425694068,-3.299891126837233,27.19370078740158,0,0.3333333333333333,0.0940010887316276,1.411111111111111,1.3510481816075977,8,11.7,7.385955362003267,3.9,2.4619851206677557
N18000400,TRANSMISSION SYSTEM FOR EVACUATION OF POWER FROM POTENTIAL RENEWABLE ENERGY ZONE IN KHAVDA AREA OF G,2025-01-01,2024-10-01,10-2026,4766.0,65.0,1.0,24,3,21,1.3638271086865297,Transmission_System,0.0,0.0,0,0,0.0,0.0,0.0,0.0,0.0,0.0,0.3638271086865297,65.0,0,0.125,0.0136382710868652,0.25,0.7332307692307691,3,0.0,0.0,0.0,0.0
N18000400,TRANSMISSION SYSTEM FOR EVACUATION OF POWER FROM POTENTIAL RENEWABLE ENERGY ZONE IN KHAVDA AREA OF G,2025-02-01,2024-10-01,10-2026,4766.0,65.0,1.0,24,4,20,1.3638271086865297,Transmission_System,0.0,0.0,0,0,0.0,0.0,0.0,1.0,0.0,0.0,0.3638271086865297,65.0,0,0.1666666666666666,0.0136382710868652,0.2,0.7332307692307691,4,0.0,0.0,0.0,0.0
N18000400,TRANSMISSION SYSTEM FOR EVACUATION OF POWER FROM POTENTIAL RENEWABLE ENERGY ZONE IN KHAVDA AREA OF G,2025-03-01,2024-10-01,10-2026,4766.0,110.0,1.0,24,5,19,2.308015107007973,Transmission_System,0.0,0.0,0,0,0.0,45.0,0.9441879983214432,1.0,0.0,0.9441879983214432,1.3080151070079729,110.0,0,0.2083333333333333,0.0230801510700797,0.1666666666666666,0.4332727272727273,5,0.0,0.0,0.0,0.4720939991607216
N18000400,TRANSMISSION SYSTEM FOR EVACUATION OF POWER FROM POTENTIAL RENEWABLE ENERGY ZONE IN KHAVDA AREA OF G,2025-04-01,2024-10-01,10-2026,4766.0,155.0,2.5,24,6,18,3.252203105329417,Transmission_System,0.0,0.0,0,0,1.5,45.0,0.944187998321444,1.0,1.5,0.944187998321444,0.7522031053294169,62.0,0,0.25,0.0325220310532941,0.3571428571428571,0.7687096774193548,6,1.5,1.8883759966428872,0.5,0.6294586655476291
N18000400,TRANSMISSION SYSTEM FOR EVACUATION OF POWER FROM POTENTIAL RENEWABLE ENERGY ZONE IN KHAVDA AREA OF G,2025-05-01,2024-10-01,10-2026,4766.0,280.03,4.2,24,7,17,5.875577003776752,Transmission_System,0.0,0.0,0,0,1.7000000000000002,125.02999999999996,2.623373898447335,1.0,1.7000000000000002,2.623373898447335,1.675577003776752,66.67380952380951,0,0.2916666666666667,0.0587557700377675,0.525,0.7148234117773096,7,3.2,4.511749895090222,1.0666666666666669,1.5039166316967407
N18000400,TRANSMISSION SYSTEM FOR EVACUATION OF POWER FROM POTENTIAL RENEWABLE ENERGY ZONE IN KHAVDA AREA OF G,2025-06-01,2024-10-01,10-2026,4766.0,333.62,5.1,24,8,16,7.000000000000001,Transmission_System,0.0,0.0,0,0,0.8999999999999995,53.59000000000003,1.1244229962232488,1.0,0.8999999999999995,1.1244229962232488,1.9000000000000012,65.41568627450981,0,0.3333333333333333,0.07,0.5666666666666667,0.7285714285714284,8,4.1,4.6919848929920285,1.3666666666666665,1.563994964330676
N18000401,TRANSMISSION SYSTEM FOR EVACUATION OF POWER FROM RAJASTHAN REZ PH -IV [PART-2 5.5 GW] [JAISALMER/BAR,2025-05-01,2024-11-01,11-2026,2735.0,0.0,0.7,24,6,18,0.0,Transmission_System,0.0,0.0,0,0,0.0,0.0,0.0,0.0,0.0,0.0,-0.7,0.0,0,0.25,0.0,0.0999999999999999,,6,0.0,0.0,0.0,0.0
N18000401,TRANSMISSION SYSTEM FOR EVACUATION OF POWER FROM RAJASTHAN REZ PH -IV [PART-2 5.5 GW] [JAISALMER/BAR,2025-06-01,2024-11-01,11-2026,2735.0,27.35,3.8,24,7,17,1.0,Transmission_System,0.0,0.0,0,0,3.0999999999999996,27.35,1.0,1.0,3.0999999999999996,1.0,-2.8,7.197368421052632,0,0.2916666666666667,0.01,0.475,3.8,7,0.0,0.0,3.0999999999999996,1.0
N18000402,PROVISION OF DYNAMIC REACTIVE COMPENSATION AT KHAVDA POOLING STATION 1 [KPS1] AND KHAVDA POOLING STA,2025-02-01,2024-11-01,11-2026,501.0,0.0,6.0,24,3,21,0.0,Substation_Grid_Equipment,0.0,-6.0,0,0,0.0,0.0,0.0,0.0,0.0,0.0,-6.0,0.0,0,0.125,0.0,1.5,,3,0.0,0.0,0.0,0.0
N18000402,PROVISION OF DYNAMIC REACTIVE COMPENSATION AT KHAVDA POOLING STATION 1 [KPS1] AND KHAVDA POOLING STA,2025-03-01,2024-11-01,11-2026,501.0,0.0,1.0,24,4,20,0.0,Substation_Grid_Equipment,0.0,0.0,0,0,-5.0,0.0,0.0,1.0,-5.0,0.0,-1.0,0.0,0,0.1666666666666666,0.0,0.2,,4,0.0,0.0,-5.0,0.0
N18000402,PROVISION OF DYNAMIC REACTIVE COMPENSATION AT KHAVDA POOLING STATION 1 [KPS1] AND KHAVDA POOLING STA,2025-04-01,2024-11-01,11-2026,501.0,0.0,1.0,24,5,19,0.0,Substation_Grid_Equipment,0.0,0.0,0,0,0.0,0.0,0.0,1.0,0.0,0.0,-1.0,0.0,0,0.2083333333333333,0.0,0.1666666666666666,,5,0.0,0.0,-2.5,0.0
N18000402,PROVISION OF DYNAMIC REACTIVE COMPENSATION AT KHAVDA POOLING STATION 1 [KPS1] AND KHAVDA POOLING STA,2025-05-01,2024-11-01,11-2026,501.0,0.0,1.0,24,6,18,0.0,Substation_Grid_Equipment,0.0,0.0,0,0,0.0,0.0,0.0,1.0,0.0,0.0,-1.0,0.0,0,0.25,0.0,0.1428571428571428,,6,-5.0,0.0,-1.6666666666666667,0.0
N18000402,PROVISION OF DYNAMIC REACTIVE COMPENSATION AT KHAVDA POOLING STATION 1 [KPS1] AND KHAVDA POOLING STA,2025-06-01,2024-11-01,11-2026,501.0,5.01,1.0,24,7,17,1.0,Substation_Grid_Equipment,0.0,0.0,0,0,0.0,5.01,1.0,1.0,0.0,1.0,0.0,5.01,0,0.2916666666666667,0.01,0.125,1.0,7,0.0,1.0,0.0,0.3333333333333333
N18000404,TRANSMISSION SYSTEM FOR EVACUATION OF POWER FROM RAJASTHAN REZ PH-IV [PART-3 (6 GW)] [BIKANER COMPLE,2025-05-01,2024-11-01,11-2026,5357.0,67.82,3.7,24,6,18,1.266007093522494,Transmission_System,0.0,0.0,0,0,0.0,0.0,0.0,0.0,0.0,0.0,-2.4339929064775063,18.329729729729728,0,0.25,0.0126600709352249,0.5285714285714286,2.922574461810675,6,0.0,0.0,0.0,0.0
N18000404,TRANSMISSION SYSTEM FOR EVACUATION OF POWER FROM RAJASTHAN REZ PH-IV [PART-3 (6 GW)] [BIKANER COMPLE,2025-06-01,2024-11-01,11-2026,5357.0,107.14,3.8,24,7,17,2.0,Transmission_System,0.0,0.0,0,0,0.0999999999999996,39.32000000000001,0.7339929064775059,1.0,0.0999999999999996,0.7339929064775059,-1.7999999999999998,28.194736842105264,0,0.2916666666666667,0.02,0.475,1.9,7,0.0,0.0,0.0999999999999996,0.7339929064775059
N18000407,TRANSMISSION SYSTEM FOR EVACUATION OF POWER FROM RAJASTHAN REZ PH-IV (PART-4: 3.5 GW): PART A,2025-06-01,2024-12-01,12-2026,5846.0,198.76,2.1,24,6,18,3.399931577146767,Transmission_System,0.0,0.0,0,0,0.0,0.0,0.0,0.0,0.0,0.0,1.2999315771467668,94.64761904761905,0,0.25,0.0339993157714676,0.3,0.6176594888307507,6,0.0,0.0,0.0,0.0
N18000408,TRANSMISSION SYSTEM UNDER ISTS FOR EVACUATION OF POWER FROM KUDANKULAM UNIT - 3 AND 4 (2X1000 MW),2025-06-01,2025-01-01,07-2028,548.0,9.32,2.5,42,5,37,1.700729927007299,Transmission_System,0.0,0.0,0,0,0.0,0.0,0.0,0.0,0.0,0.0,-0.7992700729927009,3.728,0,0.119047619047619,0.0170072992700729,0.4166666666666667,1.4699570815450644,5,0.0,0.0,0.0,0.0
